timestamp_ns,imu_ang_vel_x,imu_ang_vel_y,imu_ang_vel_z,imu_lin_acc_x,imu_lin_acc_y,imu_lin_acc_z,gps_lat,gps_lon,gps_alt,gps_vel_x,gps_vel_y,gps_vel_z
1772180345038439000,-0.0003577917523216456,5.34841965418309e-05,2.6714358682511374e-05,-0.07387889921665192,-0.007006864529103041,-9.856725692749023,47.64146799957688,-122.14016500049779,122.24617767333984,0.0,-0.0,0.0
1772180345049258000,-0.0010907516116276383,0.0006299121887423098,-0.00039433923666365445,0.020124729722738266,0.03896608203649521,-9.808176040649414,47.64146799957688,-122.14016500049779,122.24617767333984,0.0,-0.0,0.0
1772180345082425000,0.0004841779882553965,0.000797904678620398,0.0008201415184885263,-0.004707006271928549,-0.005102857947349548,-9.787043571472168,47.64146799957688,-122.14016500049779,122.24617767333984,0.0,-0.0,0.0
1772180345105820000,0.00032039263169281185,-0.0005337038310244679,-0.0003732057230081409,-0.0011686263605952263,-0.02169574238359928,-9.81745719909668,47.64146799957688,-122.14016500049779,122.24617767333984,0.0,-0.0,0.0
1772180345125177000,0.00035478518111631274,-8.373114542337134e-05,0.00030310102738440037,-0.00124002480879426,-0.011806461028754711,-9.800308227539062,47.64146799957688,-122.14016500049779,122.24617767333984,0.0,-0.0,0.0
1772180345144191000,0.0005528339534066617,0.0012034567771479487,-0.0007910524145700037,0.016615621745586395,0.03502579405903816,-9.812214851379395,47.64146799957688,-122.14016500049779,122.24617767333984,0.0,-0.0,0.0
1772180345156355000,0.0006221358780749142,-0.0010749027132987976,-0.0005567842745222151,-0.0011762336362153292,-0.025329625234007835,-9.774295806884766,47.64146799957688,-122.14016500049779,122.24617767333984,0.0,-0.0,0.0
1772180345184162000,1.7313126591034234e-05,0.0007891712011769414,0.0007116937777027488,0.013251828029751778,0.01930207386612892,-9.792681694030762,47.64146799957688,-122.14016500049779,122.24617767333984,0.0,-0.0,0.0
1772180345207482000,0.0007452977588400245,-0.00018921114678960294,-0.00023058491933625191,0.01599665731191635,-0.02924833819270134,-9.776180267333984,47.64146799957688,-122.14016500049779,122.24617767333984,0.0,-0.0,0.0
1772180345219360000,0.00019057962344959378,-0.0007822185871191323,0.0006850782665424049,0.028588827699422836,-0.005971296690404415,-9.835746765136719,47.64146799957688,-122.14016500049779,122.24617767333984,0.0,-0.0,0.0
1772180345243735000,0.00017034716438502073,0.00038264947943389416,-0.0008560806745663285,-0.013260537758469582,-0.015852991491556168,-9.78172492980957,47.64146799957688,-122.14016500049779,122.24617767333984,0.0,-0.0,0.0
1772180345266233000,0.0002269519172841683,0.0013650415930896997,0.0014840862713754177,-0.04215582087635994,-0.004541107919067144,-9.81912899017334,47.64146799957688,-122.14016500049779,122.24617767333984,0.0,-0.0,0.0
1772180345279053000,-0.0003615697205532342,7.766500493744388e-05,1.2545713616418652e-05,-0.027970217168331146,0.039983004331588745,-9.789602279663086,47.64146799957688,-122.14016500049779,122.24617767333984,0.0,-0.0,0.0
1772180345305073000,-0.001170592149719596,9.806234447751194e-05,-0.0010934066958725452,-0.02376502752304077,-0.005604688543826342,-9.80249309539795,47.64146799957688,-122.14016500049779,122.24617767333984,0.0,-0.0,0.0
1772180345317642000,-0.0007996773929335177,-0.0005675058346241713,-0.0003941040486097336,0.042447783052921295,-0.00027514761313796043,-9.783307075500488,47.64146799957688,-122.14016500049779,122.24617767333984,0.0,-0.0,0.0
1772180345345228000,-0.0005347618134692311,0.000945504754781723,0.0010600556852295995,0.005246862303465605,0.01960151270031929,-9.771312713623047,47.64146799957688,-122.14016500049779,122.24617767333984,0.0,-0.0,0.0
1772180345364442000,-0.00033178942976519465,-0.0002991928195115179,9.494133701082319e-05,-0.007962705567479134,-0.00975505169481039,-9.825007438659668,47.64146799957688,-122.14016500049779,122.24617767333984,0.0,-0.0,0.0
1772180345376641000,-7.04054327798076e-05,0.00021270649449434131,-0.0001581286487635225,0.044994160532951355,-0.029199635609984398,-9.812381744384766,47.64146799957688,-122.14016500049779,122.24617767333984,0.0,-0.0,0.0
1772180345402024000,-0.0007389942184090614,-0.0014481318648904562,-7.046983955660835e-05,-0.045858852565288544,-0.007756157778203487,-9.812944412231445,47.64146799957688,-122.14016500049779,122.24617767333984,0.0,-0.0,0.0
1772180345414823000,0.0006131123518571258,0.0005953190266154706,-0.0013303016312420368,-0.008518734946846962,-0.007234289776533842,-9.824682235717773,47.64146799957688,-122.14016500049779,122.24617767333984,0.0,-0.0,0.0
1772180345440480000,-0.00014486756117548794,-0.0012538498267531395,0.00015754652849864215,-0.014424784108996391,0.007180976681411266,-9.793693542480469,47.64146799957688,-122.14016500049779,122.24617767333984,0.0,-0.0,0.0
1772180345464245000,-0.0012664437526836991,1.583821722306311e-05,-0.0013531406875699759,0.04087964817881584,0.009551692754030228,-9.804961204528809,47.64146799957688,-122.14016500049779,122.24617767333984,0.0,-0.0,0.0
1772180345487908000,0.0009692223975434899,0.00016444759967271239,-0.0008613517857156694,-0.016157343983650208,-0.01649353839457035,-9.829568862915039,47.64146799957688,-122.14016500049779,122.24617767333984,0.0,-0.0,0.0
1772180345500004000,-9.517349826637655e-05,-0.0005141377332620323,0.0004802591574843973,-0.07586056739091873,0.00202360050752759,-9.793771743774414,47.64146799957688,-122.14016500049779,122.24617767333984,0.0,-0.0,0.0
1772180345524478000,-0.0004243649891577661,0.0012479807483032346,0.0012983732158318162,0.015189556404948235,0.0305325984954834,-9.817270278930664,47.64146799957688,-122.14016500049779,122.24617767333984,0.0,-0.0,0.0
1772180345547331000,0.0007876513991504908,0.00034805439645424485,-0.0005319216870702803,0.01944630593061447,0.029468202963471413,-9.840174674987793,47.64146799957688,-122.14016500049779,122.24617767333984,0.0,-0.0,0.0
1772180345564324000,0.0012230674037709832,0.0008440488600172102,0.0009477025596424937,-0.000908944639377296,-0.028422554954886436,-9.814223289489746,47.64146799957688,-122.14016500049779,122.24617767333984,0.0,-0.0,0.0
1772180345585160000,0.00024037597177084535,2.8552483854582533e-05,0.0004734596877824515,-0.013986106961965561,0.025014305487275124,-9.824677467346191,47.64146799957688,-122.14016500049779,122.24617767333984,0.0,-0.0,0.0
1772180345608504000,-0.0004354229604359716,0.0007016271119937301,-0.0007747628842480481,0.013532504439353943,-0.008788198232650757,-9.796463966369629,47.64146799957688,-122.14016500049779,122.24617767333984,0.0,-0.0,0.0
1772180345620573000,-0.0004357650759629905,0.00027980993036180735,0.0010560865048319101,0.008577542379498482,0.01967695914208889,-9.800454139709473,47.64146799957688,-122.14016500049779,122.24617767333984,0.0,-0.0,0.0
1772180345642500000,9.141970076598227e-05,0.00012205779057694599,0.0009442396694794297,0.009719990193843842,-0.019716251641511917,-9.803915977478027,47.64146799957688,-122.14016500049779,122.24617767333984,0.0,-0.0,0.0
1772180345653526000,0.0004279568966012448,-0.0006224390817806125,0.0005517792887985706,-0.03574712201952934,-0.029685094952583313,-9.758790016174316,47.64146799957688,-122.14016500049779,122.24617767333984,0.0,-0.0,0.0
1772180345682010000,-0.0008590122452005744,-0.0014282321790233254,-5.276910087559372e-05,0.02181243896484375,0.024950044229626656,-9.814593315124512,47.64146799957688,-122.14016500049779,122.24617767333984,0.0,-0.0,0.0
1772180345710727000,-0.0003564937214832753,-0.0016526133986189961,0.0007034011650830507,0.011422473937273026,-0.01600566692650318,-9.831926345825195,47.64146799957688,-122.14016500049779,122.24617767333984,0.0,-0.0,0.0
1772180345723994000,-6.766482692910358e-05,-0.0005239603342488408,-0.0011115228990092874,0.019793545827269554,-0.03400721400976181,-9.788643836975098,47.64146799957688,-122.14016500049779,122.24617767333984,0.0,-0.0,0.0
1772180345742093000,-0.00031785460305400193,-0.0005296439630910754,0.0003141317283734679,0.0254068486392498,-0.0059229182079434395,-9.78287124633789,47.64146799957688,-122.14016500049779,122.24617767333984,0.0,-0.0,0.0
1772180345763371000,0.0008448919979855418,-0.0013975069159641862,-0.0001438747567590326,-0.011989297345280647,-0.01882563717663288,-9.839941024780273,47.64146799957688,-122.14016500049779,122.24617767333984,0.0,-0.0,0.0
1772180345787402000,-0.0001284709433093667,0.0014876141212880611,-0.0005241091712377965,0.0139506496489048,-0.03202138468623161,-9.832263946533203,47.64146799957688,-122.14016500049779,122.24617767333984,0.0,-0.0,0.0
1772180345811287000,0.0002027211303357035,-0.00012722995597869158,-0.0003825585881713778,-0.044185422360897064,0.0057824039831757545,-9.851823806762695,47.64146799957688,-122.14016500049779,122.24617767333984,0.0,-0.0,0.0
1772180345823654000,0.0007158662774600089,0.0001534258044557646,0.0004336124984547496,-0.028951365500688553,0.03172755613923073,-9.801477432250977,47.64146799957688,-122.14016500049779,122.24617767333984,0.0,-0.0,0.0
1772180345847844000,0.00022701561101712286,-0.0008228872902691364,0.000249056814936921,-0.0002396296476945281,-0.018926577642560005,-9.826325416564941,47.64146799957688,-122.14016500049779,122.24617767333984,0.0,-0.0,0.0
1772180345859710000,-0.00038760018651373684,0.0017345318337902427,-0.0011349301785230637,0.006136178504675627,-0.014690175652503967,-9.826366424560547,47.64146799957688,-122.14016500049779,122.24617767333984,0.0,-0.0,0.0
1772180345888826000,7.454871229128912e-05,-0.00020059262169525027,-6.979575118748471e-05,0.0411321260035038,-0.016729341819882393,-9.812932014465332,47.64146799957688,-122.14016500049779,122.24617767333984,0.0,-0.0,0.0
1772180345909184000,-0.0006560053443536162,0.00013847314403392375,-0.0008438959484919906,-0.010340822860598564,-0.03942834958434105,-9.817252159118652,47.64146799957688,-122.14016500049779,122.24617767333984,0.0,-0.0,0.0
1772180345931910000,0.0008799211937002838,0.0014279927127063274,0.001106648938730359,0.02707313746213913,-0.0026755183935165405,-9.790301322937012,47.64146799957688,-122.14016500049779,122.24617767333984,0.0,-0.0,0.0
1772180345950730000,0.0003264932020101696,-7.535601071140263e-06,0.0006733445334248245,-0.011229639872908592,0.00634826859459281,-9.850955963134766,47.64146799957688,-122.14016500049779,122.24617767333984,0.0,-0.0,0.0
1772180345966924000,3.4386550396448e-05,-0.0006651583244092762,-0.0005372868617996573,-0.004769341554492712,-0.0038128828164190054,-9.815903663635254,47.64146799957688,-122.14016500049779,122.24617767333984,0.0,-0.0,0.0
1772180345978268000,0.0005165291368030012,0.0009136535809375346,-0.0002683063212316483,-0.00672091543674469,-0.01760484091937542,-9.79916000366211,47.64146799957688,-122.14016500049779,122.24617767333984,0.0,-0.0,0.0
1772180346001752000,0.00217621261253953,-0.0013729084748774767,0.0007334758411161602,-0.00029914590413682163,0.00034543772926554084,-9.843727111816406,47.64146799957688,-122.14016500049779,122.24617767333984,0.0,-0.0,0.0
1772180346025637000,-0.00018871192878577858,-0.00026420020731166005,-0.0007883512880653143,0.012148132547736168,-0.014430470764636993,-9.829593658447266,47.64146799957688,-122.14016500049779,122.24617767333984,0.0,-0.0,0.0
1772180346048436000,-0.0001941774389706552,-0.00024468248011544347,0.000832551799248904,0.015265677124261856,0.005416774190962315,-9.80136489868164,47.64146799957688,-122.14016500049779,122.24617767333984,0.0,-0.0,0.0
1772180346071463000,-0.0012476135743781924,0.00013934637536294758,-0.0012378098908811808,-0.005840210244059563,-0.007432510610669851,-9.84546184539795,47.64146799957688,-122.14016500049779,122.24617767333984,0.0,-0.0,0.0
1772180346083402000,0.0009907654020935297,-0.0001954777108039707,-0.0006288018194027245,0.03488858416676521,0.004320001695305109,-9.787725448608398,47.64146799957688,-122.14016500049779,122.24617767333984,0.0,-0.0,0.0
1772180346107135000,0.0008090708288364112,0.0007053827284835279,0.0016604976262897253,0.02639099396765232,-0.07037170231342316,-9.806796073913574,47.64146799957688,-122.14016500049779,122.24617767333984,0.0,-0.0,0.0
1772180346130868000,-0.00010811589891090989,-0.001097543048672378,-0.00022150531003717333,0.03448827192187309,-0.013588766567409039,-9.818161010742188,47.64146799957688,-122.14016500049779,122.24617767333984,0.0,-0.0,0.0
1772180346142858000,-0.0007669355836696923,-0.0010794742265716195,-0.0008103684522211552,-0.04688064008951187,-0.024069147184491158,-9.813563346862793,47.64146799957688,-122.14016500049779,122.24617767333984,0.0,-0.0,0.0
1772180346165114000,0.00017612992087379098,-0.00136000313796103,-0.00040385895408689976,0.013078462332487106,0.030350379645824432,-9.825299263000488,47.64146799957688,-122.14016500049779,122.24617767333984,0.0,-0.0,0.0
1772180346188745000,0.00037741963751614094,-0.0031533504370599985,0.00036295095924288034,-0.013400278985500336,-0.030060110613703728,-9.808842658996582,47.64146799957688,-122.14016500049779,122.24617767333984,0.0,-0.0,0.0
1772180346213207000,0.0008486263104714453,0.0016440243925899267,-0.0004993974580429494,-0.001152460346929729,0.012247019447386265,-9.82199478149414,47.64146799957688,-122.14016500049779,122.24617767333984,0.0,-0.0,0.0
1772180346225491000,-1.2949498341185972e-05,0.00035740435123443604,-0.001961003290489316,0.028968287631869316,0.012630616314709187,-9.813735008239746,47.64146799957688,-122.14016500049779,122.24617767333984,0.0,-0.0,0.0
1772180346251829000,-0.00029509610612876713,7.692165672779083e-05,-0.00010088051203638315,-0.004348190035670996,0.001062197145074606,-9.808956146240234,47.64146799957688,-122.14016500049779,122.24617767333984,0.0,-0.0,0.0
1772180346265477000,0.0004965091939084232,-0.00025608125724829733,-0.0010628383606672287,0.02146073803305626,-0.005128639284521341,-9.818814277648926,47.64146799957688,-122.14016500049779,122.24617767333984,0.0,-0.0,0.0
1772180346293466000,-1.4031456885277294e-05,-0.0013256907695904374,0.0014532413333654404,-0.0012435881653800607,-0.013223099522292614,-9.802846908569336,47.64146799957688,-122.14016500049779,122.24617767333984,0.0,-0.0,0.0
1772180346311985000,-9.717441571410745e-05,-0.0010119379730895162,0.0003855701070278883,0.0037874109111726284,0.017306730151176453,-9.819578170776367,47.64146799957688,-122.14016500049779,122.24617767333984,0.0,-0.0,0.0
1772180346320049000,-0.0008595043327659369,-0.0008041816181503236,-0.00016042575589381158,-0.03846604377031326,-0.026600560173392296,-9.795660018920898,47.64146799957688,-122.14016500049779,122.24617767333984,0.0,-0.0,0.0
1772180346352565000,-0.0010082961525768042,0.00044856820022687316,-0.0013643515994772315,0.001527684973552823,-0.00623680604621768,-9.801304817199707,47.64146799957688,-122.14016500049779,122.24617767333984,0.0,-0.0,0.0
1772180346352565000,-0.0010082961525768042,0.00044856820022687316,-0.0013643515994772315,0.001527684973552823,-0.00623680604621768,-9.801304817199707,47.64146799957688,-122.14016500049779,122.24617767333984,0.0,-0.0,0.0
1772180346393336000,0.0005825190455652773,0.0011097034439444542,0.00015577164595015347,0.02677658200263977,0.013916940428316593,-9.778983116149902,47.64146799957688,-122.14016500049779,122.24617767333984,0.0,-0.0,0.0
1772180346410598000,0.001500805839896202,-0.00022905608057044446,2.0091472833883017e-05,-0.016568919643759727,0.030391277745366096,-9.850747108459473,47.64146799957688,-122.14016500049779,122.24617767333984,0.0,-0.0,0.0
1772180346421977000,0.0005523764993995428,0.0005888101877644658,0.0008420553640462458,0.031800076365470886,0.027896858751773834,-9.811452865600586,47.64146799957688,-122.14016500049779,122.24617767333984,0.0,-0.0,0.0
1772180346450472000,0.0011984469601884484,-0.0005801775841973722,-0.0009576714364811778,0.028212713077664375,0.004178729839622974,-9.806297302246094,47.64146799957688,-122.14016500049779,122.24617767333984,0.0,-0.0,0.0
1772180346465044000,0.0011445475975051522,-0.0004756151174660772,0.00018771951727103442,-0.004558116663247347,0.01638115383684635,-9.825850486755371,47.64146799957688,-122.14016500049779,122.24617767333984,0.0,-0.0,0.0
1772180346491827000,4.231986895320006e-05,0.0004907661932520568,0.0004543396644294262,0.0379147045314312,0.018749650567770004,-9.797158241271973,47.64146799957688,-122.14016500049779,122.24617767333984,0.0,-0.0,0.0
1772180346505056000,-0.0019461046904325485,-0.0007857978343963623,-0.00024650953128002584,-0.019756922498345375,-0.018303176388144493,-9.772232055664062,47.64146799957688,-122.14016500049779,122.24617767333984,0.0,-0.0,0.0
1772180346532235000,0.0004743127792607993,0.00017634753021411598,-0.0008114695083349943,0.04030296206474304,0.015187988057732582,-9.761924743652344,47.64146799957688,-122.14016500049779,122.24617767333984,0.0,-0.0,0.0
1772180346546783000,0.00012706273992080241,-0.0004344060434959829,-0.0012206376995891333,-0.012461207807064056,-0.01664256863296032,-9.789778709411621,47.64146799957688,-122.14016500049779,122.24617767333984,0.0,-0.0,0.0
1772180346559830000,-0.0004315350961405784,0.0005006353603675961,-0.0006355789955705404,-0.021482545882463455,0.013565019704401493,-9.806002616882324,47.64146799957688,-122.14016500049779,122.24617767333984,0.0,-0.0,0.0
1772180346588199000,-0.0007761104498058558,0.0016024023061618209,-0.001997987739741802,0.0015314361080527306,0.01719633862376213,-9.791257858276367,47.64146799957688,-122.14016500049779,122.24617767333984,0.0,-0.0,0.0
1772180346602308000,-0.0004516406625043601,0.00041291717207059264,0.001532754860818386,-0.05636676773428917,-0.008150812238454819,-9.805697441101074,47.64146799957688,-122.14016500049779,122.24617767333984,0.0,-0.0,0.0
1772180346635697000,0.00029211127548478544,0.0003380270500201732,0.0010693625081330538,-0.000750248203985393,-0.0233228150755167,-9.825023651123047,47.64146799957688,-122.14016500049779,122.24617767333984,0.0,-0.0,0.0
1772180346643431000,-0.00079760403605178,0.0010143888648599386,-0.0007608643500134349,-0.04917354881763458,-0.041342172771692276,-9.798678398132324,47.64146799957688,-122.14016500049779,122.24617767333984,0.0,-0.0,0.0
1772180346674037000,-0.0002838701184373349,0.0006216554902493954,0.00014776195166632533,0.00770011218264699,0.0019910242408514023,-9.834297180175781,47.64146799957688,-122.14016500049779,122.24617767333984,0.0,-0.0,0.0
1772180346687396000,0.0010153708280995488,0.0004012486315332353,0.00019613020413089544,-0.02578401379287243,0.0031365896575152874,-9.784191131591797,47.64146799957688,-122.14016500049779,122.24617767333984,0.0,-0.0,0.0
1772180346714439000,7.26771613699384e-05,-0.00027396768564358354,-0.0008290970581583679,-0.008148879744112492,0.004047155845910311,-9.810460090637207,47.64146799957688,-122.14016500049779,122.24617767333984,0.0,-0.0,0.0
1772180346729958000,0.0004276954277884215,0.000452167063485831,-8.426767453784123e-05,-0.02203778550028801,-0.005871134344488382,-9.798266410827637,47.64146799957688,-122.14016500049779,122.24617767333984,0.0,-0.0,0.0
1772180346747917000,-0.0004224380827508867,-0.00015682997764088213,-0.000781651702709496,-0.009094983339309692,0.001102582085877657,-9.777560234069824,47.64146799957688,-122.14016500049779,122.24617767333984,0.0,-0.0,0.0
1772180346772627000,0.00021295459009706974,8.840839291224256e-05,0.0010834743734449148,0.005196568090468645,-0.013197354041039944,-9.782407760620117,47.64146799957688,-122.14016500049779,122.24617767333984,0.0,-0.0,0.0
1772180346789724000,0.00011250235547777265,-0.0004295444814488292,0.0006570715340785682,-0.00187617854680866,0.004119942896068096,-9.804073333740234,47.64146799957688,-122.14016500049779,122.24617767333984,0.0,-0.0,0.0
1772180346813803000,-9.583165956428275e-05,-0.0012462661834433675,0.00025658964295871556,0.00946136750280857,-0.018054960295557976,-9.824655532836914,47.64146799957688,-122.14016500049779,122.24617767333984,0.0,-0.0,0.0
1772180346827350000,-8.382154919672757e-05,-9.557580051477998e-05,0.0006358911632560194,-0.017990220338106155,-0.001228227629326284,-9.791110038757324,47.64146799957688,-122.14016500049779,122.24617767333984,0.0,-0.0,0.0
1772180346841849000,0.0010839280439540744,-0.0004641019622795284,0.001388567266985774,0.012999052181839943,0.00860187504440546,-9.806917190551758,47.64146799957688,-122.14016500049779,122.24617767333984,0.0,-0.0,0.0
1772180346870460000,0.0008234354318119586,-0.0002505925658624619,0.00041514509939588606,0.007425679359585047,-0.015899669378995895,-9.838083267211914,47.64146799957688,-122.14016500049779,122.24617767333984,0.0,-0.0,0.0
1772180346884063000,-0.0006056760321371257,0.0003913599066436291,-0.0003363358846399933,-0.0046963742934167385,-0.016907423734664917,-9.825726509094238,47.64146799957688,-122.14016500049779,122.24617767333984,0.0,-0.0,0.0
1772180346914657000,0.00022533215815201402,0.0004861576308030635,0.00022673291095998138,-0.001453510718420148,0.009274084120988846,-9.85322093963623,47.64146799957688,-122.14016500049779,122.24617767333984,0.0,-0.0,0.0
1772180346928665000,5.158470230526291e-05,0.0010683474829420447,0.0003570750413928181,-0.005428784992545843,0.014497801661491394,-9.787625312805176,47.64146799957688,-122.14016500049779,122.24617767333984,0.0,-0.0,0.0
1772180346956314000,-0.0009539051097817719,-0.0014926387229934335,0.00010839069000212476,-0.007677397225052118,0.009879437275230885,-9.791168212890625,47.64146799957688,-122.14016500049779,122.24617767333984,0.0,-0.0,0.0
1772180346974933000,0.0002815012994688004,0.0009356972295790911,0.00022052261920180172,-0.0026181135326623917,0.005915396381169558,-9.791237831115723,47.64146799957688,-122.14016500049779,122.24617767333984,0.0,-0.0,0.0
1772180346984063000,-0.0008729641558602452,-0.0007156056817620993,0.001851193024776876,-0.006123146507889032,-0.02199304662644863,-9.820427894592285,47.64146799957688,-122.14016500049779,122.24617767333984,0.0,-0.0,0.0
1772180347011533000,-0.0012931979726999998,0.0003937745641451329,0.0002131450455635786,-0.028928667306900024,0.013081894256174564,-9.776912689208984,47.64146799957688,-122.14016500049779,122.24617767333984,0.0,-0.0,0.0
1772180347026234000,3.5673536331159994e-05,0.00010755958646768704,0.0006777779781259596,0.03573807328939438,-0.015635894611477852,-9.835488319396973,47.64146799957688,-122.14016500049779,122.24617767333984,0.0,-0.0,0.0
1772180347053538000,0.0020347859244793653,-0.0001930851285578683,0.0005339267663657665,0.027636131271719933,-0.024840928614139557,-9.801339149475098,47.64146799957688,-122.14016500049779,122.24617767333984,0.0,-0.0,0.0
1772180347066086000,0.0014011895982548594,-0.0015980545431375504,0.000516505038831383,-0.040256794542074203,-0.0351000651717186,-9.782027244567871,47.64146799957688,-122.14016500049779,122.24617767333984,0.0,-0.0,0.0
1772180347091829000,0.0006310836761258543,-9.572003182256594e-05,0.000815803068690002,-0.017324037849903107,-0.016302328556776047,-9.829757690429688,47.64146799957688,-122.14016500049779,122.24617767333984,0.0,-0.0,0.0
1772180347106594000,0.0001496151089668274,0.0007293868693523109,0.00023202929878607392,-0.014267191290855408,0.01870989240705967,-9.817300796508789,47.64146799957688,-122.14016500049779,122.24617767333984,0.0,-0.0,0.0
1772180347131246000,-0.0009936665883287787,-0.00042674184078350663,-0.0005228255758993328,-0.0111351627856493,0.06816775351762772,-9.78990364074707,47.64146799957688,-122.14016500049779,122.24617767333984,0.0,-0.0,0.0
1772180347156324000,-0.001308586448431015,0.0003139783802907914,0.0011692858533933759,-0.009805073961615562,0.0059439875185489655,-9.820669174194336,47.64146799957688,-122.14016500049779,122.24617767333984,0.0,-0.0,0.0
1772180347169302000,0.0006807974423281848,-0.0016422990011051297,-0.0006231142906472087,0.010714014992117882,-0.04409558326005936,-9.818602561950684,47.64146799957688,-122.14016500049779,122.24617767333984,0.0,-0.0,0.0
1772180347192473000,-0.002653087954968214,-0.0017099357210099697,0.000605462584644556,0.011017631739377975,0.011028094217181206,-9.74402141571045,47.64146799957688,-122.14016500049779,122.24617767333984,0.0,-0.0,0.0
1772180347215017000,0.0004847246455028653,0.002831954974681139,0.0012973648263141513,0.019946087151765823,0.07076922059059143,-9.859784126281738,47.64146799957688,-122.14016500049779,122.24617767333984,0.0,-0.0,0.0
1772180347227893000,-0.00035400179331190884,0.0009756039944477379,0.0012140489416196942,-0.024818740785121918,0.0026725376956164837,-9.826193809509277,47.64146799957688,-122.14016500049779,122.24617767333984,0.0,-0.0,0.0
1772180347253246000,-0.0004200083785690367,-0.0003585170197766274,-0.00025308565818704665,0.004148408304899931,0.0012497063726186752,-9.781036376953125,47.64146799957688,-122.14016500049779,122.24617767333984,0.0,-0.0,0.0
1772180347276138000,5.2735471399500966e-05,-0.0006584065267816186,0.002176426351070404,0.011281836777925491,0.030463779345154762,-9.81822395324707,47.64146799957688,-122.14016500049779,122.24617767333984,0.0,-0.0,0.0
1772180347292129000,-0.0003399857960175723,0.00032630222267471254,-0.0006447354098781943,-0.0046875071711838245,0.013115438632667065,-9.80873966217041,47.64146799957688,-122.14016500049779,122.24617767333984,0.0,-0.0,0.0
1772180347315355000,-0.00013101047079544514,0.0010307003976777196,0.0003035785921383649,-0.015488142147660255,-0.0008853321196511388,-9.790691375732422,47.64146799957688,-122.14016500049779,122.24617767333984,0.0,-0.0,0.0
1772180347329504000,0.0019188009900972247,-0.00039908813778311014,-2.039096216321923e-05,0.005297285504639149,0.0223854910582304,-9.804295539855957,47.64146799957688,-122.14016500049779,122.24617767333984,0.0,-0.0,0.0
1772180347356911000,-0.0002819603541865945,-0.0006130135152488947,0.0007570102461613715,-0.023791735991835594,0.03655945882201195,-9.775218963623047,47.64146799957688,-122.14016500049779,122.24617767333984,0.0,-0.0,0.0
1772180347369428000,7.524171087425202e-05,0.00012332767073530704,0.0003446516930125654,-0.006263452582061291,-0.005102652590721846,-9.814574241638184,47.64146799957688,-122.14016500049779,122.24617767333984,0.0,-0.0,0.0
1772180347383469000,-0.0004192864871583879,-9.517429862171412e-05,-0.0006385562592186034,-0.01717516966164112,-0.0051744491793215275,-9.805909156799316,47.64146799957688,-122.14016500049779,122.24617767333984,0.0,-0.0,0.0
1772180347416006000,0.000528839707840234,-0.0009110418614000082,-4.731103763333522e-05,0.003067401237785816,-0.015692105516791344,-9.805038452148438,47.64146799957688,-122.14016500049779,122.24617767333984,0.0,-0.0,0.0
1772180347434799000,-7.818569429218769e-05,-0.0001362121111014858,7.66636076150462e-05,-0.0075864349491894245,0.01334350649267435,-9.801424980163574,47.64146799957688,-122.14016500049779,122.24617767333984,0.0,-0.0,0.0
1772180347448587000,0.0008122586295939982,-0.0005446069408208132,-4.8181416786974296e-05,-0.030510734766721725,0.00800113845616579,-9.8117094039917,47.64146799957688,-122.14016500049779,122.24617767333984,0.0,-0.0,0.0
1772180347474047000,0.0015377855161204934,0.0004356571298558265,-0.0011510845506563783,-0.0004295436665415764,-0.03701494261622429,-9.802989959716797,47.64146799957688,-122.14016500049779,122.24617767333984,0.0,-0.0,0.0
1772180347474047000,0.0015377855161204934,0.0004356571298558265,-0.0011510845506563783,-0.0004295436665415764,-0.03701494261622429,-9.802989959716797,47.64146799957688,-122.14016500049779,122.24617767333984,0.0,-0.0,0.0
1772180347516315000,0.0004167611477896571,-0.0002869761665351689,0.0011103135766461492,-0.0008914226200431585,-0.0008252565748989582,-9.816086769104004,47.64146799957688,-122.14016500049779,122.24617767333984,0.0,-0.0,0.0
1772180347531878000,-0.0001603358832653612,-0.0006217804038897157,-2.6968315069098026e-05,0.014794185757637024,0.039149586111307144,-9.820335388183594,47.64146799957688,-122.14016500049779,122.24617767333984,0.0,-0.0,0.0
1772180347557441000,0.0003900723240803927,8.437853102805093e-05,0.0006392227369360626,0.0497477762401104,-0.010333392769098282,-9.789911270141602,47.64146799957688,-122.14016500049779,122.24617767333984,0.0,-0.0,0.0
1772180347570636000,0.00018566638755146414,0.000316820340231061,-0.00017111761553678662,-0.013747131451964378,-0.0037951336707919836,-9.815278053283691,47.64146799957688,-122.14016500049779,122.24617767333984,0.0,-0.0,0.0
1772180347598420000,0.0003952257102355361,-0.0005334296729415655,0.001035085879266262,0.008246004581451416,-0.005803277716040611,-9.827472686767578,47.64146799957688,-122.14016500049779,122.24617767333984,0.0,-0.0,0.0
1772180347598420000,0.0003952257102355361,-0.0005334296729415655,0.001035085879266262,0.008246004581451416,-0.005803277716040611,-9.827472686767578,47.64146799957688,-122.14016500049779,122.24617767333984,0.0,-0.0,0.0
1772180347637200000,-0.00043039812589995563,-3.0410272302106023e-05,0.0008716892334632576,0.001138076651841402,0.024985145777463913,-9.781055450439453,47.64146799957688,-122.14016500049779,122.24617767333984,0.0,-0.0,0.0
1772180347650558000,-0.00023568113101646304,-0.0001251451758434996,-0.0010687489993870258,-0.009951399639248848,0.016316650435328484,-9.814072608947754,47.64146799957688,-122.14016500049779,122.24617767333984,0.0,-0.0,0.0
1772180347676935000,0.00012863456504419446,-0.0004626881855074316,-0.0005425732233561575,-0.010527361184358597,-0.00857662782073021,-9.810466766357422,47.64146799957688,-122.14016500049779,122.24617767333984,0.0,-0.0,0.0
1772180347690598000,-0.0002187454083468765,0.0010982523672282696,0.0009002205333672464,-0.009801812469959259,-0.04714817553758621,-9.788286209106445,47.64146799957688,-122.14016500049779,122.24617767333984,0.0,-0.0,0.0
1772180347721535000,0.0005081091658212245,-0.0002852663164958358,-0.00016980628424789757,-0.027834391221404076,-0.010932828299701214,-9.793829917907715,47.64146799957688,-122.14016500049779,122.24617767333984,0.0,-0.0,0.0
1772180347730946000,0.0002867920557036996,0.0008449075394310057,0.0002845417766366154,-0.0114698875695467,0.011727353557944298,-9.83076000213623,47.64146799957688,-122.14016500049779,122.24617767333984,0.0,-0.0,0.0
1772180347757633000,-0.000572790449950844,0.0005263373604975641,-0.00020582038268912584,-0.04107265546917915,0.006120807491242886,-9.806556701660156,47.64146799957688,-122.14016500049779,122.24617767333984,0.0,-0.0,0.0
1772180347771223000,-4.6589448174927384e-05,-0.00040569878183305264,-0.00029029129655100405,0.041527990251779556,-0.007418626919388771,-9.794302940368652,47.64146799957688,-122.14016500049779,122.24617767333984,0.0,-0.0,0.0
1772180347795737000,2.7348964067641646e-05,6.0786409449065104e-05,0.00024182522611226887,0.04226573184132576,-0.007037125527858734,-9.798583030700684,47.64146799957688,-122.14016500049779,122.24617767333984,0.0,-0.0,0.0
1772180347807376000,-0.0009612388093955815,0.000993660418316722,0.0008674151031300426,0.04412158951163292,0.015772977843880653,-9.774687767028809,47.64146799957688,-122.14016500049779,122.24617767333984,0.0,-0.0,0.0
1772180347834388000,0.0014829313149675727,0.0023249618243426085,-0.0015420190757140517,0.046507883816957474,-0.02071491628885269,-9.76231861114502,47.64146799957688,-122.14016500049779,122.24617767333984,0.0,-0.0,0.0
1772180347857651000,-0.0011269233655184507,-0.00020035561465192586,0.00011332699068589136,-0.00950515829026699,0.01778448186814785,-9.831747055053711,47.64146799957688,-122.14016500049779,122.24617767333984,0.0,-0.0,0.0
1772180347870533000,-0.0012421120190992951,0.00043234031181782484,-0.00041576821240596473,0.0261637382209301,-0.0013800673186779022,-9.776695251464844,47.64146799957688,-122.14016500049779,122.24617767333984,0.0,-0.0,0.0
1772180347894598000,0.00015359741519205272,0.0002066860324703157,0.0002778831694740802,-0.009394977241754532,-0.0010496986797079444,-9.841858863830566,47.64146799957688,-122.14016500049779,122.24617767333984,0.0,-0.0,0.0
1772180347918866000,0.0006715305498801172,-0.0002520925481803715,-0.0001443265937268734,-0.0014846980338916183,-0.016475362703204155,-9.771504402160645,47.64146799957688,-122.14016500049779,122.24617767333984,0.0,-0.0,0.0
1772180347942560000,0.0012201039353385568,-0.0005956785753369331,0.0007306068437173963,-0.04781394451856613,-0.014154521748423576,-9.820343017578125,47.64146799957688,-122.14016500049779,122.24617767333984,0.0,-0.0,0.0
1772180347955346000,0.0008068159222602844,0.0019944440573453903,-0.0008222413016483188,0.01336781308054924,0.007401175796985626,-9.82602310180664,47.64146799957688,-122.14016500049779,122.24617767333984,0.0,-0.0,0.0
1772180347979205000,-0.0008035480859689415,0.0006706506828777492,8.22619185782969e-05,-0.02720278687775135,-0.008050487376749516,-9.817824363708496,47.64146799957688,-122.14016500049779,122.24617767333984,0.0,-0.0,0.0
1772180347993067000,0.000796658918261528,0.00011528895265655592,0.00040555940358899534,-0.001698149018920958,0.009915867820382118,-9.850028991699219,47.64146799957688,-122.14016500049779,122.24617767333984,0.0,-0.0,0.0
1772180348017483000,0.0003595907473936677,-0.0007156512001529336,0.002034796169027686,0.014059213921427727,-0.019847676157951355,-9.828727722167969,47.64146799957688,-122.14016500049779,122.24617767333984,0.0,-0.0,0.0
1772180348042078000,0.0005679760361090302,-0.00023509377206210047,-0.00040272148908115923,0.003956269938498735,0.013808054849505424,-9.810744285583496,47.64146799957688,-122.14016500049779,122.24617767333984,0.0,-0.0,0.0
1772180348055942000,-0.0006631604046560824,0.00010797668801387772,0.00040839987923391163,-0.05235767737030983,-0.006788795813918114,-9.818683624267578,47.64146799957688,-122.14016500049779,122.24617767333984,0.0,-0.0,0.0
1772180348080288000,-4.691215872298926e-05,-0.000660244666505605,0.0004256462852936238,-0.001057297457009554,0.021679911762475967,-10.112485885620117,47.64146799957688,-122.14016500049779,122.24617767333984,0.0,-0.0,0.0
1772180348094735000,0.0006775954971089959,0.0010403867345303297,-0.0008326665265485644,-0.0015251358272507787,-0.0005152252269908786,-9.796706199645996,47.64146799957688,-122.14016500049779,122.24617767333984,0.0,-0.0,0.0
1772180348119663000,-0.0009805269073694944,-0.0012330417521297932,0.0006528623634949327,0.08779128640890121,0.008521023206412792,-9.877199172973633,47.64146799957688,-122.14016500049779,122.24617767333984,0.0,-0.0,0.0
1772180348138207000,0.0004128551809117198,-0.0069167958572506905,-4.307620110921562e-05,11.002119064331055,-0.008401365950703621,-9.62800407409668,47.64146799957688,-122.1401649281053,122.24591827392578,0.2856729328632355,-3.556021329131909e-05,-0.0027055158279836178
1772180348157045000,0.0005904693389311433,-0.02116622030735016,0.0010310421930626035,11.261801719665527,0.004246890544891357,-9.778950691223145,47.64146799957688,-122.1401649281053,122.24591827392578,0.2856729328632355,-3.556021329131909e-05,-0.0027055158279836178
1772180348182620000,0.0014941028784960508,-0.03315472602844238,-0.0010271486826241016,11.145063400268555,-0.0007786967325955629,-9.748703002929688,47.64146799957688,-122.1401649281053,122.24591827392578,0.2856729328632355,-3.556021329131909e-05,-0.0027055158279836178
1772180348196260000,0.0006999587058089674,-0.04034925997257233,-0.0013812623219564557,11.287712097167969,-0.018346432596445084,-9.83574104309082,47.64146799957688,-122.1401649281053,122.24591827392578,0.2856729328632355,-3.556021329131909e-05,-0.0027055158279836178
1772180348222083000,3.290583845227957e-05,-0.05639350414276123,5.1722279749810696e-05,12.313713073730469,-0.024974029511213303,-9.8634614944458,47.64146799957688,-122.1401649281053,122.24591827392578,0.2856729328632355,-3.556021329131909e-05,-0.0027055158279836178
1772180348222083000,3.290583845227957e-05,-0.05639350414276123,5.1722279749810696e-05,12.313713073730469,-0.024974029511213303,-9.8634614944458,47.64146799957688,-122.1401649281053,122.24591827392578,0.2856729328632355,-3.556021329131909e-05,-0.0027055158279836178
1772180348262526000,0.0003949587407987565,-0.017750730738043785,0.00022626704594586045,10.899657249450684,0.006221801042556763,-9.630685806274414,47.64146800077572,-122.14016388765904,122.24614715576172,1.2948473691940308,0.000941472826525569,0.004409677814692259
1772180348274128000,0.0006926798378117383,-0.01681109145283699,-0.000399529846617952,10.418803215026855,-0.026156511157751083,-9.758588790893555,47.64146800077572,-122.14016388765904,122.24614715576172,1.2948473691940308,0.000941472826525569,0.004409677814692259
1772180348299259000,-0.0005804437678307295,-0.01435386948287487,-0.0011047550942748785,9.205747604370117,0.006934209726750851,-9.824469566345215,47.64146800077572,-122.14016388765904,122.24614715576172,1.2948473691940308,0.000941472826525569,0.004409677814692259
1772180348324530000,-0.00022728691692464054,-0.014914085157215595,-0.00025769349304027855,9.330351829528809,0.026304731145501137,-9.781211853027344,47.64146800077572,-122.14016388765904,122.24614715576172,1.2948473691940308,0.000941472826525569,0.004409677814692259
1772180348342903000,0.0002432557666907087,-0.01846604235470295,-0.0005570920184254646,11.639397621154785,0.023388778790831566,-9.962204933166504,47.64146800077572,-122.14016388765904,122.24614715576172,1.2948473691940308,0.000941472826525569,0.004409677814692259
1772180348361364000,-0.00018247286789119244,-0.01937244087457657,-0.0007256598910316825,11.481001853942871,-0.02909581921994686,-9.915367126464844,47.641468000068855,-122.14016084051872,122.24860382080078,2.524329662322998,0.000344565836712718,0.023914851248264313
1772180348374488000,2.5818641006480902e-05,-0.016943514347076416,0.00021641862986143678,10.55070972442627,-0.0277903713285923,-9.869022369384766,47.641468000068855,-122.14016084051872,122.24860382080078,2.524329662322998,0.000344565836712718,0.023914851248264313
1772180348398754000,0.0001475833123549819,-0.015250161290168762,-0.0004671827773563564,11.017663955688477,-0.01361887902021408,-9.96442985534668,47.641468000068855,-122.14016084051872,122.24860382080078,2.524329662322998,0.000344565836712718,0.023914851248264313
1772180348424242000,0.0005042640259489417,-0.013587210327386856,-0.001154290628619492,9.663350105285645,0.02054751105606556,-9.87498950958252,47.641468000068855,-122.14016084051872,122.24860382080078,2.524329662322998,0.000344565836712718,0.023914851248264313
1772180348436440000,-0.0003609951236285269,-0.014596841298043728,-0.0014336509630084038,11.066402435302734,-0.0061218091286718845,-9.973331451416016,47.641468000068855,-122.14016084051872,122.24860382080078,2.524329662322998,0.000344565836712718,0.023914851248264313
1772180348459965000,-0.0005639071459881961,-0.015682827681303024,-0.001624273951165378,11.026034355163574,0.01371052861213684,-9.880054473876953,47.64146800011352,-122.14015667808245,122.25077819824219,3.5925283432006836,0.00034840728039853275,0.019321467727422714
1772180348484060000,-0.00036217665183357894,-0.011974191293120384,-0.0019174404442310333,11.619232177734375,0.03835899755358696,-10.012901306152344,47.64146800011352,-122.14015667808245,122.25077819824219,3.5925283432006836,0.00034840728039853275,0.019321467727422714
1772180348496677000,6.500341260107234e-05,-0.00881893839687109,-0.0011812289012596011,9.247661590576172,-0.01085767149925232,-9.875234603881836,47.64146800011352,-122.14015667808245,122.25077819824219,3.5925283432006836,0.00034840728039853275,0.019321467727422714
1772180348520931000,0.0004923241212964058,-0.01139212679117918,0.0009030550718307495,10.923157691955566,0.0021875195670872927,-9.945592880249023,47.64146800011352,-122.14015667808245,122.25077819824219,3.5925283432006836,0.00034840728039853275,0.019321467727422714
1772180348545351000,0.0006100049358792603,-0.010025645606219769,0.0002824007242452353,10.4171142578125,0.006644152104854584,-9.934298515319824,47.64146800011352,-122.14015667808245,122.25077819824219,3.5925283432006836,0.00034840728039853275,0.019321467727422714
1772180348563676000,0.0005299833137542009,-0.008614392951130867,-0.00045572538510896266,10.33144760131836,0.01974998414516449,-9.94819164276123,47.64146800066547,-122.14015052837144,122.25263214111328,4.7529296875,0.0003818396362476051,0.012705842964351177
1772180348584412000,0.0002352096780668944,-0.007177543826401234,0.0006797398091293871,10.528247833251953,-0.04193370044231415,-9.995857238769531,47.64146800066547,-122.14015052837144,122.25263214111328,4.7529296875,0.0003818396362476051,0.012705842964351177
1772180348598937000,-2.584067260613665e-05,-0.011753972619771957,-0.00044036610051989555,12.363121032714844,0.023299667984247208,-9.621402740478516,47.64146800066547,-122.14015052837144,122.25263214111328,4.7529296875,0.0003818396362476051,0.012705842964351177
1772180348622709000,0.0001239245611941442,-0.01122603751718998,0.0004495189350564033,13.059837341308594,0.003553376067429781,-9.990876197814941,47.64146800066547,-122.14015052837144,122.25263214111328,4.7529296875,0.0003818396362476051,0.012705842964351177
1772180348646838000,-0.000151972912135534,-0.006976231001317501,0.0006217077607288957,10.260635375976562,-0.016171181574463844,-9.961010932922363,47.64146800066547,-122.14015052837144,122.25263214111328,4.7529296875,0.0003818396362476051,0.012705842964351177
1772180348646838000,-0.000151972912135534,-0.006976231001317501,0.0006217077607288957,10.260635375976562,-0.016171181574463844,-9.961010932922363,47.64146800066547,-122.14015052837144,122.25263214111328,4.7529296875,0.0003818396362476051,0.012705842964351177
1772180348684879000,7.542844105046242e-05,-0.004433919675648212,0.0012503305915743113,8.38531494140625,0.02416090853512287,-9.92074203491211,47.64146799974088,-122.14014324038573,122.25347900390625,5.841282844543457,0.0004343027248978615,0.009338599629700184
1772180348696101000,-0.00010686510358937085,-0.008332657627761364,-0.0006519732414744794,18.49032211303711,-0.033160869032144547,-10.082001686096191,47.64146799974088,-122.14014324038573,122.25347900390625,5.841282844543457,0.0004343027248978615,0.009338599629700184
1772180348722677000,-0.0005705567891709507,-0.0036241740453988314,-0.00038089187000878155,9.458710670471191,0.01290876790881157,-9.951828956604004,47.64146799974088,-122.14014324038573,122.25347900390625,5.841282844543457,0.0004343027248978615,0.009338599629700184
1772180348746552000,1.953711716851103e-06,-0.0038839213084429502,0.001078498549759388,12.671889305114746,0.004226917866617441,-9.979631423950195,47.64146799974088,-122.14014324038573,122.25347900390625,5.841282844543457,0.0004343027248978615,0.009338599629700184
1772180348758531000,0.0001844115904532373,-0.0019334484823048115,-0.0007975788903422654,9.88765811920166,0.02442646026611328,-9.943281173706055,47.64146799974088,-122.14014324038573,122.25347900390625,5.841282844543457,0.0004343027248978615,0.009338599629700184
1772180348783557000,-0.0015729459701105952,-0.001443859888240695,-0.0011119813425466418,9.671356201171875,0.019888678565621376,-9.879825592041016,47.64146800353685,-122.14013355795852,122.25479125976562,7.0248847007751465,0.001078372122719884,0.002857289044186473
1772180348796686000,0.0001286810147576034,-0.0022402722388505936,0.0014582460280507803,11.205338478088379,0.027470171451568604,-9.954480171203613,47.64146800353685,-122.14013355795852,122.25479125976562,7.0248847007751465,0.001078372122719884,0.002857289044186473
1772180348820427000,0.0006910943193361163,-0.0014585338067263365,0.0013110279105603695,11.563385009765625,0.059222862124443054,-9.938858985900879,47.64146800353685,-122.14013355795852,122.25479125976562,7.0248847007751465,0.001078372122719884,0.002857289044186473
1772180348844375000,7.021487544989213e-05,0.00032957352232187986,0.0018744263797998428,10.629756927490234,0.020426228642463684,-9.94450569152832,47.64146800353685,-122.14013355795852,122.25479125976562,7.0248847007751465,0.001078372122719884,0.002857289044186473
1772180348855973000,-0.00016101013170555234,-0.0004600790562108159,0.00023527344455942512,9.98509693145752,0.04526471346616745,-9.87779712677002,47.64146800353685,-122.14013355795852,122.25479125976562,7.0248847007751465,0.001078372122719884,0.002857289044186473
1772180348883449000,0.0012432746589183807,0.0008965026354417205,-0.0011525864247232676,9.939087867736816,0.018504470586776733,-9.941145896911621,47.64146800496108,-122.14012238384473,122.25440979003906,8.166391372680664,0.005778951570391655,-0.0010288381017744541
1772180348904597000,0.00019959908968303353,0.001321698073297739,0.0015499654691666365,9.298662185668945,0.014894265681505203,-9.902800559997559,47.64146800496108,-122.14012238384473,122.25440979003906,8.166391372680664,0.005778951570391655,-0.0010288381017744541
1772180348916795000,-8.337375766132027e-05,0.0012664158130064607,0.0021221954375505447,9.783991813659668,0.03424040600657463,-9.907428741455078,47.64146800496108,-122.14012238384473,122.25440979003906,8.166391372680664,0.005778951570391655,-0.0010288381017744541
1772180348941678000,0.0009039670694619417,0.001895739696919918,0.0004471836728043854,9.590139389038086,0.026704590767621994,-9.909441947937012,47.64146800496108,-122.14012238384473,122.25440979003906,8.166391372680664,0.005778951570391655,-0.0010288381017744541
1772180348966415000,0.00045500858686864376,0.00325011252425611,0.0009359785472042859,9.785066604614258,0.022374633699655533,-9.880293846130371,47.64146800496108,-122.14012238384473,122.25440979003906,8.166391372680664,0.005778951570391655,-0.0010288381017744541
1772180348978167000,-0.0005398158100433648,0.002236597938463092,0.0009257594938389957,10.517891883850098,0.05011363327503204,-9.9398193359375,47.64146800496108,-122.14012238384473,122.25440979003906,8.166391372680664,0.005778951570391655,-0.0010288381017744541
1772180349004894000,0.00015662575606256723,0.003155831480398774,-0.0005939416587352753,8.676443099975586,0.018730919808149338,-9.884873390197754,47.64146801404375,-122.14010943152451,122.25428009033203,9.303656578063965,0.01084032841026783,-0.002758288523182273
1772180349016943000,-0.002183978445827961,0.0025733187794685364,0.0006515873828902841,10.211702346801758,0.04962155967950821,-9.893270492553711,47.64146801404375,-122.14010943152451,122.25428009033203,9.303656578063965,0.01084032841026783,-0.002758288523182273
1772180349041612000,-0.0005515336524695158,0.001972856232896447,0.0015384901780635118,9.242047309875488,0.024899978190660477,-9.904655456542969,47.64146801404375,-122.14010943152451,122.25428009033203,9.303656578063965,0.01084032841026783,-0.002758288523182273
1772180349066044000,-0.0012343915877863765,0.0014610603684559464,-9.973155101761222e-05,9.328182220458984,0.022286532446742058,-9.90841007232666,47.64146801404375,-122.14010943152451,122.25428009033203,9.303656578063965,0.01084032841026783,-0.002758288523182273
1772180349089588000,-0.001069250050932169,0.00341394217684865,0.0013907967368140817,10.206897735595703,0.04576278477907181,-9.887011528015137,47.64146801404375,-122.14010943152451,122.25428009033203,9.303656578063965,0.01084032841026783,-0.002758288523182273
1772180349106646000,-0.0009598900214768946,0.001324970624409616,0.0017143983859568834,9.654313087463379,-0.015904488041996956,-9.89450740814209,47.64146802591285,-122.14009468307165,122.2538833618164,10.432125091552734,0.013473332859575748,-0.003136633662506938
1772180349126076000,0.00029295848798938096,0.0018824373837560415,0.001057122484780848,9.816344261169434,-0.006158890202641487,-9.925311088562012,47.64146802591285,-122.14009468307165,122.2538833618164,10.432125091552734,0.013473332859575748,-0.003136633662506938
1772180349138337000,-0.0004853256104979664,0.0028374940156936646,1.9236525986343622e-05,10.14647388458252,0.013671008870005608,-9.916407585144043,47.64146802591285,-122.14009468307165,122.2538833618164,10.432125091552734,0.013473332859575748,-0.003136633662506938
1772180349164153000,0.0010730503126978874,0.0025858881417661905,0.0007405501091852784,9.50019645690918,-0.012133064679801464,-9.875065803527832,47.64146802591285,-122.14009468307165,122.2538833618164,10.432125091552734,0.013473332859575748,-0.003136633662506938
1772180349188592000,-0.00016940315254032612,0.0012415748788043857,0.001836579293012619,11.568575859069824,0.014300159178674221,-9.915324211120605,47.64146802591285,-122.14009468307165,122.2538833618164,10.432125091552734,0.013473332859575748,-0.003136633662506938
1772180349200558000,6.9862944656051695e-06,0.001627594232559204,0.001313585671596229,8.351518630981445,-0.0017870892770588398,-9.871139526367188,47.64146802591285,-122.14009468307165,122.2538833618164,10.432125091552734,0.013473332859575748,-0.003136633662506938
1772180349225277000,-0.0013405708596110344,0.0015904478495940566,-0.0014682626351714134,8.468815803527832,0.013541704043745995,-9.883338928222656,47.64146803989676,-122.14007836563954,122.25354766845703,11.523158073425293,0.014166568405926228,-0.0030025856103748083
1772180349249347000,0.0006381111452355981,0.001708286115899682,0.002070765011012554,8.751734733581543,0.014713073149323463,-9.892186164855957,47.64146803989676,-122.14007836563954,122.25354766845703,11.523158073425293,0.014166568405926228,-0.0030025856103748083
1772180349262603000,0.0008008499862626195,0.002650642301887274,0.0018772375769913197,9.438097953796387,0.05646378546953201,-9.915018081665039,47.64146803989676,-122.14007836563954,122.25354766845703,11.523158073425293,0.014166568405926228,-0.0030025856103748083
1772180349275546000,0.0003041615418624133,0.0025943301152437925,0.0005126898176968098,8.573637962341309,0.022444341331720352,-9.910736083984375,47.64146803989676,-122.14007836563954,122.25354766845703,11.523158073425293,0.014166568405926228,-0.0030025856103748083
1772180349298970000,-0.0010102721862494946,0.004024723079055548,0.003008932340890169,10.37274169921875,0.01904497668147087,-9.928665161132812,47.64146803989676,-122.14007836563954,122.25354766845703,11.523158073425293,0.014166568405926228,-0.0030025856103748083
1772180349328957000,0.0001856584713095799,0.0025350255891680717,0.0022859687451273203,8.513055801391602,0.03156562149524689,-9.861428260803223,47.64146805428655,-122.14006052407336,122.25312805175781,12.578871726989746,0.016076218336820602,-0.0026135689113289118
1772180349349214000,0.0011134576052427292,0.002332640578970313,0.0006436604890041053,9.462249755859375,0.036155879497528076,-9.892894744873047,47.64146805428655,-122.14006052407336,122.25312805175781,12.578871726989746,0.016076218336820602,-0.0026135689113289118
1772180349361026000,-0.00028291373746469617,0.000861953420098871,0.00025285989977419376,8.535470008850098,-4.0786340832710266e-05,-9.86971664428711,47.64146805428655,-122.14006052407336,122.25312805175781,12.578871726989746,0.016076218336820602,-0.0026135689113289118
1772180349387436000,-0.00020406700787134469,0.00030339835211634636,0.000949464796576649,8.165970802307129,-0.003122083842754364,-9.858282089233398,47.64146805428655,-122.14006052407336,122.25312805175781,12.578871726989746,0.016076218336820602,-0.0026135689113289118
1772180349399294000,0.0012300340458750725,0.00043388467747718096,0.0028314513619989157,9.346250534057617,-0.018477266654372215,-9.878141403198242,47.64146805428655,-122.14006052407336,122.25312805175781,12.578871726989746,0.016076218336820602,-0.0026135689113289118
1772180349429554000,0.0001276264083571732,0.0011819726787507534,0.001414972241036594,8.455851554870605,0.050822071731090546,-9.918720245361328,47.64146806926991,-122.14004303228802,122.25270080566406,13.501811027526855,0.01875094696879387,-0.002349893329665065
1772180349450423000,0.002488467376679182,0.0028256697114557028,0.0036820019595324993,9.453258514404297,1.597872257232666,-9.849096298217773,47.64146806926991,-122.14004303228802,122.25270080566406,13.501811027526855,0.01875094696879387,-0.002349893329665065
1772180349462975000,0.007336391136050224,0.004162002354860306,0.00908209290355444,7.0728373527526855,2.0627758502960205,-9.792954444885254,47.64146806926991,-122.14004303228802,122.25270080566406,13.501811027526855,0.01875094696879387,-0.002349893329665065
1772180349486877000,0.037530384957790375,0.013898859731853008,0.056143663823604584,4.894896984100342,4.653039932250977,-9.81877613067627,47.64146806926991,-122.14004303228802,122.25270080566406,13.501811027526855,0.01875094696879387,-0.002349893329665065
1772180349505517000,0.04786241054534912,0.015345207415521145,0.08160322159528732,2.4290311336517334,5.022785186767578,-9.811405181884766,47.64146806926991,-122.14004303228802,122.25270080566406,13.501811027526855,0.01875094696879387,-0.002349893329665065
1772180349529664000,0.07829128205776215,0.027135973796248436,0.16015693545341492,1.5144453048706055,5.869720935821533,-9.873754501342773,47.64146822789374,-122.14002437730373,122.2529067993164,14.063236236572266,0.37727904319763184,0.0008663336629979312
1772180349549160000,0.09636255353689194,0.03624005615711212,0.262376070022583,0.24783942103385925,6.40322208404541,-9.931745529174805,47.64146822789374,-122.14002437730373,122.2529067993164,14.063236236572266,0.37727904319763184,0.0008663336629979312
1772180349561072000,0.08567498624324799,0.03350839391350746,0.26718273758888245,-0.4257355034351349,5.605252265930176,-9.93070125579834,47.64146822789374,-122.14002437730373,122.2529067993164,14.063236236572266,0.37727904319763184,0.0008663336629979312
1772180349584629000,0.0943976566195488,0.03872004523873329,0.34499233961105347,-1.3658099174499512,5.7574462890625,-9.954105377197266,47.64146822789374,-122.14002437730373,122.2529067993164,14.063236236572266,0.37727904319763184,0.0008663336629979312
1772180349611274000,0.08469365537166595,0.03873954340815544,0.3649251461029053,-1.7373065948486328,5.136129856109619,-9.965303421020508,47.64146822789374,-122.14002437730373,122.2529067993164,14.063236236572266,0.37727904319763184,0.0008663336629979312
1772180349624168000,0.10900212824344635,0.04973186179995537,0.4894150197505951,-2.3294641971588135,6.143016815185547,-9.935574531555176,47.64146822789374,-122.14002437730373,122.2529067993164,14.063236236572266,0.37727904319763184,0.0008663336629979312
1772180349648717000,0.07887863367795944,0.04966007173061371,0.5127649307250977,-2.611623525619507,2.629950761795044,-9.995072364807129,47.64146900255916,-122.14000355645982,122.25202178955078,13.922977447509766,1.037968635559082,-0.010480033233761787
1772180349661495000,0.052093036472797394,0.05824066698551178,0.5965100526809692,-3.2719712257385254,-0.5397544503211975,-9.902827262878418,47.64146900255916,-122.14000355645982,122.25202178955078,13.922977447509766,1.037968635559082,-0.010480033233761787
1772180349686333000,-0.018681494519114494,0.048820093274116516,0.45531022548675537,-2.88092303276062,-2.131155252456665,-9.812108039855957,47.64146900255916,-122.14000355645982,122.25202178955078,13.922977447509766,1.037968635559082,-0.010480033233761787
1772180349699659000,-0.0341472290456295,0.05228537693619728,0.4656071662902832,-3.3689334392547607,-0.5834178924560547,-9.838874816894531,47.64146900255916,-122.14000355645982,122.25202178955078,13.922977447509766,1.037968635559082,-0.010480033233761787
1772180349723852000,-0.07634390890598297,0.030790843069553375,0.40288931131362915,6.850518703460693,1.4047000408172607,-9.469598770141602,47.64146900255916,-122.14000355645982,122.25202178955078,13.922977447509766,1.037968635559082,-0.010480033233761787
1772180349736345000,-0.06229368597269058,0.02217436023056507,0.37331461906433105,9.479623794555664,1.6873748302459717,-9.854619979858398,47.64146900255916,-122.14000355645982,122.25202178955078,13.922977447509766,1.037968635559082,-0.010480033233761787
1772180349762654000,-0.02995235100388527,0.004904883448034525,0.3123919665813446,8.530488967895508,2.238023519515991,-9.84377670288086,47.64147006426764,-122.13998274632335,122.25084686279297,14.068621635437012,1.1117534637451172,-0.010960073210299015
1772180349786037000,-0.00555183133110404,-0.007832021452486515,0.3378095328807831,9.713994026184082,3.105522394180298,-9.857556343078613,47.64147006426764,-122.13998274632335,122.25084686279297,14.068621635437012,1.1117534637451172,-0.010960073210299015
1772180349811479000,0.012261073105037212,-0.01691354252398014,0.26923465728759766,7.839991569519043,3.0092990398406982,-9.839475631713867,47.64147006426764,-122.13998274632335,122.25084686279297,14.068621635437012,1.1117534637451172,-0.010960073210299015
1772180349825242000,0.02233743667602539,-0.02383504807949066,0.29713737964630127,8.75944709777832,3.640040874481201,-9.888458251953125,47.64147006426764,-122.13998274632335,122.25084686279297,14.068621635437012,1.1117534637451172,-0.010960073210299015
1772180349849420000,0.05112170800566673,-0.03682742267847061,0.3145157992839813,6.2187628746032715,5.465460777282715,-9.894851684570312,47.64147006426764,-122.13998274632335,122.25084686279297,14.068621635437012,1.1117534637451172,-0.010960073210299015
1772180349868192000,-0.003887997707352042,-0.010511902160942554,0.212313711643219,1.282888412475586,4.616890907287598,-8.968835830688477,47.641471462464814,-122.1399607644034,122.24943542480469,14.873062133789062,1.6181124448776245,-0.003061579307541251
1772180349887662000,-0.0012946559581905603,0.0009127246448770165,0.1934581995010376,0.9341036677360535,4.719048500061035,-9.790740966796875,47.641471462464814,-122.1399607644034,122.24943542480469,14.873062133789062,1.6181124448776245,-0.003061579307541251
1772180349911643000,0.012992501258850098,0.006744047626852989,0.16684678196907043,-0.47902461886405945,4.081482887268066,-9.862408638000488,47.641471462464814,-122.1399607644034,122.24943542480469,14.873062133789062,1.6181124448776245,-0.003061579307541251
1772180349929869000,0.018499167636036873,0.008273393847048283,0.16525112092494965,-1.1837223768234253,3.9524245262145996,-9.917915344238281,47.641471462464814,-122.1399607644034,122.24943542480469,14.873062133789062,1.6181124448776245,-0.003061579307541251
1772180349948062000,0.03187023103237152,0.013704555109143257,0.15538564324378967,-2.2909200191497803,5.646385669708252,-9.916232109069824,47.641471462464814,-122.1399607644034,122.24943542480469,14.873062133789062,1.6181124448776245,-0.003061579307541251
1772180349960079000,0.029155025258660316,0.009581830352544785,0.13886478543281555,-2.5098989009857178,5.706181526184082,-9.764398574829102,47.641471462464814,-122.1399607644034,122.24943542480469,14.873062133789062,1.6181124448776245,-0.003061579307541251
1772180349983952000,0.01810440979897976,0.00036933051887899637,0.13878485560417175,-3.1600213050842285,6.361385822296143,-9.764487266540527,47.64147336184131,-122.139938791141,122.24958801269531,14.697781562805176,2.1351165771484375,0.006302446126937866
1772180350008290000,0.02203485742211342,0.002116134390234947,0.1636158674955368,-3.416287899017334,6.21164083480835,-9.77621841430664,47.64147336184131,-122.139938791141,122.24958801269531,14.697781562805176,2.1351165771484375,0.006302446126937866
1772180350032746000,0.02798319421708584,0.00367300258949399,0.224888414144516,-4.040369987487793,6.78612756729126,-9.85549545288086,47.64147336184131,-122.139938791141,122.24958801269531,14.697781562805176,2.1351165771484375,0.006302446126937866
1772180350044613000,0.025888046249747276,0.003501460188999772,0.22695259749889374,-3.8228580951690674,6.058372974395752,-9.870193481445312,47.64147336184131,-122.139938791141,122.24958801269531,14.697781562805176,2.1351165771484375,0.006302446126937866
1772180350069076000,0.026652866974473,0.004211675841361284,0.2746885120868683,-4.027029991149902,5.7744317054748535,-9.91939640045166,47.64147336184131,-122.139938791141,122.24958801269531,14.697781562805176,2.1351165771484375,0.006302446126937866
1772180350094337000,0.023457221686840057,0.0047186496667563915,0.30841928720474243,-4.059016704559326,5.346267223358154,-9.921457290649414,47.64147583308844,-122.13991777419159,122.25071716308594,14.160602569580078,2.786806344985962,0.013775846920907497
1772180350106927000,0.030800528824329376,0.008343317545950413,0.40377020835876465,-5.113589763641357,6.51291561126709,-9.912107467651367,47.64147583308844,-122.13991777419159,122.25071716308594,14.160602569580078,2.786806344985962,0.013775846920907497
1772180350118913000,0.02376503311097622,0.008568529970943928,0.39041581749916077,-4.4766316413879395,5.995322227478027,-9.954651832580566,47.64147583308844,-122.13991777419159,122.25071716308594,14.160602569580078,2.786806344985962,0.013775846920907497
1772180350155629000,0.0202107485383749,0.007660035043954849,0.4643092453479767,-4.61899471282959,4.501533508300781,-10.015127182006836,47.64147583308844,-122.13991777419159,122.25071716308594,14.160602569580078,2.786806344985962,0.013775846920907497
1772180350167546000,0.009620712138712406,0.011788644827902317,0.4507160186767578,-4.364673614501953,2.0669353008270264,-10.049156188964844,47.64147583308844,-122.13991777419159,122.25071716308594,14.160602569580078,2.786806344985962,0.013775846920907497
1772180350179715000,-0.016533877700567245,0.01418854109942913,0.4813801646232605,-4.6141839027404785,-0.9406086802482605,-10.077397346496582,47.64147583308844,-122.13991777419159,122.25071716308594,14.160602569580078,2.786806344985962,0.013775846920907497
1772180350204129000,-0.05261295288801193,0.01614823192358017,0.3877734839916229,-3.9751362800598145,-1.2064263820648193,-9.939553260803223,47.64147885960563,-122.13989748349579,122.25205993652344,13.596091270446777,3.1091151237487793,0.001126307644881308
1772180350227845000,-0.05207374691963196,0.01860632188618183,0.34007343649864197,-3.8981435298919678,1.0405941009521484,-9.985422134399414,47.64147885960563,-122.13989748349579,122.25205993652344,13.596091270446777,3.1091151237487793,0.001126307644881308
1772180350251348000,-0.016491031274199486,0.018917061388492584,0.29317253828048706,-3.435408353805542,4.6412835121154785,-9.80075454711914,47.64147885960563,-122.13989748349579,122.25205993652344,13.596091270446777,3.1091151237487793,0.001126307644881308
1772180350275576000,-0.015430903062224388,0.010694894939661026,0.2865726947784424,-3.3694536685943604,5.97135066986084,-9.709575653076172,47.64147885960563,-122.13989748349579,122.25205993652344,13.596091270446777,3.1091151237487793,0.001126307644881308
1772180350288212000,-0.008365441113710403,0.008447707630693913,0.3555757999420166,-4.09262228012085,7.776740550994873,-9.78358268737793,47.64147885960563,-122.13989748349579,122.25205993652344,13.596091270446777,3.1091151237487793,0.001126307644881308
1772180350311922000,0.013598545454442501,0.0033027110621333122,0.3628206253051758,-3.8918118476867676,7.737794399261475,-9.835331916809082,47.64148197188613,-122.13987828235466,122.25146484375,13.054082870483398,3.4620485305786133,0.0021674016024917364
1772180350324703000,0.025210369378328323,0.0011523407883942127,0.4334762692451477,-4.608890533447266,8.859528541564941,-9.820714950561523,47.64148197188613,-122.13987828235466,122.25146484375,13.054082870483398,3.4620485305786133,0.0021674016024917364
1772180350349207000,0.03418485447764397,-0.00032842066138982773,0.4334909915924072,-4.380966663360596,7.950478553771973,-9.948358535766602,47.64148197188613,-122.13987828235466,122.25146484375,13.054082870483398,3.4620485305786133,0.0021674016024917364
1772180350375857000,0.0384792797267437,-0.0020468183793127537,0.42508476972579956,-4.1032562255859375,6.998817443847656,-9.88523006439209,47.64148197188613,-122.13987828235466,122.25146484375,13.054082870483398,3.4620485305786133,0.0021674016024917364
1772180350388185000,0.04246211796998978,-0.003376275533810258,0.44408899545669556,-4.513258934020996,7.1694512367248535,-9.9108247756958,47.64148197188613,-122.13987828235466,122.25146484375,13.054082870483398,3.4620485305786133,0.0021674016024917364
1772180350400517000,0.05266551673412323,-0.004476964473724365,0.5303020477294922,-5.303447723388672,8.117886543273926,-9.949469566345215,47.64148197188613,-122.13987828235466,122.25146484375,13.054082870483398,3.4620485305786133,0.0021674016024917364
1772180350425752000,0.04285874962806702,-0.0028640935197472572,0.46083834767341614,-4.592234134674072,6.3814239501953125,-9.892571449279785,47.64148588241579,-122.13985929366676,122.2520751953125,12.339648246765137,4.155760288238525,0.005210595205426216
1772180350451326000,0.021612614393234253,0.007652960252016783,0.4551911950111389,-4.3536787033081055,6.269454002380371,-9.75818920135498,47.64148588241579,-122.13985929366676,122.2520751953125,12.339648246765137,4.155760288238525,0.005210595205426216
1772180350475414000,0.024602079764008522,0.012185460887849331,0.5792362093925476,-4.754400253295898,7.780572414398193,-9.947118759155273,47.64148588241579,-122.13985929366676,122.2520751953125,12.339648246765137,4.155760288238525,0.005210595205426216
1772180350487841000,0.022186994552612305,0.011939927004277706,0.5349626541137695,-4.285574913024902,6.601933479309082,-9.937575340270996,47.64148588241579,-122.13985929366676,122.2520751953125,12.339648246765137,4.155760288238525,0.005210595205426216
1772180350512391000,0.010932196862995625,0.011807036586105824,0.5370574593544006,-4.1201171875,3.1113500595092773,-10.089934349060059,47.64148588241579,-122.13985929366676,122.2520751953125,12.339648246765137,4.155760288238525,0.005210595205426216
1772180350535133000,-0.035747822374105453,0.012752287089824677,0.5195803046226501,1.7565021514892578,-1.889398455619812,-10.069283485412598,47.6414904125962,-122.13984141380206,122.25284576416016,11.626587867736816,4.619278907775879,0.002722399076446891
1772180350552733000,-0.04874879866838455,0.00875416211783886,0.493556410074234,7.000079154968262,-0.7270832061767578,-10.050657272338867,47.6414904125962,-122.13984141380206,122.25284576416016,11.626587867736816,4.619278907775879,0.002722399076446891
1772180350572717000,-0.05288516357541084,-0.005683993920683861,0.4502548277378082,9.807412147521973,0.6533145308494568,-10.015667915344238,47.6414904125962,-122.13984141380206,122.25284576416016,11.626587867736816,4.619278907775879,0.002722399076446891
1772180350597416000,-0.04626196622848511,-0.01876257173717022,0.4563811421394348,10.458941459655762,1.924446702003479,-10.02675724029541,47.6414904125962,-122.13984141380206,122.25284576416016,11.626587867736816,4.619278907775879,0.002722399076446891
1772180350610230000,-0.05003426596522331,-0.017048729583621025,0.4084112346172333,9.444110870361328,2.2406198978424072,-9.713298797607422,47.6414904125962,-122.13984141380206,122.25284576416016,11.626587867736816,4.619278907775879,0.002722399076446891
1772180350622473000,-0.05457292124629021,-0.01174288708716631,0.3752158284187317,8.985574722290039,2.9659359455108643,-9.51832103729248,47.6414904125962,-122.13984141380206,122.25284576416016,11.626587867736816,4.619278907775879,0.002722399076446891
1772180350649058000,-0.03915867581963539,-0.009252083487808704,0.3064824342727661,7.97125768661499,2.919769525527954,-9.80319595336914,47.64149515880666,-122.1398237996226,122.25261688232422,12.429264068603516,5.113204002380371,-0.003371354192495346
1772180350673972000,-0.010811694897711277,-0.0018697300693020225,0.3509574830532074,6.260411262512207,7.69696044921875,-9.708321571350098,47.64149515880666,-122.1398237996226,122.25261688232422,12.429264068603516,5.113204002380371,-0.003371354192495346
1772180350686623000,0.011523320339620113,0.004386414308100939,0.30073195695877075,3.5735433101654053,7.673941612243652,-9.767716407775879,47.64149515880666,-122.1398237996226,122.25261688232422,12.429264068603516,5.113204002380371,-0.003371354192495346
1772180350711824000,0.050836071372032166,0.0166690144687891,0.3321833908557892,2.1754794120788574,8.961973190307617,-9.921832084655762,47.64149515880666,-122.1398237996226,122.25261688232422,12.429264068603516,5.113204002380371,-0.003371354192495346
1772180350736035000,0.08154205977916718,0.02891840972006321,0.36255258321762085,0.6188416481018066,9.192628860473633,-9.982843399047852,47.64149515880666,-122.1398237996226,122.25261688232422,12.429264068603516,5.113204002380371,-0.003371354192495346
1772180350757648000,0.0912993773818016,0.03405473381280899,0.3787126839160919,-0.004453268833458424,9.033469200134277,-10.040657997131348,47.641500952069435,-122.13980475896268,122.2527084350586,12.455062866210938,6.113221168518066,0.00676049804314971
1772180350772495000,0.09300795197486877,0.03682570159435272,0.38766711950302124,-1.1075667142868042,8.06870174407959,-10.138715744018555,47.641500952069435,-122.13980475896268,122.2527084350586,12.455062866210938,6.113221168518066,0.00676049804314971
1772180350796421000,0.025601912289857864,0.016707316040992737,0.41782867908477783,-2.6874594688415527,8.366908073425293,-9.771523475646973,47.641500952069435,-122.13980475896268,122.2527084350586,12.455062866210938,6.113221168518066,0.00676049804314971
1772180350809770000,0.02568335272371769,0.013407427817583084,0.42498064041137695,-2.7829389572143555,7.95709228515625,-10.056246757507324,47.641500952069435,-122.13980475896268,122.2527084350586,12.455062866210938,6.113221168518066,0.00676049804314971
1772180350835138000,0.03482900932431221,0.009312222711741924,0.491131454706192,-3.6724636554718018,8.13541316986084,-10.125761985778809,47.641500952069435,-122.13980475896268,122.2527084350586,12.455062866210938,6.113221168518066,0.00676049804314971
1772180350846832000,0.02910846658051014,0.007833801209926605,0.4300805628299713,-3.3766427040100098,6.699945449829102,-10.11341667175293,47.641500952069435,-122.13980475896268,122.2527084350586,12.455062866210938,6.113221168518066,0.00676049804314971
1772180350871638000,0.024841805920004845,0.006530468817800283,0.4426519572734833,-3.6785364151000977,6.329688549041748,-9.942127227783203,47.64150746298075,-122.13978682695365,122.25413513183594,11.777838706970215,6.765344142913818,0.009631838649511337
1772180350897102000,0.015039876103401184,0.010260450653731823,0.4564921259880066,-3.827881336212158,6.199313640594482,-10.038408279418945,47.64150746298075,-122.13978682695365,122.25413513183594,11.777838706970215,6.765344142913818,0.009631838649511337
1772180350910170000,0.021030981093645096,0.016124704852700233,0.6190744042396545,-5.124887943267822,8.28980541229248,-10.048728942871094,47.64150746298075,-122.13978682695365,122.25413513183594,11.777838706970215,6.765344142913818,0.009631838649511337
1772180350935585000,0.015535757876932621,0.0136717539280653,0.5724436640739441,-4.662174224853516,7.38497257232666,-10.020240783691406,47.64150746298075,-122.13978682695365,122.25413513183594,11.777838706970215,6.765344142913818,0.009631838649511337
1772180350947646000,0.012628970667719841,0.014999555423855782,0.5968073606491089,-4.843393802642822,7.572706699371338,-10.049631118774414,47.64150746298075,-122.13978682695365,122.25413513183594,11.777838706970215,6.765344142913818,0.009631838649511337
1772180350973008000,0.007452060934156179,0.013596323318779469,0.5650736689567566,-4.495133876800537,7.073272228240967,-10.060526847839355,47.641513789532304,-122.13977163238637,122.25482940673828,11.007162094116211,7.184974193572998,0.0058703129179775715
1772180350996402000,0.011417063884437084,0.018036261200904846,0.6960057020187378,-5.426582336425781,8.587541580200195,-10.029644966125488,47.641513789532304,-122.13977163238637,122.25482940673828,11.007162094116211,7.184974193572998,0.0058703129179775715
1772180351010796000,0.009191364981234074,0.015682311728596687,0.5901637673377991,-4.535778999328613,7.174612522125244,-10.012505531311035,47.641513789532304,-122.13977163238637,122.25482940673828,11.007162094116211,7.184974193572998,0.0058703129179775715
1772180351035989000,0.013000966049730778,0.01819845288991928,0.7278686761856079,-5.569773197174072,8.811519622802734,-10.030000686645508,47.641513789532304,-122.13977163238637,122.25482940673828,11.007162094116211,7.184974193572998,0.0058703129179775715
1772180351048619000,0.01040316466242075,0.01667913980782032,0.6497296094894409,-4.915765762329102,7.830103397369385,-10.019806861877441,47.641513789532304,-122.13977163238637,122.25482940673828,11.007162094116211,7.184974193572998,0.0058703129179775715
1772180351072736000,0.011001965031027794,0.017801033332943916,0.678015410900116,-5.061677932739258,8.145623207092285,-10.03713607788086,47.641521336425384,-122.13975584219955,122.2552261352539,10.05393123626709,7.618420124053955,0.004303811118006706
1772180351096633000,0.010994836688041687,0.016735244542360306,0.6487399339675903,-4.769924163818359,7.70200777053833,-9.997089385986328,47.641521336425384,-122.13975584219955,122.2552261352539,10.05393123626709,7.618420124053955,0.004303811118006706
1772180351121188000,0.008821790106594563,0.017746303230524063,0.6412723660469055,-4.616506576538086,7.654435634613037,-10.010111808776855,47.641521336425384,-122.13975584219955,122.2552261352539,10.05393123626709,7.618420124053955,0.004303811118006706
1772180351133099000,0.008696808479726315,0.01935930736362934,0.6522656679153442,-4.715980052947998,7.758288860321045,-10.040355682373047,47.641521336425384,-122.13975584219955,122.2552261352539,10.05393123626709,7.618420124053955,0.004303811118006706
1772180351158194000,0.008718539960682392,0.016155967488884926,0.6112475395202637,-4.375453472137451,7.203604221343994,-9.97307014465332,47.641521336425384,-122.13975584219955,122.2552261352539,10.05393123626709,7.618420124053955,0.004303811118006706
1772180351158194000,0.008718539960682392,0.016155967488884926,0.6112475395202637,-4.375453472137451,7.203604221343994,-9.97307014465332,47.641521336425384,-122.13975584219955,122.2552261352539,10.05393123626709,7.618420124053955,0.004303811118006706
1772180351193608000,0.006762146949768066,0.015897344797849655,0.583695113658905,-4.083339214324951,6.847961902618408,-9.989912033081055,47.6415282050715,-122.13974337606993,122.25588989257812,9.183284759521484,7.96185827255249,0.0040664528496563435
1772180351218787000,0.005288878921419382,0.0106785474345088,0.4465407431125641,-3.1100330352783203,5.17147970199585,-9.94947624206543,47.6415282050715,-122.13974337606993,122.25588989257812,9.183284759521484,7.96185827255249,0.0040664528496563435
1772180351233276000,0.010310112498700619,0.019181983545422554,0.6940370798110962,-4.751767158508301,8.15264892578125,-10.034385681152344,47.6415282050715,-122.13974337606993,122.25588989257812,9.183284759521484,7.96185827255249,0.0040664528496563435
1772180351256954000,0.011157738044857979,0.02447596564888954,0.895002543926239,-6.0218071937561035,10.537759780883789,-10.082510948181152,47.6415282050715,-122.13974337606993,122.25588989257812,9.183284759521484,7.96185827255249,0.0040664528496563435
1772180351269592000,0.009188942611217499,0.018838485702872276,0.6538228392601013,-4.381807327270508,7.570258617401123,-9.984662055969238,47.6415282050715,-122.13974337606993,122.25588989257812,9.183284759521484,7.96185827255249,0.0040664528496563435
1772180351294866000,0.007764655165374279,0.019045602530241013,0.711309552192688,-4.731226444244385,8.223051071166992,-10.047173500061035,47.64153630102923,-122.13973068375037,122.2558822631836,8.169989585876465,8.299100875854492,0.0032917363569140434
1772180351318707000,0.009133192710578442,0.02143549732863903,0.7402076125144958,-4.897981643676758,8.590319633483887,-10.059309959411621,47.64153630102923,-122.13973068375037,122.2558822631836,8.169989585876465,8.299100875854492,0.0032917363569140434
1772180351330633000,0.005667290650308132,0.020422717556357384,0.7349891662597656,-4.794878959655762,8.452547073364258,-10.01099967956543,47.64153630102923,-122.13973068375037,122.2558822631836,8.169989585876465,8.299100875854492,0.0032917363569140434
1772180351355624000,0.00602780282497406,0.01876009814441204,0.6397939324378967,-4.1696929931640625,7.254644393920898,-9.997563362121582,47.64153630102923,-122.13973068375037,122.2558822631836,8.169989585876465,8.299100875854492,0.0032917363569140434
1772180351368947000,0.007398718502372503,0.021983489394187927,0.8200029730796814,-5.275818347930908,9.407066345214844,-10.048518180847168,47.64153630102923,-122.13973068375037,122.2558822631836,8.169989585876465,8.299100875854492,0.0032917363569140434
1772180351397716000,0.005169379524886608,0.022261250764131546,0.7914338707923889,-4.984009742736816,8.94194221496582,-10.078487396240234,47.64154380376164,-122.13972060428918,122.25604248046875,7.248819351196289,8.544450759887695,0.0022377765271812677
1772180351417378000,0.005199065897613764,0.02124464511871338,0.7458415031433105,-4.637007236480713,8.36242961883545,-10.034974098205566,47.64154380376164,-122.13972060428918,122.25604248046875,7.248819351196289,8.544450759887695,0.0022377765271812677
1772180351429609000,-0.0042332191951572895,0.01577623188495636,0.7404409050941467,-8.320393562316895,8.470648765563965,-9.30600643157959,47.64154380376164,-122.13972060428918,122.25604248046875,7.248819351196289,8.544450759887695,0.0022377765271812677
1772180351456584000,0.02162553369998932,0.02410484477877617,0.6631955504417419,-3.64351487159729,7.186604022979736,-10.213971138000488,47.64154380376164,-122.13972060428918,122.25604248046875,7.248819351196289,8.544450759887695,0.0022377765271812677
1772180351483245000,-0.14721710979938507,0.03760464861989021,0.6822543740272522,-2.278360366821289,4.545228004455566,-13.017318725585938,47.64154380376164,-122.13972060428918,122.25604248046875,7.248819351196289,8.544450759887695,0.0022377765271812677
1772180351500352000,-0.1295914500951767,0.04448355734348297,0.8601691126823425,-5.145557880401611,10.23390007019043,-9.709907531738281,47.64155276169322,-122.13971039373115,122.25585174560547,6.183507442474365,8.733210563659668,-0.035951387137174606
1772180351520059000,-0.07984267920255661,0.02812117151916027,0.820586085319519,-5.214510440826416,9.600874900817871,-9.580801963806152,47.64155276169322,-122.13971039373115,122.25585174560547,6.183507442474365,8.733210563659668,-0.035951387137174606
1772180351531933000,-0.04765729978680611,0.01841498166322708,0.6678423881530762,-4.204959392547607,7.710005760192871,-9.651838302612305,47.64155276169322,-122.13971039373115,122.25585174560547,6.183507442474365,8.733210563659668,-0.035951387137174606
1772180351558278000,-0.02362571842968464,0.015397117473185062,0.6945881843566895,-3.8845412731170654,7.496194839477539,-9.85551929473877,47.64155276169322,-122.13971039373115,122.25585174560547,6.183507442474365,8.733210563659668,-0.035951387137174606
1772180351570079000,-0.01489978190511465,0.013369818218052387,0.7083259224891663,-3.790487289428711,7.548105239868164,-9.879634857177734,47.64155276169322,-122.13971039373115,122.25585174560547,6.183507442474365,8.733210563659668,-0.035951387137174606
1772180351594584000,0.005300609860569239,0.006197258364409208,0.6740825176239014,-3.801590919494629,7.198467254638672,-9.835410118103027,47.64155276169322,-122.13971039373115,122.25585174560547,6.183507442474365,8.733210563659668,-0.035951387137174606
1772180351619112000,0.017218923196196556,0.00564160943031311,0.6722817420959473,-3.719029664993286,7.0365424156188965,-9.974396705627441,47.641561699991456,-122.13970200088684,122.25382232666016,5.098255157470703,8.864980697631836,-0.0068250191397964954
1772180351644222000,0.03255068510770798,0.005056820809841156,0.790572464466095,-4.171512603759766,8.134073257446289,-9.931160926818848,47.641561699991456,-122.13970200088684,122.25382232666016,5.098255157470703,8.864980697631836,-0.0068250191397964954
1772180351656391000,0.012629024684429169,0.013068541884422302,0.7086697816848755,-4.243380546569824,7.267664432525635,-9.557731628417969,47.641561699991456,-122.13970200088684,122.25382232666016,5.098255157470703,8.864980697631836,-0.0068250191397964954
1772180351680888000,0.011862842366099358,0.018530847504734993,0.7997810244560242,-4.338329792022705,8.18286418914795,-9.866178512573242,47.641561699991456,-122.13970200088684,122.25382232666016,5.098255157470703,8.864980697631836,-0.0068250191397964954
1772180351693651000,0.011310448870062828,0.016296179965138435,0.7429277896881104,-3.9785799980163574,7.514481067657471,-9.944021224975586,47.641561699991456,-122.13970200088684,122.25382232666016,5.098255157470703,8.864980697631836,-0.0068250191397964954
1772180351722360000,0.014943809248507023,0.020177951082587242,0.8380186557769775,-4.1187663078308105,8.11538028717041,-9.990047454833984,47.64157049899525,-122.13969537368246,122.25435638427734,4.066780090332031,8.903742790222168,0.00629293592646718
1772180351742406000,0.010469023138284683,0.017994677647948265,0.7552815079689026,-3.4273979663848877,4.830428123474121,-10.045105934143066,47.64157049899525,-122.13969537368246,122.25435638427734,4.066780090332031,8.903742790222168,0.00629293592646718
1772180351755062000,-0.0028358353301882744,0.0209531057626009,0.8053856492042542,-3.3619227409362793,2.5850138664245605,-10.152856826782227,47.64157049899525,-122.13969537368246,122.25435638427734,4.066780090332031,8.903742790222168,0.00629293592646718
1772180351780078000,-0.04711832106113434,0.021150896325707436,0.7142517566680908,-2.6468467712402344,-1.5692592859268188,-10.021440505981445,47.64157049899525,-122.13969537368246,122.25435638427734,4.066780090332031,8.903742790222168,0.00629293592646718
1772180351805489000,-0.07136979699134827,0.015042109414935112,0.5693588256835938,3.066260576248169,-0.8079404830932617,-9.982283592224121,47.64157049899525,-122.13969537368246,122.25435638427734,4.066780090332031,8.903742790222168,0.00629293592646718
1772180351823051000,-0.08610142767429352,0.012126114219427109,0.6572396755218506,9.59782600402832,0.4118936061859131,-10.042898178100586,47.64157842239298,-122.139690224276,122.2535400390625,3.901386260986328,8.902637481689453,-0.014358180575072765
1772180351844169000,-0.07004530727863312,-0.003443304914981127,0.5950544476509094,11.325321197509766,0.8677945137023926,-9.993904113769531,47.64157842239298,-122.139690224276,122.2535400390625,3.901386260986328,8.902637481689453,-0.014358180575072765
1772180351856676000,-0.053203172981739044,-0.010686240158975124,0.495574027299881,9.663806915283203,1.1316041946411133,-9.922532081604004,47.64157842239298,-122.139690224276,122.2535400390625,3.901386260986328,8.902637481689453,-0.014358180575072765
1772180351882645000,-0.037405166774988174,-0.021231938153505325,0.4996733069419861,10.0485200881958,1.8881806135177612,-9.90223503112793,47.64157842239298,-122.139690224276,122.2535400390625,3.901386260986328,8.902637481689453,-0.014358180575072765
1772180351895517000,-0.05392349138855934,-0.020140916109085083,0.5496253371238708,10.897602081298828,2.9635560512542725,-9.43622875213623,47.64157842239298,-122.139690224276,122.2535400390625,3.901386260986328,8.902637481689453,-0.014358180575072765
1772180351906772000,-0.05673277750611305,-0.010834547691047192,0.4861873984336853,9.842975616455078,3.1112308502197266,-9.399295806884766,47.64157842239298,-122.139690224276,122.2535400390625,3.901386260986328,8.902637481689453,-0.014358180575072765
1772180351933521000,-0.035743363201618195,-0.006273780949413776,0.3753350079059601,7.954524040222168,2.7232909202575684,-9.706892967224121,47.64158714440315,-122.13968471385799,122.25188446044922,4.084001064300537,9.98057746887207,-0.0053422702476382256
1772180351958731000,-0.02626744657754898,-0.005554742645472288,0.4381394386291504,9.047372817993164,4.782190799713135,-9.756689071655273,47.64158714440315,-122.13968471385799,122.25188446044922,4.084001064300537,9.98057746887207,-0.0053422702476382256
1772180351984398000,0.010156885720789433,0.0038596359081566334,0.3888183534145355,6.625509738922119,7.098544597625732,-9.737617492675781,47.64158714440315,-122.13968471385799,122.25188446044922,4.084001064300537,9.98057746887207,-0.0053422702476382256
1772180352001967000,0.031233806163072586,0.010186932981014252,0.43556705117225647,6.715350151062012,8.98897647857666,-9.754878044128418,47.64158714440315,-122.13968471385799,122.25188446044922,4.084001064300537,9.98057746887207,-0.0053422702476382256
1772180352008934000,0.046693552285432816,0.012642978690564632,0.4085387885570526,5.485945701599121,9.06815242767334,-9.833205223083496,47.64158714440315,-122.13968471385799,122.25188446044922,4.084001064300537,9.98057746887207,-0.0053422702476382256
1772180352036663000,0.0639721006155014,0.020447876304388046,0.3356991112232208,3.0984814167022705,7.9760332107543945,-9.949625015258789,47.64159673412666,-122.13967940931822,122.25272369384766,3.672053098678589,10.921653747558594,0.010615212842822075
1772180352063039000,0.10329017043113708,0.03515706956386566,0.4161556661128998,1.9574525356292725,9.601165771484375,-10.070518493652344,47.64159673412666,-122.13967940931822,122.25272369384766,3.672053098678589,10.921653747558594,0.010615212842822075
1772180352075577000,0.10601531714200974,0.04031190276145935,0.420884370803833,1.1377685070037842,9.316317558288574,-10.098148345947266,47.64159673412666,-122.13967940931822,122.25272369384766,3.672053098678589,10.921653747558594,0.010615212842822075
1772180352100998000,0.07432840019464493,0.030590152367949486,0.42741551995277405,-1.0411616563796997,8.731389045715332,-9.653335571289062,47.64159673412666,-122.13967940931822,122.25272369384766,3.672053098678589,10.921653747558594,0.010615212842822075
1772180352113651000,0.037623364478349686,0.018186887726187706,0.42650294303894043,-1.8317266702651978,8.534046173095703,-9.516363143920898,47.64159673412666,-122.13967940931822,122.25272369384766,3.672053098678589,10.921653747558594,0.010615212842822075
1772180352138731000,0.03673495352268219,0.009563696570694447,0.4673537313938141,-2.1295294761657715,8.128530502319336,-10.15937614440918,47.64160720109546,-122.13967504649617,122.25389099121094,2.762681722640991,11.26374340057373,0.017771970480680466
1772180352164067000,0.03391856700181961,0.009107464924454689,0.4999925494194031,-2.9768714904785156,7.631053447723389,-10.056652069091797,47.64160720109546,-122.13967504649617,122.25389099121094,2.762681722640991,11.26374340057373,0.017771970480680466
1772180352177026000,0.026461517438292503,0.011114014312624931,0.49930891394615173,-3.2105398178100586,7.176626205444336,-10.024697303771973,47.64160720109546,-122.13967504649617,122.25389099121094,2.762681722640991,11.26374340057373,0.017771970480680466
1772180352189591000,0.02254297584295273,0.013700046576559544,0.5136962532997131,-3.412837028503418,7.0908284187316895,-10.082334518432617,47.64160720109546,-122.13967504649617,122.25389099121094,2.762681722640991,11.26374340057373,0.017771970480680466
1772180352215198000,0.015591745264828205,0.011261861771345139,0.5101478695869446,-3.3692479133605957,6.469454765319824,-10.072683334350586,47.64160720109546,-122.13967504649617,122.25389099121094,2.762681722640991,11.26374340057373,0.017771970480680466
1772180352240953000,0.012349940836429596,0.015070609748363495,0.5405474901199341,-3.6671812534332275,6.417126655578613,-10.086933135986328,47.64161749309933,-122.13967193331078,122.2547607421875,1.9388701915740967,11.125394821166992,0.007188957650214434
1772180352266929000,0.009438563138246536,0.015099995769560337,0.5877322554588318,-3.885469675064087,6.701571941375732,-10.06314468383789,47.64161749309933,-122.13967193331078,122.2547607421875,1.9388701915740967,11.125394821166992,0.007188957650214434
1772180352279754000,0.008839239366352558,0.017289794981479645,0.6697108745574951,-4.385214805603027,7.54957389831543,-10.012402534484863,47.64161749309933,-122.13967193331078,122.2547607421875,1.9388701915740967,11.125394821166992,0.007188957650214434
1772180352305134000,0.006612920667976141,0.017910350114107132,0.6814643144607544,-4.325483322143555,7.458106994628906,-10.035536766052246,47.64161749309933,-122.13967193331078,122.2547607421875,1.9388701915740967,11.125394821166992,0.007188957650214434
1772180352318067000,0.004923270549625158,0.017404062673449516,0.6678966879844666,-4.267020225524902,7.248467445373535,-10.047098159790039,47.64161749309933,-122.13967193331078,122.2547607421875,1.9388701915740967,11.125394821166992,0.007188957650214434
1772180352344551000,0.005545664578676224,0.017943553626537323,0.6799895167350769,-4.191164493560791,7.244032382965088,-9.989052772521973,47.641627555939564,-122.1396699264603,122.25548553466797,1.1164612770080566,10.834940910339355,0.0022837817668914795
1772180352358601000,0.004505476448684931,0.01908114366233349,0.7195990085601807,-4.387796878814697,7.654026508331299,-10.027786254882812,47.641627555939564,-122.1396699264603,122.25548553466797,1.1164612770080566,10.834940910339355,0.0022837817668914795
1772180352384489000,0.004870300646871328,0.01864963211119175,0.7501235604286194,-4.449239730834961,7.84757137298584,-10.026451110839844,47.641627555939564,-122.1396699264603,122.25548553466797,1.1164612770080566,10.834940910339355,0.0022837817668914795
1772180352397565000,0.005727972835302353,0.022507628425955772,0.8334518074989319,-4.870480537414551,8.648762702941895,-10.041733741760254,47.641627555939564,-122.1396699264603,122.25548553466797,1.1164612770080566,10.834940910339355,0.0022837817668914795
1772180352422539000,0.00414660107344389,0.02054307609796524,0.7225362658500671,-3.921553373336792,7.337851047515869,-9.986054420471191,47.641627555939564,-122.1396699264603,122.25548553466797,1.1164612770080566,10.834940910339355,0.0022837817668914795
1772180352446328000,0.0016593178734183311,0.02061244659125805,0.7881502509117126,-3.9894161224365234,5.920232772827148,-10.111104011535645,47.641637696972545,-122.13966905171729,122.25564575195312,0.24789881706237793,10.4669189453125,0.001180291990749538
1772180352458239000,-0.006022195797413588,0.018106890842318535,0.6538758277893066,-3.1732535362243652,3.1789562702178955,-10.110413551330566,47.641637696972545,-122.13966905171729,122.25564575195312,0.24789881706237793,10.4669189453125,0.001180291990749538
1772180352483147000,-0.03921235725283623,0.012197981588542461,0.6529057621955872,7.459380149841309,-0.699142575263977,-10.050822257995605,47.641637696972545,-122.13966905171729,122.25564575195312,0.24789881706237793,10.4669189453125,0.001180291990749538
1772180352507417000,-0.07424325495958328,-0.0028041028417646885,0.663233757019043,10.396744728088379,-0.8018813729286194,-10.034611701965332,47.641637696972545,-122.13966905171729,122.25564575195312,0.24789881706237793,10.4669189453125,0.001180291990749538
1772180352519630000,-0.07957067340612411,-0.007576982490718365,0.6259031295776367,10.080443382263184,-0.04541380703449249,-9.949724197387695,47.641637696972545,-122.13966905171729,122.25564575195312,0.24789881706237793,10.4669189453125,0.001180291990749538
1772180352549343000,-0.08823772519826889,-0.008043354377150536,0.5786693692207336,9.802912712097168,1.3821330070495605,-9.763277053833008,47.64164810376383,-122.13966883254832,122.25433349609375,0.12405669689178467,11.14008903503418,-0.015224393457174301
1772180352556936000,-0.09250100702047348,-0.011449849233031273,0.6213307976722717,10.743267059326172,2.103508472442627,-9.767051696777344,47.64164810376383,-122.13966883254832,122.25433349609375,0.12405669689178467,11.14008903503418,-0.015224393457174301
1772180352583100000,-0.0709652379155159,-0.008731283247470856,0.5343195199966431,9.577494621276855,2.7745790481567383,-9.787322044372559,47.64164810376383,-122.13966883254832,122.25433349609375,0.12405669689178467,11.14008903503418,-0.015224393457174301
1772180352608780000,-0.057271916419267654,-0.008174527436494827,0.5261284112930298,9.893458366394043,3.499173402786255,-9.767206192016602,47.64164810376383,-122.13966883254832,122.25433349609375,0.12405669689178467,11.14008903503418,-0.015224393457174301
1772180352627612000,-0.05287809669971466,-0.0068713282234966755,0.5472304224967957,10.505289077758789,4.0389838218688965,-9.765933990478516,47.64164810376383,-122.13966883254832,122.25433349609375,0.12405669689178467,11.14008903503418,-0.015224393457174301
1772180352634430000,-0.0352914072573185,-0.0053052217699587345,0.44602686166763306,8.73670768737793,3.571394443511963,-9.853326797485352,47.64164810376383,-122.13966883254832,122.25433349609375,0.12405669689178467,11.14008903503418,-0.015224393457174301
1772180352659450000,-0.022534294053912163,-0.0008290511323139071,0.41892173886299133,8.60510540008545,3.9032955169677734,-9.766023635864258,47.64165892991259,-122.13966891853856,122.25373840332031,-0.2727673351764679,12.139866828918457,-0.0026358747854828835
1772180352685298000,-0.00952065084129572,0.0016622829716652632,0.3945501148700714,8.389345169067383,4.1156325340271,-9.818892478942871,47.64165892991259,-122.13966891853856,122.25373840332031,-0.2727673351764679,12.139866828918457,-0.0026358747854828835
1772180352698401000,-0.0034231829922646284,0.0014839917421340942,0.42769575119018555,8.851776123046875,5.3852949142456055,-9.822508811950684,47.64165892991259,-122.13966891853856,122.25373840332031,-0.2727673351764679,12.139866828918457,-0.0026358747854828835
1772180352723190000,0.02306322753429413,0.010489934124052525,0.39798450469970703,6.399183750152588,7.008632183074951,-9.856739044189453,47.64165892991259,-122.13966891853856,122.25373840332031,-0.2727673351764679,12.139866828918457,-0.0026358747854828835
1772180352735575000,0.032929953187704086,0.012940331362187862,0.38815638422966003,5.84490966796875,7.143089771270752,-9.879277229309082,47.64165892991259,-122.13966891853856,122.25373840332031,-0.2727673351764679,12.139866828918457,-0.0026358747854828835
1772180352760452000,0.044641803950071335,0.01919521577656269,0.32208502292633057,4.00543212890625,6.385472297668457,-9.921510696411133,47.6416703356876,-122.13966974926507,122.2538070678711,-0.9253258109092712,12.857619285583496,0.003954128362238407
1772180352784363000,0.051472008228302,0.020506739616394043,0.29647570848464966,2.520336389541626,6.026381969451904,-10.005109786987305,47.6416703356876,-122.13966974926507,122.2538070678711,-0.9253258109092712,12.857619285583496,0.003954128362238407
1772180352809449000,0.049503911286592484,0.023116234689950943,0.24568189680576324,0.8772098422050476,4.9804487228393555,-10.018779754638672,47.6416703356876,-122.13966974926507,122.2538070678711,-0.9253258109092712,12.857619285583496,0.003954128362238407
1772180352829814000,0.06047428399324417,0.02969321422278881,0.2842404842376709,0.295377254486084,5.814721584320068,-10.076970100402832,47.6416703356876,-122.13966974926507,122.2538070678711,-0.9253258109092712,12.857619285583496,0.003954128362238407
1772180352834727000,0.04954942688345909,0.024257149547338486,0.23332971334457397,-0.41681545972824097,4.643118858337402,-10.103446960449219,47.6416703356876,-122.13966974926507,122.2538070678711,-0.9253258109092712,12.857619285583496,0.003954128362238407
1772180352861837000,0.041667647659778595,0.026039868593215942,0.2017671912908554,-1.3446025848388672,3.856330633163452,-10.063512802124023,47.64168331112637,-122.13967173810632,122.25343322753906,-1.5811431407928467,12.909488677978516,-0.010485697537660599
1772180352889182000,0.042173583060503006,0.028768572956323624,0.20240359008312225,-2.350382089614868,5.668022155761719,-9.948025703430176,47.64168331112637,-122.13967173810632,122.25343322753906,-1.5811431407928467,12.909488677978516,-0.010485697537660599
1772180352901330000,-0.007685549091547728,0.013348866254091263,0.16656430065631866,-3.576420307159424,6.1397013664245605,-9.166603088378906,47.64168331112637,-122.13967173810632,122.25343322753906,-1.5811431407928467,12.909488677978516,-0.010485697537660599
1772180352927623000,-0.0010283015435561538,0.006249065976589918,0.16192589700222015,-2.948961019515991,6.190667629241943,-9.888787269592285,47.64168331112637,-122.13967173810632,122.25343322753906,-1.5811431407928467,12.909488677978516,-0.010485697537660599
1772180352940604000,0.005650630686432123,0.004594071768224239,0.21978572010993958,-3.833021879196167,7.934566974639893,-9.937758445739746,47.64168331112637,-122.13967173810632,122.25343322753906,-1.5811431407928467,12.909488677978516,-0.010485697537660599
1772180352966558000,0.01322320755571127,0.002109662862494588,0.23699240386486053,-3.6914312839508057,6.72543478012085,-9.971084594726562,47.64169536033458,-122.13967445154461,122.2532730102539,-2.2200052738189697,12.474530220031738,0.0013775533298030496
1772180352979800000,0.01456188503652811,0.0032774447463452816,0.2569156289100647,-3.787214994430542,6.4855499267578125,-9.95800495147705,47.64169536033458,-122.13967445154461,122.2532730102539,-2.2200052738189697,12.474530220031738,0.0013775533298030496
1772180353004940000,0.007153011858463287,0.0070494720712304115,0.3288750648498535,-4.254347324371338,6.613629341125488,-9.959646224975586,47.64169536033458,-122.13967445154461,122.2532730102539,-2.2200052738189697,12.474530220031738,0.0013775533298030496
1772180353017802000,0.004843506496399641,0.00696143601089716,0.32936322689056396,-4.061227798461914,5.929394245147705,-9.954991340637207,47.64169536033458,-122.13967445154461,122.2532730102539,-2.2200052738189697,12.474530220031738,0.0013775533298030496
1772180353044912000,0.003786449320614338,0.007152315694838762,0.35363391041755676,-3.940570592880249,5.390669822692871,-9.897303581237793,47.64169536033458,-122.13967445154461,122.2532730102539,-2.2200052738189697,12.474530220031738,0.0013775533298030496
1772180353069868000,0.0030334675684571266,0.009939263574779034,0.4577558636665344,-4.725137710571289,6.030566692352295,-9.988179206848145,47.64170677323841,-122.13967801027039,122.25318908691406,-2.7933034896850586,11.92136001586914,0.0016473331488668919
1772180353082654000,0.004443134646862745,0.010505426675081253,0.49999386072158813,-4.954128742218018,6.380089282989502,-10.00234317779541,47.64170677323841,-122.13967801027039,122.25318908691406,-2.7933034896850586,11.92136001586914,0.0016473331488668919
1772180353109520000,0.005358499474823475,0.011171652935445309,0.5232906937599182,-4.735025882720947,6.311606407165527,-9.90267562866211,47.64170677323841,-122.13967801027039,122.25318908691406,-2.7933034896850586,11.92136001586914,0.0016473331488668919
1772180353123179000,0.004428941756486893,0.010939260944724083,0.4964601397514343,-4.311817646026611,5.822010517120361,-9.966001510620117,47.64170677323841,-122.13967801027039,122.25318908691406,-2.7933034896850586,11.92136001586914,0.0016473331488668919
1772180353150558000,0.005040683317929506,0.01209730189293623,0.5685037970542908,-4.556318283081055,6.462645530700684,-9.953607559204102,47.64170677323841,-122.13967801027039,122.25318908691406,-2.7933034896850586,11.92136001586914,0.0016473331488668919
1772180353168811000,0.006775647401809692,0.01635640859603882,0.644878625869751,-5.001611232757568,7.260584354400635,-9.922587394714355,47.64170677323841,-122.13967801027039,122.25318908691406,-2.7933034896850586,11.92136001586914,0.0016473331488668919
1772180353187118000,0.008577452041208744,0.01572468876838684,0.70740807056427,-5.238525867462158,7.811322212219238,-9.947970390319824,47.64171774445275,-122.13968239879885,122.2535400390625,-3.3696136474609375,11.275657653808594,0.002949326066300273
1772180353199606000,0.00810154341161251,0.014164779335260391,0.6030281782150269,-4.328323841094971,6.650699138641357,-9.939960479736328,47.64171774445275,-122.13968239879885,122.2535400390625,-3.3696136474609375,11.275657653808594,0.002949326066300273
1772180353226477000,0.009959052316844463,0.014183520339429379,0.6242080926895142,-4.30642032623291,6.826996803283691,-9.92935562133789,47.64171774445275,-122.13968239879885,122.2535400390625,-3.3696136474609375,11.275657653808594,0.002949326066300273
1772180353250693000,0.013862065970897675,0.016482392325997353,0.7540278434753418,-5.029476642608643,8.14714241027832,-9.970769882202148,47.64171774445275,-122.13968239879885,122.2535400390625,-3.3696136474609375,11.275657653808594,0.002949326066300273
1772180353268311000,0.012052617035806179,0.017094364389777184,0.722038209438324,-4.719735622406006,7.781987190246582,-9.976691246032715,47.64171774445275,-122.13968239879885,122.2535400390625,-3.3696136474609375,11.275657653808594,0.002949326066300273
1772180353290200000,0.015758924186229706,0.017617443576455116,0.7468212246894836,-4.775073051452637,8.00085163116455,-9.954187393188477,47.64172756098259,-122.13968735259793,122.25411224365234,-3.9630260467529297,10.610143661499023,0.005845081061124802
1772180353302589000,0.012653572484850883,0.015719925984740257,0.6546153426170349,-4.1067047119140625,6.982543468475342,-9.952954292297363,47.64172756098259,-122.13968735259793,122.25411224365234,-3.9630260467529297,10.610143661499023,0.005845081061124802
1772180353330883000,0.014122052118182182,0.016673292964696884,0.6594151854515076,-4.0130109786987305,6.976066589355469,-9.991917610168457,47.64172756098259,-122.13968735259793,122.25411224365234,-3.9630260467529297,10.610143661499023,0.005845081061124802
1772180353342118000,0.013527958653867245,0.018425671383738518,0.7207043766975403,-4.391417503356934,7.679589748382568,-9.952986717224121,47.64172756098259,-122.13968735259793,122.25411224365234,-3.9630260467529297,10.610143661499023,0.005845081061124802
1772180353356136000,0.020309053361415863,0.02404279075562954,0.9719216823577881,-5.815593719482422,10.409927368164062,-10.064986228942871,47.64172756098259,-122.13968735259793,122.25411224365234,-3.9630260467529297,10.610143661499023,0.005845081061124802
1772180353381934000,0.016372013837099075,0.01897800713777542,0.7684610486030579,-4.5467376708984375,8.112380981445312,-9.972840309143066,47.64173719405573,-122.13969342619,122.25479888916016,-4.589810848236084,9.856654167175293,0.007196308113634586
1772180353407805000,0.016374554485082626,0.018222324550151825,0.7159655690193176,-4.003815650939941,7.6016950607299805,-10.005229949951172,47.64173719405573,-122.13969342619,122.25479888916016,-4.589810848236084,9.856654167175293,0.007196308113634586
1772180353433386000,0.013806517235934734,0.01983628422021866,0.7469207644462585,-3.944199323654175,7.331968307495117,-10.037591934204102,47.64173719405573,-122.13969342619,122.25479888916016,-4.589810848236084,9.856654167175293,0.007196308113634586
1772180353433386000,0.013806517235934734,0.01983628422021866,0.7469207644462585,-3.944199323654175,7.331968307495117,-10.037591934204102,47.64173719405573,-122.13969342619,122.25479888916016,-4.589810848236084,9.856654167175293,0.007196308113634586
1772180353458702000,-0.003651919774711132,0.015216747298836708,0.7228407859802246,7.651727199554443,2.8947460651397705,-10.2131986618042,47.64173719405573,-122.13969342619,122.25479888916016,-4.589810848236084,9.856654167175293,0.007196308113634586
1772180353482981000,-0.04244526848196983,0.006866765208542347,0.6919875144958496,9.645755767822266,-0.40656960010528564,-10.023577690124512,47.641746066604014,-122.13970019374759,122.25470733642578,-5.191666126251221,9.766350746154785,-0.004641229286789894
1772180353508156000,-0.07098029553890228,-0.004947304259985685,0.6426622867584229,9.331757545471191,-0.20025265216827393,-9.971656799316406,47.641746066604014,-122.13970019374759,122.25470733642578,-5.191666126251221,9.766350746154785,-0.004641229286789894
1772180353533546000,-0.0843128189444542,-0.008537602610886097,0.6580729484558105,10.106583595275879,1.4864689111709595,-9.900014877319336,47.641746066604014,-122.13970019374759,122.25470733642578,-5.191666126251221,9.766350746154785,-0.004641229286789894
1772180353546430000,-0.07602863758802414,-0.009753421880304813,0.6035659909248352,9.437115669250488,2.017941474914551,-9.800195693969727,47.641746066604014,-122.13970019374759,122.25470733642578,-5.191666126251221,9.766350746154785,-0.004641229286789894
1772180353570748000,-0.0683048665523529,-0.009429124183952808,0.6073712110519409,9.854588508605957,3.1770567893981934,-9.795938491821289,47.641746066604014,-122.13970019374759,122.25470733642578,-5.191666126251221,9.766350746154785,-0.004641229286789894
1772180353588144000,-0.06465332210063934,-0.007768544834107161,0.6273614764213562,10.395108222961426,3.8157949447631836,-9.824971199035645,47.64175529514386,-122.13970755233808,122.25447845458984,-5.841714859008789,10.54736042022705,-0.0060997335240244865
1772180353608290000,-0.044593695551157,-0.005993445869535208,0.5762127637863159,9.77721118927002,4.378077030181885,-9.81071949005127,47.64175529514386,-122.13970755233808,122.25447845458984,-5.841714859008789,10.54736042022705,-0.0060997335240244865
1772180353633466000,-0.028438925743103027,-0.0017115473747253418,0.5537014007568359,9.789773941040039,4.90322732925415,-9.844097137451172,47.64175529514386,-122.13970755233808,122.25447845458984,-5.841714859008789,10.54736042022705,-0.0060997335240244865
1772180353653046000,-0.017964385449886322,-0.0005461903638206422,0.46250030398368835,8.336219787597656,4.289954662322998,-9.840093612670898,47.64175529514386,-122.13970755233808,122.25447845458984,-5.841714859008789,10.54736042022705,-0.0060997335240244865
1772180353672085000,-0.006450455170124769,0.004141863435506821,0.5257595181465149,9.909684181213379,5.469261646270752,-9.866453170776367,47.64175529514386,-122.13970755233808,122.25447845458984,-5.841714859008789,10.54736042022705,-0.0060997335240244865
1772180353691722000,-1.5967067156452686e-05,0.0044491710141301155,0.49489760398864746,9.592018127441406,5.364011764526367,-9.906585693359375,47.64176515348103,-122.13971610732894,122.2540512084961,-6.756520748138428,11.068687438964844,0.00141066312789917
1772180353709294000,0.011152763850986958,0.008874299935996532,0.4852413833141327,9.63053035736084,6.0207061767578125,-9.916892051696777,47.64176515348103,-122.13971610732894,122.2540512084961,-6.756520748138428,11.068687438964844,0.00141066312789917
1772180353734219000,0.019558735191822052,0.01063091866672039,0.4463217854499817,9.191328048706055,5.976109027862549,-9.893741607666016,47.64176515348103,-122.13971610732894,122.2540512084961,-6.756520748138428,11.068687438964844,0.00141066312789917
1772180353746192000,0.019299063831567764,0.010289539583027363,0.37304604053497314,7.9939446449279785,5.002674579620361,-9.925156593322754,47.64176515348103,-122.13971610732894,122.2540512084961,-6.756520748138428,11.068687438964844,0.00141066312789917
1772180353772742000,0.023007595911622047,0.01121601928025484,0.3470112383365631,7.807155132293701,4.990237712860107,-9.920193672180176,47.64176515348103,-122.13971610732894,122.2540512084961,-6.756520748138428,11.068687438964844,0.00141066312789917
1772180353784714000,0.026594175025820732,0.013917403295636177,0.360474169254303,8.271878242492676,5.484502792358398,-9.935829162597656,47.64176515348103,-122.13971610732894,122.2540512084961,-6.756520748138428,11.068687438964844,0.00141066312789917
1772180353810048000,0.02266904152929783,0.011499784886837006,0.3111092448234558,7.718896865844727,4.953123569488525,-9.99527645111084,47.64177660898343,-122.13972718241364,122.25456237792969,-7.844184875488281,11.490049362182617,0.002079770667478442
1772180353823597000,0.03108825534582138,0.014453193172812462,0.3665411174297333,9.236226081848145,6.119256019592285,-9.965392112731934,47.64177660898343,-122.13972718241364,122.25456237792969,-7.844184875488281,11.490049362182617,0.002079770667478442
1772180353854939000,0.02819395810365677,0.015264359302818775,0.3269748091697693,8.719555854797363,5.827419757843018,-9.98131275177002,47.64177660898343,-122.13972718241364,122.25456237792969,-7.844184875488281,11.490049362182617,0.002079770667478442
1772180353872483000,0.024827782064676285,0.014348713681101799,0.2944333553314209,8.519468307495117,5.492281913757324,-9.93002986907959,47.64177660898343,-122.13972718241364,122.25456237792969,-7.844184875488281,11.490049362182617,0.002079770667478442
1772180353884759000,0.022769317030906677,0.012459087185561657,0.2668668329715729,7.9472246170043945,5.122410774230957,-9.96259880065918,47.64177660898343,-122.13972718241364,122.25456237792969,-7.844184875488281,11.490049362182617,0.002079770667478442
1772180353915995000,0.02154187671840191,0.013283099047839642,0.2585018575191498,8.262812614440918,5.238099575042725,-9.982276916503906,47.641788361826386,-122.13973979116001,122.25434112548828,-8.901938438415527,11.839513778686523,-0.0014244556659832597
1772180353934811000,0.01860741525888443,0.013048422522842884,0.2689375579357147,9.295309066772461,5.813414573669434,-10.002705574035645,47.641788361826386,-122.13973979116001,122.25434112548828,-8.901938438415527,11.839513778686523,-0.0014244556659832597
1772180353947494000,0.012004425749182701,0.009273708797991276,0.2030167579650879,7.568866729736328,4.2088623046875,-9.945291519165039,47.641788361826386,-122.13973979116001,122.25434112548828,-8.901938438415527,11.839513778686523,-0.0014244556659832597
1772180353973239000,0.009821848943829536,0.008953572250902653,0.18546374142169952,6.280265808105469,4.697649002075195,-9.980799674987793,47.641788361826386,-122.13973979116001,122.25434112548828,-8.901938438415527,11.839513778686523,-0.0014244556659832597
1772180353985867000,0.013751638121902943,0.012406036257743835,0.1950661540031433,4.565403938293457,5.6658735275268555,-9.996766090393066,47.641788361826386,-122.13973979116001,122.25434112548828,-8.901938438415527,11.839513778686523,-0.0014244556659832597
1772180354015527000,0.016986075788736343,0.013399694114923477,0.14655569195747375,0.8684309720993042,4.416722297668457,-10.020655632019043,47.641788361826386,-122.13973979116001,122.25434112548828,-8.901938438415527,11.839513778686523,-0.0014244556659832597
1772180354035893000,0.01482501719146967,0.015278984792530537,0.12833204865455627,-0.5192862749099731,3.5327231884002686,-10.02934741973877,47.641800697566,-122.13975421511165,122.25394439697266,-9.714506149291992,11.916526794433594,-0.008888518437743187
1772180354054723000,0.0157463438808918,0.01851031556725502,0.14752493798732758,-1.1722978353500366,4.000128746032715,-10.054473876953125,47.641800697566,-122.13975421511165,122.25394439697266,-9.714506149291992,11.916526794433594,-0.008888518437743187
1772180354072953000,0.010064411908388138,0.019855782389640808,0.1301576793193817,-2.1874477863311768,3.2751235961914062,-10.045743942260742,47.641800697566,-122.13975421511165,122.25394439697266,-9.714506149291992,11.916526794433594,-0.008888518437743187
1772180354084991000,-0.00526130897924304,0.015024079941213131,0.10231639444828033,-2.6131742000579834,2.602116584777832,-9.722411155700684,47.641800697566,-122.13975421511165,122.25394439697266,-9.714506149291992,11.916526794433594,-0.008888518437743187
1772180354110510000,-0.03838842362165451,0.008888652548193932,0.07350091636180878,-3.018305540084839,2.2555911540985107,-9.817718505859375,47.641800697566,-122.13975421511165,122.25394439697266,-9.714506149291992,11.916526794433594,-0.008888518437743187
1772180354135927000,-0.04644785821437836,0.007641443982720375,0.05653878673911095,-3.3727309703826904,1.7813665866851807,-9.891648292541504,47.641811036588,-122.13976703875562,122.25281524658203,-9.808755874633789,11.549447059631348,-0.011628738604485989
1772180354148461000,-0.05288856104016304,0.00964999571442604,0.05889272317290306,-3.898071527481079,1.833897590637207,-9.886247634887695,47.641811036588,-122.13976703875562,122.25281524658203,-9.808755874633789,11.549447059631348,-0.011628738604485989
1772180354173940000,-0.06569141894578934,0.01636056788265705,0.04284103587269783,-12.254505157470703,-0.14298343658447266,-9.768783569335938,47.641811036588,-122.13976703875562,122.25281524658203,-9.808755874633789,11.549447059631348,-0.011628738604485989
1772180354185915000,-0.07026432454586029,0.0177488774061203,0.03389030694961548,-11.07844352722168,-0.13463521003723145,-9.784063339233398,47.641811036588,-122.13976703875562,122.25281524658203,-9.808755874633789,11.549447059631348,-0.011628738604485989
1772180354211551000,-0.08999820798635483,0.027460522949695587,0.031101806089282036,-11.301480293273926,-0.21854309737682343,-9.713969230651855,47.641811036588,-122.13976703875562,122.25281524658203,-9.808755874633789,11.549447059631348,-0.011628738604485989
1772180354223543000,-0.09822159260511398,0.02875262126326561,0.02799230068922043,-11.348051071166992,-0.18281549215316772,-9.740861892700195,47.641811036588,-122.13976703875562,122.25281524658203,-9.808755874633789,11.549447059631348,-0.011628738604485989
1772180354248475000,-0.10819707065820694,0.03351597487926483,0.02472826838493347,-11.44009017944336,-0.2001020610332489,-9.71662712097168,47.64182243583834,-122.13978148912842,122.25144958496094,-9.183513641357422,10.724365234375,-0.0074446541257202625
1772180354272974000,-0.11729811877012253,0.03998896852135658,0.022052278742194176,-12.025500297546387,-0.1260625272989273,-9.732369422912598,47.64182243583834,-122.13978148912842,122.25144958496094,-9.183513641357422,10.724365234375,-0.0074446541257202625
1772180354298445000,-0.1124177947640419,0.04000142961740494,0.020420756191015244,-11.74182415008545,-0.029511697590351105,-9.694686889648438,47.64182243583834,-122.13978148912842,122.25144958496094,-9.183513641357422,10.724365234375,-0.0074446541257202625
1772180354312012000,-0.10505715757608414,0.03820836544036865,0.018535099923610687,-11.054647445678711,0.013046491891145706,-9.728500366210938,47.64182243583834,-122.13978148912842,122.25144958496094,-9.183513641357422,10.724365234375,-0.0074446541257202625
1772180354324099000,-0.10459300875663757,0.03974867984652519,0.01864178106188774,-11.328927040100098,0.05356135591864586,-9.756012916564941,47.64182243583834,-122.13978148912842,122.25144958496094,-9.183513641357422,10.724365234375,-0.0074446541257202625
1772180354350896000,-0.02264435589313507,0.02294921688735485,0.011252282187342644,-13.735406875610352,-0.6240383386611938,-8.658186912536621,47.64183167336819,-122.13979316615719,122.25155639648438,-8.397093772888184,9.827719688415527,0.007313332986086607
1772180354377669000,-0.0005006380379199982,0.020751256495714188,0.0010267338948324323,-12.56937026977539,-0.03259453922510147,-9.806408882141113,47.64183167336819,-122.13979316615719,122.25155639648438,-8.397093772888184,9.827719688415527,0.007313332986086607
1772180354390520000,-0.0002850607270374894,0.019253788515925407,0.0008920372929424047,-13.013912200927734,0.03581331670284271,-9.937030792236328,47.64183167336819,-122.13979316615719,122.25155639648438,-8.397093772888184,9.827719688415527,0.007313332986086607
1772180354417111000,-0.00025762454606592655,0.01606224849820137,-0.000348620000295341,-11.4492769241333,0.09239019453525543,-9.893855094909668,47.64183167336819,-122.13979316615719,122.25155639648438,-8.397093772888184,9.827719688415527,0.007313332986086607
1772180354430946000,0.001006335485726595,0.016816873103380203,2.7790621970780194e-05,-11.466751098632812,0.07928076386451721,-9.945416450500488,47.64183167336819,-122.13979316615719,122.25155639648438,-8.397093772888184,9.827719688415527,0.007313332986086607
1772180354455366000,0.0006836880347691476,0.015832556411623955,-0.0071633197367191315,-10.661595344543457,1.0687363147735596,-9.975921630859375,47.6418404444372,-122.13980425402792,122.2543716430664,-7.552881717681885,8.872499465942383,0.023473061621189117
1772180354474151000,-0.0006088493391871452,0.01416270062327385,-0.022274240851402283,-8.178366661071777,-0.7023267149925232,-10.035724639892578,47.6418404444372,-122.13980425402792,122.2543716430664,-7.552881717681885,8.872499465942383,0.023473061621189117
1772180354492892000,0.0009184719529002905,0.014445201493799686,-0.07998412102460861,-8.710237503051758,-3.4812095165252686,-10.004768371582031,47.6418404444372,-122.13980425402792,122.2543716430664,-7.552881717681885,8.872499465942383,0.023473061621189117
1772180354518255000,0.0017797129694372416,0.011636056005954742,-0.13777689635753632,-7.338893413543701,-4.517242431640625,-10.033934593200684,47.6418404444372,-122.13980425402792,122.2543716430664,-7.552881717681885,8.872499465942383,0.023473061621189117
1772180354532428000,0.0003457427374087274,0.004828236997127533,-0.1332211196422577,-5.236798286437988,-3.6744019985198975,-10.016307830810547,47.6418404444372,-122.13980425402792,122.2543716430664,-7.552881717681885,8.872499465942383,0.023473061621189117
1772180354559442000,-0.0036196273285895586,0.0021576203871518373,-0.23157934844493866,-5.415551662445068,-4.673769474029541,-9.996843338012695,47.641848242221606,-122.13981392109223,122.2555160522461,-6.852903842926025,8.474555969238281,0.008015268482267857
1772180354572580000,-0.006427160929888487,0.0010325787588953972,-0.3036084473133087,-5.646689414978027,-5.336162567138672,-10.004524230957031,47.641848242221606,-122.13981392109223,122.2555160522461,-6.852903842926025,8.474555969238281,0.008015268482267857
1772180354597492000,-0.01151208858937025,-0.0032556159421801567,-0.3706217408180237,-5.099557876586914,-5.283992290496826,-10.002472877502441,47.641848242221606,-122.13981392109223,122.2555160522461,-6.852903842926025,8.474555969238281,0.008015268482267857
1772180354611822000,-0.012223459780216217,-0.0040399362333118916,-0.36820390820503235,-4.544581413269043,-4.849846363067627,-9.9404935836792,47.641848242221606,-122.13981392109223,122.2555160522461,-6.852903842926025,8.474555969238281,0.008015268482267857
1772180354636437000,-0.022815808653831482,-0.010535714216530323,-0.5369550585746765,-5.550314903259277,-6.154684066772461,-9.967133522033691,47.641848242221606,-122.13981392109223,122.2555160522461,-6.852903842926025,8.474555969238281,0.008015268482267857
1772180354656696000,-0.019895702600479126,-0.010030408389866352,-0.47512882947921753,-4.532983779907227,-5.287505626678467,-9.930532455444336,47.64185624733046,-122.13982298035769,122.25593566894531,-6.111450672149658,8.40782642364502,-0.0035866659600287676
1772180354661019000,-0.021744143217802048,-0.011084120720624924,-0.4839307367801666,-4.2441182136535645,-5.109278202056885,-9.92162036895752,47.64185624733046,-122.13982298035769,122.25593566894531,-6.111450672149658,8.40782642364502,-0.0035866659600287676
1772180354699381000,-0.035555317997932434,-0.015695419162511826,-0.6050019264221191,-4.180480480194092,-6.3306403160095215,-9.884870529174805,47.64185624733046,-122.13982298035769,122.25593566894531,-6.111450672149658,8.40782642364502,-0.0035866659600287676
1772180354712378000,-0.036647140979766846,-0.015522344969213009,-0.5541709065437317,-3.6819701194763184,-5.707489013671875,-9.890986442565918,47.64185624733046,-122.13982298035769,122.25593566894531,-6.111450672149658,8.40782642364502,-0.0035866659600287676
1772180354740000000,-0.050149012356996536,-0.020873835310339928,-0.6326360702514648,-3.786910057067871,-6.291772842407227,-9.904589653015137,47.64185624733046,-122.13982298035769,122.25593566894531,-6.111450672149658,8.40782642364502,-0.0035866659600287676
1772180354760175000,-0.0635375827550888,-0.025317279621958733,-0.7439413666725159,-4.226193428039551,-7.322839260101318,-9.917494773864746,47.641864016541355,-122.13983073407515,122.25504302978516,-5.321810722351074,8.440786361694336,-0.007253391668200493
1772180354778734000,-0.07164739072322845,-0.02597876824438572,-0.7826159596443176,-4.058599948883057,-7.617733955383301,-9.90965461730957,47.641864016541355,-122.13983073407515,122.25504302978516,-5.321810722351074,8.440786361694336,-0.007253391668200493
1772180354791307000,-0.08161358535289764,-0.028201984241604805,-0.8782386779785156,-4.449307441711426,-8.510686874389648,-9.918859481811523,47.641864016541355,-122.13983073407515,122.25504302978516,-5.321810722351074,8.440786361694336,-0.007253391668200493
1772180354816007000,-0.07290246337652206,-0.02373565174639225,-0.7464151382446289,-3.5976688861846924,-7.0781941413879395,-9.90572452545166,47.641864016541355,-122.13983073407515,122.25504302978516,-5.321810722351074,8.440786361694336,-0.007253391668200493
1772180354841296000,-0.07409533113241196,-0.02288658171892166,-0.7574801445007324,-3.468722105026245,-7.095071315765381,-9.939217567443848,47.641864016541355,-122.13983073407515,122.25504302978516,-5.321810722351074,8.440786361694336,-0.007253391668200493
1772180354853625000,-0.08207577466964722,-0.02464401163160801,-0.8262991309165955,-3.7309014797210693,-7.756576061248779,-9.939602851867676,47.641864016541355,-122.13983073407515,122.25504302978516,-5.321810722351074,8.440786361694336,-0.007253391668200493
1772180354870101000,-0.08801234513521194,-0.025702359154820442,-0.9002141952514648,-3.9383795261383057,-8.396100044250488,-9.957740783691406,47.64187277363599,-122.13983800188667,122.25447845458984,-4.326887607574463,8.529924392700195,-0.009964696131646633
1772180354890080000,-0.08488204330205917,-0.022598441690206528,-0.8798907399177551,-3.7232606410980225,-8.124313354492188,-9.966489791870117,47.64187277363599,-122.13983800188667,122.25447845458984,-4.326887607574463,8.529924392700195,-0.009964696131646633
1772180354915248000,-0.07782100886106491,-0.018083423376083374,-0.8179892301559448,-3.3692994117736816,-7.523758411407471,-9.982829093933105,47.64187277363599,-122.13983800188667,122.25447845458984,-4.326887607574463,8.529924392700195,-0.009964696131646633
1772180354940843000,-0.08051807433366776,-0.014607163146138191,-0.89875727891922,-3.836845874786377,-8.28573226928711,-9.878270149230957,47.64187277363599,-122.13983800188667,122.25447845458984,-4.326887607574463,8.529924392700195,-0.009964696131646633
1772180354953922000,-0.02566547319293022,0.01350747887045145,-0.8934485912322998,-5.125706195831299,-8.458736419677734,-9.058500289916992,47.64187277363599,-122.13983800188667,122.25447845458984,-4.326887607574463,8.529924392700195,-0.009964696131646633
1772180354979554000,-0.01732676289975643,0.02050924301147461,-0.9407035112380981,-4.243035316467285,-8.860227584838867,-9.857916831970215,47.64188042349359,-122.1398430140034,122.25386810302734,-3.3807573318481445,8.553044319152832,0.005923881195485592
1772180354992923000,-0.019248289987444878,0.020963409915566444,-0.8842279314994812,-3.9693033695220947,-8.247759819030762,-9.912644386291504,47.64188042349359,-122.1398430140034,122.25386810302734,-3.3807573318481445,8.553044319152832,0.005923881195485592
1772180355017502000,-0.027138130739331245,0.02419240213930607,-1.058191180229187,-4.697747707366943,-9.831034660339355,-10.013495445251465,47.64188042349359,-122.1398430140034,122.25386810302734,-3.3807573318481445,8.553044319152832,0.005923881195485592
1772180355042219000,-0.024660149589180946,0.022779008373618126,-0.9761411547660828,-4.299254417419434,-8.941831588745117,-9.976303100585938,47.64188042349359,-122.1398430140034,122.25386810302734,-3.3807573318481445,8.553044319152832,0.005923881195485592
1772180355055531000,-0.02193772792816162,0.020680902525782585,-0.8915228843688965,-3.87223219871521,-8.083754539489746,-9.996097564697266,47.64188042349359,-122.1398430140034,122.25386810302734,-3.3807573318481445,8.553044319152832,0.005923881195485592
1772180355071792000,-0.022338461130857468,0.02140350081026554,-0.8806319832801819,-3.8125243186950684,-7.936155796051025,-10.00364875793457,47.64188817644351,-122.13984682446416,122.25515747070312,-2.416105031967163,8.493525505065918,0.010613679885864258
1772180355091395000,-0.022988928481936455,0.022340282797813416,-0.9402744770050049,-3.9794106483459473,-8.41348648071289,-10.107343673706055,47.64188817644351,-122.13984682446416,122.25515747070312,-2.416105031967163,8.493525505065918,0.010613679885864258
1772180355116434000,-0.019017418846488,0.021966293454170227,-0.8474608659744263,-3.5803017616271973,-7.4715375900268555,-10.006115913391113,47.64188817644351,-122.13984682446416,122.25515747070312,-2.416105031967163,8.493525505065918,0.010613679885864258
1772180355141827000,-0.01792033389210701,0.021777911111712456,-0.8014774918556213,-3.3332579135894775,-6.935497760772705,-10.044294357299805,47.64188817644351,-122.13984682446416,122.25515747070312,-2.416105031967163,8.493525505065918,0.010613679885864258
1772180355154048000,-0.023335054516792297,0.029171373695135117,-1.1249234676361084,-4.618798732757568,-9.790410041809082,-10.088061332702637,47.64188817644351,-122.13984682446416,122.25515747070312,-2.416105031967163,8.493525505065918,0.010613679885864258
1772180355166351000,-0.016467396169900894,0.023546913638710976,-0.8940614461898804,-3.6661171913146973,-7.685926914215088,-10.049837112426758,47.64188817644351,-122.13984682446416,122.25515747070312,-2.416105031967163,8.493525505065918,0.010613679885864258
1772180355191173000,-0.015641776844859123,0.023286467418074608,-0.9145330190658569,-3.7025163173675537,-7.780696392059326,-10.076080322265625,47.64189661276483,-122.13984954224348,122.2561264038086,-1.3843345642089844,8.330934524536133,0.00776592968031764
1772180355215749000,-0.01244094967842102,0.024767648428678513,-0.9283019304275513,-3.6585025787353516,-7.774862289428711,-10.070479393005371,47.64189661276483,-122.13984954224348,122.2561264038086,-1.3843345642089844,8.330934524536133,0.00776592968031764
1772180355240902000,-0.011340457946062088,0.02563883364200592,-0.9404407739639282,-3.658963918685913,-7.809177398681641,-10.021985054016113,47.64189661276483,-122.13984954224348,122.2561264038086,-1.3843345642089844,8.330934524536133,0.00776592968031764
1772180355253116000,-0.01194463949650526,0.026913374662399292,-0.9683970808982849,-3.784395933151245,-8.034605979919434,-10.075491905212402,47.64189661276483,-122.13984954224348,122.2561264038086,-1.3843345642089844,8.330934524536133,0.00776592968031764
1772180355267040000,-0.010211528278887272,0.028280245140194893,-1.0091805458068848,-3.8777530193328857,-8.29024600982666,-10.030679702758789,47.64189661276483,-122.13984954224348,122.2561264038086,-1.3843345642089844,8.330934524536133,0.00776592968031764
1772180355303406000,-0.009263470768928528,0.03041944094002247,-1.0508759021759033,-3.9510796070098877,-8.471508026123047,-10.065984725952148,47.64190391080998,-122.13985069326817,122.25627136230469,-0.5014686584472656,8.103165626525879,0.004228429868817329
1772180355315907000,-0.006514342967420816,0.02770805172622204,-1.0023725032806396,-3.7721996307373047,-8.039243698120117,-10.057038307189941,47.64190391080998,-122.13985069326817,122.25627136230469,-0.5014686584472656,8.103165626525879,0.004228429868817329
1772180355341875000,-0.006975437514483929,0.024722816422581673,-0.8906446695327759,-3.301912546157837,-7.013675212860107,-10.03376579284668,47.64190391080998,-122.13985069326817,122.25627136230469,-0.5014686584472656,8.103165626525879,0.004228429868817329
1772180355354960000,-0.005885709542781115,0.03187868371605873,-1.1532562971115112,-4.197884559631348,-9.136263847351074,-10.129372596740723,47.64190391080998,-122.13985069326817,122.25627136230469,-0.5014686584472656,8.103165626525879,0.004228429868817329
1772180355367208000,-0.004981679376214743,0.025784533470869064,-0.9383456707000732,-3.4512977600097656,-7.335160732269287,-10.023067474365234,47.64190391080998,-122.13985069326817,122.25627136230469,-0.5014686584472656,8.103165626525879,0.004228429868817329
1772180355391761000,-0.0016135101905092597,0.026820356026291847,-0.9722208976745605,-3.513282299041748,-7.479017734527588,-9.965270042419434,47.64191200097807,-122.13985062437833,122.25658416748047,0.46050140261650085,7.748263359069824,0.0008594929822720587
1772180355417838000,-0.001340816030278802,0.024804716929793358,-0.8969553709030151,-3.1615772247314453,-6.772089958190918,-10.001473426818848,47.64191200097807,-122.13985062437833,122.25658416748047,0.46050140261650085,7.748263359069824,0.0008594929822720587
1772180355443205000,-0.0008287430391646922,0.029784318059682846,-1.0437240600585938,-3.6380488872528076,-7.8826093673706055,-10.030789375305176,47.64191200097807,-122.13985062437833,122.25658416748047,0.46050140261650085,7.748263359069824,0.0008594929822720587
1772180355456247000,-0.0004974546609446406,0.02830895036458969,-1.0071680545806885,-3.494922637939453,-7.5452070236206055,-10.03311824798584,47.64191200097807,-122.13985062437833,122.25658416748047,0.46050140261650085,7.748263359069824,0.0008594929822720587
1772180355468766000,-0.0009695359040051699,0.027256932109594345,-1.004494547843933,-3.4285802841186523,-7.503669261932373,-10.017260551452637,47.64191200097807,-122.13985062437833,122.25658416748047,0.46050140261650085,7.748263359069824,0.0008594929822720587
1772180355493844000,0.0031888699159026146,0.029699182137846947,-1.0104256868362427,-3.4542644023895264,-7.428682804107666,-10.033014297485352,47.64191884977012,-122.13984938032611,122.25678253173828,1.25299870967865,7.356142520904541,-0.0013020607875660062
1772180355519099000,0.0016227236483246088,0.03077799826860428,-1.0839645862579346,-3.635462999343872,-7.894681930541992,-10.047134399414062,47.64191884977012,-122.13984938032611,122.25678253173828,1.25299870967865,7.356142520904541,-0.0013020607875660062
1772180355543530000,0.0004796201828867197,0.030429206788539886,-1.1139856576919556,-3.6836163997650146,-8.027393341064453,-10.037596702575684,47.64191884977012,-122.13984938032611,122.25678253173828,1.25299870967865,7.356142520904541,-0.0013020607875660062
1772180355555079000,0.002721642842516303,0.029143981635570526,-1.0302636623382568,-3.436426877975464,-7.350558280944824,-10.05268383026123,47.64191884977012,-122.13984938032611,122.25678253173828,1.25299870967865,7.356142520904541,-0.0013020607875660062
1772180355581221000,0.0025875491555780172,0.026058536022901535,-0.9570459127426147,-3.117192268371582,-6.776273727416992,-9.99055290222168,47.64191884977012,-122.13984938032611,122.25678253173828,1.25299870967865,7.356142520904541,-0.0013020607875660062
1772180355605266000,0.005424605682492256,0.0337027981877327,-1.1595349311828613,-3.7055888175964355,-8.130001068115234,-10.041047096252441,47.64192515746543,-122.13984719203589,122.25646209716797,1.9572138786315918,6.913513660430908,-0.0027998548466712236
1772180355617795000,0.004633679986000061,0.03064463660120964,-1.0578073263168335,-3.4063303470611572,-7.324636936187744,-10.031166076660156,47.64192515746543,-122.13984719203589,122.25646209716797,1.9572138786315918,6.913513660430908,-0.0027998548466712236
1772180355643479000,0.005289931781589985,0.026677485555410385,-1.0060324668884277,-3.1877036094665527,-6.895939826965332,-10.01473331451416,47.64192515746543,-122.13984719203589,122.25646209716797,1.9572138786315918,6.913513660430908,-0.0027998548466712236
1772180355655331000,0.004452845081686974,0.029163463041186333,-1.050322413444519,-3.2831921577453613,-7.1739325523376465,-9.974327087402344,47.64192515746543,-122.13984719203589,122.25646209716797,1.9572138786315918,6.913513660430908,-0.0027998548466712236
1772180355680776000,0.008597824722528458,0.02724624238908291,-0.9652307629585266,-2.641602039337158,-4.8490729331970215,-10.059849739074707,47.64192515746543,-122.13984719203589,122.25646209716797,1.9572138786315918,6.913513660430908,-0.0027998548466712236
1772180355701115000,0.018580053001642227,0.027667665854096413,-0.997814953327179,-2.2299644947052,-2.5981338024139404,-10.117145538330078,47.64193112010144,-122.13984410340878,122.25604248046875,2.524959087371826,6.454076290130615,-0.00816674530506134
1772180355716306000,0.043143630027770996,0.018837591633200645,-0.9755781888961792,9.70042896270752,-0.21677044034004211,-10.038336753845215,47.64193112010144,-122.13984410340878,122.25604248046875,2.524959087371826,6.454076290130615,-0.00816674530506134
1772180355741413000,0.06922012567520142,0.007219846826046705,-0.8583248257637024,9.830811500549316,0.7201998233795166,-9.94448184967041,47.64193112010144,-122.13984410340878,122.25604248046875,2.524959087371826,6.454076290130615,-0.00816674530506134
1772180355766320000,0.09930528700351715,-0.004419401753693819,-0.8854365944862366,10.385385513305664,1.4478626251220703,-9.863545417785645,47.64193112010144,-122.13984410340878,122.25604248046875,2.524959087371826,6.454076290130615,-0.00816674530506134
1772180355778786000,0.10663729161024094,-0.007019957061856985,-0.8863533735275269,10.643121719360352,1.0576961040496826,-9.809575080871582,47.64193112010144,-122.13984410340878,122.25604248046875,2.524959087371826,6.454076290130615,-0.00816674530506134
1772180355803141000,0.10894693434238434,-0.012280386872589588,-0.8644402027130127,10.92918586730957,-0.1035236120223999,-9.786847114562988,47.64193808196491,-122.13984011593878,122.25421142578125,2.883194923400879,7.494930744171143,-0.01700500026345253
1772180355819458000,0.10312224179506302,-0.012486112304031849,-0.8295072317123413,10.727171897888184,-0.6403303742408752,-9.724084854125977,47.64193808196491,-122.13984011593878,122.25421142578125,2.883194923400879,7.494930744171143,-0.01700500026345253
1772180355839989000,0.08702176809310913,-0.013352294452488422,-0.7791976928710938,10.44870376586914,-1.600814700126648,-9.704449653625488,47.64193808196491,-122.13984011593878,122.25421142578125,2.883194923400879,7.494930744171143,-0.01700500026345253
1772180355865486000,0.06561340391635895,-0.013534828089177608,-0.7121807336807251,9.829401969909668,-2.2465343475341797,-9.747286796569824,47.64193808196491,-122.13984011593878,122.25421142578125,2.883194923400879,7.494930744171143,-0.01700500026345253
1772180355878702000,0.06844484806060791,-0.01247416716068983,-0.8363124132156372,11.678705215454102,-3.0064609050750732,-9.739473342895508,47.64193808196491,-122.13984011593878,122.25421142578125,2.883194923400879,7.494930744171143,-0.01700500026345253
1772180355891660000,0.04693678021430969,-0.008974382653832436,-0.6689703464508057,9.468045234680176,-2.6986377239227295,-9.686403274536133,47.64193808196491,-122.13984011593878,122.25421142578125,2.883194923400879,7.494930744171143,-0.01700500026345253
1772180355915173000,0.03637038171291351,-0.007105629425495863,-0.7773708701133728,11.21530818939209,-3.834890365600586,-9.783102035522461,47.64194525508352,-122.13983584221616,122.25320434570312,3.5324652194976807,8.352052688598633,-0.00224396213889122
1772180355940683000,0.0157321710139513,-0.0012357935775071383,-0.6240864992141724,9.07485580444336,-3.571319341659546,-9.807546615600586,47.64194525508352,-122.13983584221616,122.25320434570312,3.5324652194976807,8.352052688598633,-0.00224396213889122
1772180355966761000,0.0024616471491754055,-0.0014534336514770985,-0.6027570366859436,9.023439407348633,-3.821183919906616,-9.79453182220459,47.64194525508352,-122.13983584221616,122.25320434570312,3.5324652194976807,8.352052688598633,-0.00224396213889122
1772180355979881000,-0.005575153511017561,0.002082976046949625,-0.7354568243026733,11.160375595092773,-4.956084728240967,-9.833098411560059,47.64194525508352,-122.13983584221616,122.25320434570312,3.5324652194976807,8.352052688598633,-0.00224396213889122
1772180356005503000,-0.013818682171404362,0.004462462849915028,-0.622355580329895,9.660286903381348,-4.687600612640381,-9.826047897338867,47.64194525508352,-122.13983584221616,122.25320434570312,3.5324652194976807,8.352052688598633,-0.00224396213889122
1772180356019599000,-0.01924924924969673,0.004088148009032011,-0.6427506804466248,10.07148551940918,-4.984766483306885,-9.865548133850098,47.64195426822477,-122.13982964735806,122.25350189208984,4.514389514923096,9.09994888305664,0.00683814100921154
1772180356043640000,-0.033273544162511826,0.010530049912631512,-0.6867607235908508,11.088967323303223,-5.8274688720703125,-9.882930755615234,47.64195426822477,-122.13982964735806,122.25350189208984,4.514389514923096,9.09994888305664,0.00683814100921154
1772180356056368000,-0.02901449240744114,0.009586169384419918,-0.5675580501556396,9.279093742370605,-4.876768589019775,-9.94816780090332,47.64195426822477,-122.13982964735806,122.25350189208984,4.514389514923096,9.09994888305664,0.00683814100921154
1772180356082079000,-0.036598872393369675,0.012088063172996044,-0.5583291053771973,9.3693208694458,-5.365257740020752,-9.922060012817383,47.64195426822477,-122.13982964735806,122.25350189208984,4.514389514923096,9.09994888305664,0.00683814100921154
1772180356094881000,-0.03526826202869415,0.013263776898384094,-0.5231257081031799,8.949161529541016,-5.1364545822143555,-9.929893493652344,47.64195426822477,-122.13982964735806,122.25350189208984,4.514389514923096,9.09994888305664,0.00683814100921154
1772180356119640000,-0.054577358067035675,0.01801949366927147,-0.5375217795372009,8.149755477905273,-7.806463241577148,-9.902806282043457,47.64196284288006,-122.1398227733049,122.2544174194336,5.499483585357666,9.565818786621094,0.00794519018381834
1772180356144690000,-0.07335303723812103,0.024927819147706032,-0.4684268832206726,5.8681640625,-8.689455032348633,-9.952483177185059,47.64196284288006,-122.1398227733049,122.2544174194336,5.499483585357666,9.565818786621094,0.00794519018381834
1772180356156633000,-0.09631378203630447,0.03252995386719704,-0.5053876638412476,6.001368522644043,-10.186785697937012,-10.020742416381836,47.64196284288006,-122.1398227733049,122.2544174194336,5.499483585357666,9.565818786621094,0.00794519018381834
1772180356182185000,-0.09678962081670761,0.034633997827768326,-0.4064643979072571,4.110801696777344,-9.093546867370605,-10.019859313964844,47.64196284288006,-122.1398227733049,122.2544174194336,5.499483585357666,9.565818786621094,0.00794519018381834
1772180356207699000,-0.11753728240728378,0.04529276117682457,-0.4140026867389679,3.363320827484131,-10.097517013549805,-10.102010726928711,47.64196284288006,-122.1398227733049,122.2544174194336,5.499483585357666,9.565818786621094,0.00794519018381834
1772180356219876000,-0.1292467713356018,0.04985935240983963,-0.4257172644138336,2.8967196941375732,-10.574004173278809,-10.17052936553955,47.641971379436555,-122.13981458677382,122.25543212890625,6.567402362823486,9.373641967773438,0.0061500477604568005
1772180356245587000,-0.11451270431280136,0.04775691032409668,-0.3692779541015625,1.3215935230255127,-9.132925987243652,-10.208908081054688,47.641971379436555,-122.13981458677382,122.25543212890625,6.567402362823486,9.373641967773438,0.0061500477604568005
1772180356257331000,-0.06214125081896782,0.03249972313642502,-0.4085526168346405,-0.8425869941711426,-11.165637016296387,-9.024406433105469,47.641971379436555,-122.13981458677382,122.25543212890625,6.567402362823486,9.373641967773438,0.0061500477604568005
1772180356285206000,-0.033600881695747375,0.011486262083053589,-0.3334404230117798,-0.7331582307815552,-8.72276782989502,-10.131409645080566,47.641971379436555,-122.13981458677382,122.25543212890625,6.567402362823486,9.373641967773438,0.0061500477604568005
1772180356299849000,-0.03359094262123108,0.006428245920687914,-0.3024290204048157,-0.7733297944068909,-7.274637699127197,-10.185810089111328,47.641971379436555,-122.13981458677382,122.25543212890625,6.567402362823486,9.373641967773438,0.0061500477604568005
1772180356324418000,-0.010092582553625107,0.006342320702970028,-0.3934551477432251,-1.4625403881072998,-2.2030813694000244,-10.280696868896484,47.641979863865295,-122.13980477025365,122.2564926147461,7.2442498207092285,8.806150436401367,0.004796193912625313
1772180356342552000,0.024020090699195862,0.007758680731058121,-0.3576600253582001,-1.8958730697631836,0.6816644668579102,-10.230780601501465,47.641979863865295,-122.13980477025365,122.2564926147461,7.2442498207092285,8.806150436401367,0.004796193912625313
1772180356365265000,0.04532488435506821,0.009180104359984398,-0.2797996997833252,-2.310321569442749,-1.2609373331069946,-10.114914894104004,47.641979863865295,-122.13980477025365,122.2564926147461,7.2442498207092285,8.806150436401367,0.004796193912625313
1772180356389319000,0.05865567550063133,0.011880727484822273,-0.2998221516609192,-3.379237174987793,-2.7273712158203125,-10.1602144241333,47.641979863865295,-122.13980477025365,122.2564926147461,7.2442498207092285,8.806150436401367,0.004796193912625313
1772180356402041000,0.03658303618431091,0.010262835770845413,-0.19658194482326508,-2.488806962966919,-1.9508585929870605,-9.972128868103027,47.641979863865295,-122.13980477025365,122.2564926147461,7.2442498207092285,8.806150436401367,0.004796193912625313
1772180356429278000,0.03724690154194832,0.014585992321372032,-0.18546472489833832,-2.858945608139038,-2.1762688159942627,-9.948484420776367,47.641987810859895,-122.13979495187135,122.2553939819336,7.217244625091553,8.500885963439941,-0.021878940984606743
1772180356445570000,0.039417386054992676,0.013010571710765362,-0.1590614914894104,-2.788403272628784,-1.9890729188919067,-9.90485668182373,47.641987810859895,-122.13979495187135,122.2553939819336,7.217244625091553,8.500885963439941,-0.021878940984606743
1772180356468308000,0.06373129785060883,0.011337239295244217,-0.1422692835330963,-3.353400468826294,-2.2000186443328857,-9.790250778198242,47.641987810859895,-122.13979495187135,122.2553939819336,7.217244625091553,8.500885963439941,-0.021878940984606743
1772180356481455000,0.062147412449121475,0.011585051193833351,-0.12305382639169693,-3.2521653175354004,-1.927925705909729,-9.845213890075684,47.641987810859895,-122.13979495187135,122.2553939819336,7.217244625091553,8.500885963439941,-0.021878940984606743
1772180356508178000,0.05678236857056618,0.00990761537104845,-0.09209027141332626,-2.834188461303711,-1.3831963539123535,-9.860268592834473,47.641987810859895,-122.13979495187135,122.2553939819336,7.217244625091553,8.500885963439941,-0.021878940984606743
1772180356527857000,0.07076635956764221,0.011577380821108818,-0.09888634830713272,-3.454576015472412,-1.505313515663147,-9.846165657043457,47.641987810859895,-122.13979495187135,122.2553939819336,7.217244625091553,8.500885963439941,-0.021878940984606743
1772180356551123000,0.07371241599321365,0.010778906755149364,-0.08181017637252808,-3.5206053256988525,-1.254992961883545,-9.850038528442383,47.641995713365034,-122.13978478968833,122.25301361083984,7.150472640991211,8.113666534423828,-0.019437074661254883
1772180356570272000,0.058395273983478546,0.010095573030412197,-0.055802397429943085,-2.942903995513916,-0.8088499903678894,-9.784518241882324,47.641995713365034,-122.13978478968833,122.25301361083984,7.150472640991211,8.113666534423828,-0.019437074661254883
1772180356582822000,0.06343082338571548,0.009859995916485786,-0.05407007038593292,-3.070575475692749,-0.7133030295372009,-9.793245315551758,47.641995713365034,-122.13978478968833,122.25301361083984,7.150472640991211,8.113666534423828,-0.019437074661254883
1772180356608446000,0.06740031391382217,0.009035566821694374,-0.04753236100077629,-3.268683433532715,-0.6691275835037231,-9.770490646362305,47.641995713365034,-122.13978478968833,122.25301361083984,7.150472640991211,8.113666534423828,-0.019437074661254883
1772180356620750000,0.05245853587985039,0.007790037896484137,-0.030984262004494667,-2.5118377208709717,-0.395440936088562,-9.742210388183594,47.641995713365034,-122.13978478968833,122.25301361083984,7.150472640991211,8.113666534423828,-0.019437074661254883
1772180356651745000,0.05604666471481323,0.009499169886112213,-0.028645236045122147,-2.848351240158081,-0.38668757677078247,-9.745866775512695,47.64200373020194,-122.13977421821973,122.25102996826172,6.990781307220459,7.795743465423584,-0.015563536435365677
1772180356659446000,0.06031446158885956,0.011077183298766613,-0.027407649904489517,-3.108133316040039,-0.3916243314743042,-9.755404472351074,47.64200373020194,-122.13977421821973,122.25102996826172,6.990781307220459,7.795743465423584,-0.015563536435365677
1772180356685563000,0.05217520520091057,0.00906840618699789,-0.019603131338953972,-2.7642874717712402,-0.2424737811088562,-9.744979858398438,47.64200373020194,-122.13977421821973,122.25102996826172,6.990781307220459,7.795743465423584,-0.015563536435365677
1772180356710058000,0.052472472190856934,0.010537410154938698,-0.014309562742710114,-2.9911181926727295,-0.2063424289226532,-9.737256050109863,47.64200373020194,-122.13977421821973,122.25102996826172,6.990781307220459,7.795743465423584,-0.015563536435365677
1772180356729196000,0.050145167857408524,0.010048636235296726,-0.013152972795069218,-2.8862245082855225,-0.1313268095254898,-9.777997016906738,47.64200373020194,-122.13977421821973,122.25102996826172,6.990781307220459,7.795743465423584,-0.015563536435365677
1772180356746316000,0.060636959969997406,0.012186622247099876,-0.0135353934019804,-3.700852870941162,-0.1256156712770462,-9.791702270507812,47.64200373020194,-122.13977421821973,122.25102996826172,6.990781307220459,7.795743465423584,-0.015563536435365677
1772180356771314000,0.04779330641031265,0.009174573235213757,-0.008968549780547619,-3.030869245529175,-0.14521105587482452,-9.833755493164062,47.64201146545364,-122.13976390848322,122.24927520751953,6.790316581726074,7.528088092803955,-0.009505102410912514
1772180356784207000,0.03918110579252243,0.009105078876018524,-0.007637747563421726,-2.8064959049224854,-0.073865607380867,-9.717864990234375,47.64201146545364,-122.13976390848322,122.24927520751953,6.790316581726074,7.528088092803955,-0.009505102410912514
1772180356810606000,0.03586559370160103,0.009248698130249977,-0.00622522970661521,-2.741421699523926,-0.04356744512915611,-9.765226364135742,47.64201146545364,-122.13976390848322,122.24927520751953,6.790316581726074,7.528088092803955,-0.009505102410912514
1772180356824552000,0.03620925545692444,0.0071927644312381744,-0.006665859837085009,-2.9314661026000977,-0.02291974425315857,-9.762622833251953,47.64201146545364,-122.13976390848322,122.24927520751953,6.790316581726074,7.528088092803955,-0.009505102410912514
1772180356848779000,0.03592246025800705,0.009211844764649868,-0.006164587568491697,-3.3892858028411865,-0.026440821588039398,-9.771929740905762,47.64201146545364,-122.13976390848322,122.24927520751953,6.790316581726074,7.528088092803955,-0.009505102410912514
1772180356873121000,0.02837592177093029,0.007150767836719751,0.002118530683219433,-3.0329065322875977,2.0549638271331787,-9.769767761230469,47.642018331083015,-122.13975472470409,122.24851989746094,6.59555721282959,7.300906658172607,-0.0045904782600700855
1772180356885060000,0.0049992031417787075,0.002604361856356263,0.009341513738036156,-2.910654067993164,2.4022998809814453,-9.486398696899414,47.642018331083015,-122.13975472470409,122.24851989746094,6.59555721282959,7.300906658172607,-0.0045904782600700855
1772180356911549000,0.010602607391774654,-0.001890100771561265,0.04629087448120117,-2.5640454292297363,3.6465487480163574,-9.74065113067627,47.642018331083015,-122.13975472470409,122.24851989746094,6.59555721282959,7.300906658172607,-0.0045904782600700855
1772180356929904000,0.017869243398308754,-0.0035090537276118994,0.09079013019800186,-3.1287429332733154,4.753758430480957,-9.703274726867676,47.642018331083015,-122.13975472470409,122.24851989746094,6.59555721282959,7.300906658172607,-0.0045904782600700855
1772180356948940000,0.029932912439107895,-0.006270942743867636,0.17004932463169098,-3.3939619064331055,5.126884460449219,-9.761299133300781,47.642018331083015,-122.13975472470409,122.24851989746094,6.59555721282959,7.300906658172607,-0.0045904782600700855
1772180356973103000,0.03259950503706932,-0.006824305281043053,0.2362043708562851,-3.2244536876678467,3.1530938148498535,-9.833340644836426,47.64202487385182,-122.13974631058474,122.24901580810547,6.102199554443359,7.338606834411621,0.0061219362542033195
1772180356985027000,0.021724456921219826,-0.003704527858644724,0.2462390661239624,-3.0368616580963135,-0.06533701717853546,-9.96566104888916,47.64202487385182,-122.13974631058474,122.24901580810547,6.102199554443359,7.338606834411621,0.0061219362542033195
1772180357009165000,-0.03225883096456528,-0.002491355175152421,0.22033441066741943,-2.6269779205322266,-4.709853172302246,-9.91517448425293,47.64202487385182,-122.13974631058474,122.24901580810547,6.102199554443359,7.338606834411621,0.0061219362542033195
1772180357032923000,-0.04622345790266991,0.001694601378403604,0.18258361518383026,-2.6929428577423096,-1.7128918170928955,-9.911466598510742,47.64202487385182,-122.13974631058474,122.24901580810547,6.102199554443359,7.338606834411621,0.0061219362542033195
1772180357046374000,-0.04376133158802986,0.0018565248465165496,0.17978008091449738,-2.9235451221466064,-0.7511643171310425,-9.897231101989746,47.64202487385182,-122.13974631058474,122.24901580810547,6.102199554443359,7.338606834411621,0.0061219362542033195
1772180357057862000,-0.02654336392879486,0.0015422465512529016,0.12903954088687897,-2.281919002532959,-0.029963228851556778,-9.882594108581543,47.6420319725126,-122.13973742958244,122.2486572265625,5.992828845977783,7.025973320007324,-0.004352813120931387
1772180357094413000,0.022716781124472618,0.007124518975615501,0.141646608710289,-2.6466920375823975,4.127191543579102,-9.855133056640625,47.6420319725126,-122.13973742958244,122.2486572265625,5.992828845977783,7.025973320007324,-0.004352813120931387
1772180357106541000,0.041815418750047684,0.0068063754588365555,0.1451699584722519,-2.492234706878662,4.517045497894287,-9.832021713256836,47.6420319725126,-122.13973742958244,122.2486572265625,5.992828845977783,7.025973320007324,-0.004352813120931387
1772180357118714000,0.022177308797836304,0.0029517458751797676,0.1617865264415741,-3.245267152786255,4.521789073944092,-9.45884895324707,47.6420319725126,-122.13973742958244,122.2486572265625,5.992828845977783,7.025973320007324,-0.004352813120931387
1772180357142278000,0.01669830083847046,-0.0039506168104708195,0.19164633750915527,-2.8808043003082275,5.12950325012207,-9.714584350585938,47.6420319725126,-122.13973742958244,122.2486572265625,5.992828845977783,7.025973320007324,-0.004352813120931387
1772180357167131000,0.024892013520002365,-0.00543818948790431,0.21747155487537384,-2.642479658126831,4.642969608306885,-9.74600601196289,47.6420319725126,-122.13973742958244,122.2486572265625,5.992828845977783,7.025973320007324,-0.004352813120931387
1772180357192055000,0.03847508132457733,-0.006989058572798967,0.3097938299179077,-3.103882074356079,5.310277462005615,-9.791491508483887,47.64203888459789,-122.13972918843892,122.24896240234375,5.395349502563477,7.10715913772583,0.00625413516536355
1772180357204617000,0.04267321899533272,-0.007597997318953276,0.3349086046218872,-2.996652126312256,5.298852443695068,-9.790629386901855,47.64203888459789,-122.13972918843892,122.24896240234375,5.395349502563477,7.10715913772583,0.00625413516536355
1772180357229632000,0.05474838241934776,-0.011274736374616623,0.433805912733078,-3.3286941051483154,5.6980719566345215,-9.793821334838867,47.64203888459789,-122.13972918843892,122.24896240234375,5.395349502563477,7.10715913772583,0.00625413516536355
1772180357242441000,0.054014965891838074,-0.012094023637473583,0.45675572752952576,-3.3019471168518066,5.484614372253418,-9.836752891540527,47.64203888459789,-122.13972918843892,122.24896240234375,5.395349502563477,7.10715913772583,0.00625413516536355
1772180357268281000,0.05983385816216469,-0.01299893856048584,0.51849764585495,-3.3606250286102295,5.5227837562561035,-9.86230754852295,47.64203888459789,-122.13972918843892,122.24896240234375,5.395349502563477,7.10715913772583,0.00625413516536355
1772180357291776000,0.06860504299402237,-0.0123986154794693,0.6523239612579346,-3.799799919128418,6.365585803985596,-9.918519973754883,47.6420453702828,-122.1397224495222,122.2497787475586,4.735733509063721,7.1924872398376465,0.007721328176558018
1772180357303773000,0.06362710893154144,-0.011738588102161884,0.6305682063102722,-3.5009872913360596,6.041342258453369,-9.88930892944336,47.6420453702828,-122.1397224495222,122.2497787475586,4.735733509063721,7.1924872398376465,0.007721328176558018
1772180357328185000,0.0624123178422451,-0.011276284232735634,0.638059675693512,-3.265249252319336,5.851271629333496,-9.912591934204102,47.6420453702828,-122.1397224495222,122.2497787475586,4.735733509063721,7.1924872398376465,0.007721328176558018
1772180357354115000,0.0571044385433197,-0.010142531245946884,0.5994051694869995,-2.851349115371704,5.2916364669799805,-9.971341133117676,47.6420453702828,-122.1397224495222,122.2497787475586,4.735733509063721,7.1924872398376465,0.007721328176558018
1772180357367038000,0.08559276163578033,-0.012721159495413303,0.9312317967414856,-4.2774457931518555,8.17604923248291,-9.883444786071777,47.6420453702828,-122.1397224495222,122.2497787475586,4.735733509063721,7.1924872398376465,0.007721328176558018
1772180357391874000,0.06920812278985977,-0.007942842319607735,0.8005732893943787,-3.6708428859710693,6.961312770843506,-9.86803150177002,47.642051773382676,-122.13971679286803,122.25007629394531,4.0013427734375,7.268357276916504,0.005512373521924019
1772180357405417000,0.07553375512361526,-0.005287247244268656,0.9163037538528442,-4.175646781921387,7.879623889923096,-9.838095664978027,47.642051773382676,-122.13971679286803,122.25007629394531,4.0013427734375,7.268357276916504,0.005512373521924019
1772180357428805000,0.03729481250047684,0.01518626231700182,0.9773823022842407,-4.478173732757568,8.445072174072266,-9.731833457946777,47.642051773382676,-122.13971679286803,122.25007629394531,4.0013427734375,7.268357276916504,0.005512373521924019
1772180357454618000,0.029348166659474373,0.015233839862048626,0.8041265606880188,-3.474309206008911,6.672266960144043,-9.859862327575684,47.642051773382676,-122.13971679286803,122.25007629394531,4.0013427734375,7.268357276916504,0.005512373521924019
1772180357467714000,0.030442528426647186,0.014429082162678242,0.862137496471405,-3.65649151802063,7.118115425109863,-9.928483963012695,47.642051773382676,-122.13971679286803,122.25007629394531,4.0013427734375,7.268357276916504,0.005512373521924019
1772180357492804000,0.032987870275974274,0.018155939877033234,0.9064080119132996,-3.717533826828003,7.366826057434082,-9.967629432678223,47.64205836892505,-122.13971207460344,122.25135040283203,3.165055274963379,7.304797172546387,0.015684686601161957
1772180357505726000,0.037492863833904266,0.019271014258265495,1.0210508108139038,-4.072566986083984,8.175156593322754,-9.997182846069336,47.64205836892505,-122.13971207460344,122.25135040283203,3.165055274963379,7.304797172546387,0.015684686601161957
1772180357531079000,0.03222716972231865,0.019094398245215416,0.950637936592102,-3.7232019901275635,7.452945709228516,-9.938923835754395,47.64205836892505,-122.13971207460344,122.25135040283203,3.165055274963379,7.304797172546387,0.015684686601161957
1772180357556336000,0.02853369526565075,0.01836950145661831,0.9106048345565796,-3.4534354209899902,7.004333019256592,-10.019340515136719,47.64205836892505,-122.13971207460344,122.25135040283203,3.165055274963379,7.304797172546387,0.015684686601161957
1772180357570159000,0.030436677858233452,0.022014616057276726,1.012251377105713,-3.7606959342956543,7.743003845214844,-9.980232238769531,47.64205836892505,-122.13971207460344,122.25135040283203,3.165055274963379,7.304797172546387,0.015684686601161957
1772180357594462000,0.0311424620449543,0.024419618770480156,1.1107192039489746,-4.087287425994873,8.443310737609863,-10.030430793762207,47.64206505497971,-122.13970844287165,122.25299072265625,2.3127634525299072,7.289087772369385,0.012911258265376091
1772180357607529000,0.025052014738321304,0.021659186109900475,0.9951853156089783,-3.6034340858459473,7.464795112609863,-10.025320053100586,47.64206505497971,-122.13970844287165,122.25299072265625,2.3127634525299072,7.289087772369385,0.012911258265376091
1772180357633627000,0.023518841713666916,0.021318836137652397,0.967154860496521,-3.4591245651245117,7.174750804901123,-10.018310546875,47.64206505497971,-122.13970844287165,122.25299072265625,2.3127634525299072,7.289087772369385,0.012911258265376091
1772180357646381000,0.023965761065483093,0.02379201166331768,1.073406457901001,-3.71834135055542,7.953164100646973,-10.059852600097656,47.64206505497971,-122.13970844287165,122.25299072265625,2.3127634525299072,7.289087772369385,0.012911258265376091
1772180357672570000,0.020749438554048538,0.02321665547788143,0.9820989966392517,-3.338143825531006,7.122557163238525,-10.0181884765625,47.64206505497971,-122.13970844287165,122.25299072265625,2.3127634525299072,7.289087772369385,0.012911258265376091
1772180357690599000,0.017955278977751732,0.02395831234753132,0.9887224435806274,-3.350841522216797,7.151634216308594,-9.979456901550293,47.64207176483641,-122.13970594323983,122.25406646728516,1.4596138000488281,7.201692581176758,0.008315003477036953
1772180357710681000,0.01601978950202465,0.025783494114875793,1.0684880018234253,-3.592114210128784,7.617582321166992,-10.038582801818848,47.64207176483641,-122.13970594323983,122.25406646728516,1.4596138000488281,7.201692581176758,0.008315003477036953
1772180357735223000,0.010251027531921864,0.02421317808330059,0.9744122624397278,-2.897120952606201,5.418574810028076,-10.06353759765625,47.64207176483641,-122.13970594323983,122.25406646728516,1.4596138000488281,7.201692581176758,0.008315003477036953
1772180357754091000,0.0033944740425795317,0.02693266235291958,1.0850435495376587,-2.72171950340271,3.524423599243164,-10.193734169006348,47.64207176483641,-122.13970594323983,122.25406646728516,1.4596138000488281,7.201692581176758,0.008315003477036953
1772180357771863000,-0.02869991958141327,0.01712105982005596,0.9565776586532593,9.238058090209961,0.2523675858974457,-10.020474433898926,47.64207176483641,-122.13970594323983,122.25406646728516,1.4596138000488281,7.201692581176758,0.008315003477036953
1772180357784373000,-0.04864708334207535,0.011058244854211807,0.9950974583625793,11.152482032775879,-0.39264950156211853,-10.024208068847656,47.64207176483641,-122.13970594323983,122.25406646728516,1.4596138000488281,7.201692581176758,0.008315003477036953
1772180357808844000,-0.08267905563116074,-0.0008882819092832506,0.9832260608673096,11.39327621459961,-1.218848466873169,-9.99168872833252,47.64207909028049,-122.1397042805514,122.25399017333984,1.0759201049804688,7.540970802307129,-0.008971769362688065
1772180357834227000,-0.09707023948431015,-0.008580232970416546,0.8785121440887451,10.524471282958984,-1.007903814315796,-9.848228454589844,47.64207909028049,-122.1397042805514,122.25399017333984,1.0759201049804688,7.540970802307129,-0.008971769362688065
1772180357847779000,-0.10134229063987732,-0.013396404683589935,0.867253303527832,10.719539642333984,-0.3872002959251404,-9.833370208740234,47.64207909028049,-122.1397042805514,122.25399017333984,1.0759201049804688,7.540970802307129,-0.008971769362688065
1772180357875106000,-0.1015029028058052,-0.014699442312121391,0.8712642788887024,11.224206924438477,0.776264488697052,-9.805299758911133,47.64207909028049,-122.1397042805514,122.25399017333984,1.0759201049804688,7.540970802307129,-0.008971769362688065
1772180357887168000,-0.07599810510873795,-0.0143683310598135,0.705718994140625,9.301159858703613,1.1643646955490112,-9.746940612792969,47.64207909028049,-122.1397042805514,122.25399017333984,1.0759201049804688,7.540970802307129,-0.008971769362688065
1772180357910841000,-0.06924563646316528,-0.013078336603939533,0.7766847014427185,10.458456039428711,2.2521889209747314,-9.681622505187988,47.64208666333405,-122.13970263293818,122.253173828125,1.186239242553711,8.632363319396973,-0.00726994639262557
1772180357935828000,-0.048628080636262894,-0.009789051488041878,0.7007697820663452,9.63854694366455,2.85117506980896,-9.801397323608398,47.64208666333405,-122.13970263293818,122.253173828125,1.186239242553711,8.632363319396973,-0.00726994639262557
1772180357953468000,-0.0418228954076767,-0.009368321858346462,0.7335371971130371,10.134998321533203,3.240888833999634,-9.795095443725586,47.64208666333405,-122.13970263293818,122.253173828125,1.186239242553711,8.632363319396973,-0.00726994639262557
1772180357972855000,-0.025106515735387802,-0.007092134095728397,0.7030388116836548,9.936345100402832,3.65602445602417,-9.796629905700684,47.64208666333405,-122.13970263293818,122.253173828125,1.186239242553711,8.632363319396973,-0.00726994639262557
1772180357997235000,-0.011251918971538544,-0.002002890221774578,0.7236230969429016,10.35151481628418,4.267034530639648,-9.80845832824707,47.64208666333405,-122.13970263293818,122.253173828125,1.186239242553711,8.632363319396973,-0.00726994639262557
1772180358014908000,-0.004340308718383312,-0.0008567111799493432,0.6233878135681152,8.949085235595703,3.9110822677612305,-9.84487247467041,47.642095777562176,-122.13970113372551,122.25296783447266,0.8482577204704285,9.76057243347168,0.005129330791532993
1772180358034603000,0.008506168611347675,0.0013867105590179563,0.713391125202179,10.482441902160645,4.88568115234375,-9.884346961975098,47.642095777562176,-122.13970113372551,122.25296783447266,0.8482577204704285,9.76057243347168,0.005129330791532993
1772180358046849000,0.012110169045627117,0.003930485341697931,0.5741771459579468,8.40803337097168,4.098597526550293,-9.870226860046387,47.642095777562176,-122.13970113372551,122.25296783447266,0.8482577204704285,9.76057243347168,0.005129330791532993
1772180358071645000,0.021802252158522606,0.004909659270197153,0.582242488861084,8.750372886657715,4.444005489349365,-9.906367301940918,47.642095777562176,-122.13970113372551,122.25296783447266,0.8482577204704285,9.76057243347168,0.005129330791532993
1772180358095800000,0.03255431354045868,0.009003052487969398,0.5813175439834595,8.49382209777832,5.353261947631836,-9.883345603942871,47.642095777562176,-122.13970113372551,122.25296783447266,0.8482577204704285,9.76057243347168,0.005129330791532993
1772180358109560000,0.04146481677889824,0.013638528063893318,0.6271654963493347,9.004988670349121,6.252990245819092,-9.946377754211426,47.642095777562176,-122.13970113372551,122.25296783447266,0.8482577204704285,9.76057243347168,0.005129330791532993
1772180358132867000,0.06910441070795059,0.023167695850133896,0.6815222501754761,8.592720031738281,8.837882041931152,-9.909966468811035,47.64210613085436,-122.13970036546259,122.254150390625,0.21776814758777618,10.779237747192383,0.008910197764635086
1772180358145457000,0.07050922513008118,0.025198090821504593,0.6144911050796509,6.774262428283691,8.926130294799805,-9.923137664794922,47.64210613085436,-122.13970036546259,122.254150390625,0.21776814758777618,10.779237747192383,0.008910197764635086
1772180358169006000,0.09205257147550583,0.03165213018655777,0.5944620966911316,6.097891807556152,9.392217636108398,-9.940085411071777,47.64210613085436,-122.13970036546259,122.254150390625,0.21776814758777618,10.779237747192383,0.008910197764635086
1772180358194307000,0.09424255788326263,0.03447026014328003,0.5079071521759033,4.807619571685791,8.672677040100098,-10.018495559692383,47.64210613085436,-122.13970036546259,122.254150390625,0.21776814758777618,10.779237747192383,0.008910197764635086
1772180358219012000,0.12646618485450745,0.0490209124982357,0.5974379777908325,4.8943586349487305,10.947620391845703,-10.083224296569824,47.64210613085436,-122.13970036546259,122.254150390625,0.21776814758777618,10.779237747192383,0.008910197764635086
1772180358237089000,0.10189668834209442,0.040961917489767075,0.46819841861724854,3.3176109790802,8.84028434753418,-10.084498405456543,47.642117097381444,-122.13970093089692,122.25486755371094,-0.8587332963943481,11.292006492614746,0.007290178444236517
1772180358258613000,0.1236501932144165,0.05132492259144783,0.5049055218696594,2.071281671524048,10.050357818603516,-10.155013084411621,47.642117097381444,-122.13970093089692,122.25486755371094,-0.8587332963943481,11.292006492614746,0.007290178444236517
1772180358271150000,0.13696585595607758,0.05832882225513458,0.6037071943283081,0.787774384021759,12.274662017822266,-10.057962417602539,47.642117097381444,-122.13970093089692,122.25486755371094,-0.8587332963943481,11.292006492614746,0.007290178444236517
1772180358298897000,0.0395638570189476,0.01627323217689991,0.4909694790840149,-1.5741044282913208,10.756855010986328,-9.926430702209473,47.642117097381444,-122.13970093089692,122.25486755371094,-0.8587332963943481,11.292006492614746,0.007290178444236517
1772180358311664000,0.03347126394510269,0.009425004944205284,0.35611197352409363,-1.4863207340240479,7.618149280548096,-10.098313331604004,47.642117097381444,-122.13970093089692,122.25486755371094,-0.8587332963943481,11.292006492614746,0.007290178444236517
1772180358340215000,0.04112859070301056,0.011398828588426113,0.4902278482913971,-3.453918218612671,10.262619972229004,-10.181227684020996,47.6421277644905,-122.1397030586112,122.25631713867188,-1.9384702444076538,11.058170318603516,0.0164935402572155
1772180358347081000,0.032119326293468475,0.01184050366282463,0.4197486937046051,-3.2438294887542725,8.55199146270752,-10.152153015136719,47.6421277644905,-122.1397030586112,122.25631713867188,-1.9384702444076538,11.058170318603516,0.0164935402572155
1772180358372026000,0.02347557432949543,0.01299558486789465,0.3765024244785309,-3.240051031112671,7.16769552230835,-10.110729217529297,47.6421277644905,-122.1397030586112,122.25631713867188,-1.9384702444076538,11.058170318603516,0.0164935402572155
1772180358398130000,-0.08683869987726212,0.02690213732421398,0.4024379551410675,-3.2666125297546387,7.910247325897217,-9.899921417236328,47.6421277644905,-122.1397030586112,122.25631713867188,-1.9384702444076538,11.058170318603516,0.0164935402572155
1772180358412373000,-0.08059673011302948,0.02232375182211399,0.4246131479740143,-3.9124491214752197,8.11777114868164,-9.550002098083496,47.6421277644905,-122.1397030586112,122.25631713867188,-1.9384702444076538,11.058170318603516,0.0164935402572155
1772180358424910000,-0.06388240307569504,0.01873880624771118,0.42823952436447144,-3.6525959968566895,7.76704740524292,-9.649100303649902,47.6421277644905,-122.1397030586112,122.25631713867188,-1.9384702444076538,11.058170318603516,0.0164935402572155
1772180358450370000,-0.03398185223340988,0.008662805892527103,0.4507274031639099,3.6668975353240967,4.97227144241333,-9.924200057983398,47.64213750367793,-122.13970622180554,122.25546264648438,-2.6781702041625977,10.543793678283691,-0.01857360638678074
1772180358475995000,-0.046102751046419144,-0.00285140797495842,0.40144434571266174,9.0252046585083,-0.585096001625061,-9.891112327575684,47.64213750367793,-122.13970622180554,122.25546264648438,-2.6781702041625977,10.543793678283691,-0.01857360638678074
1772180358500113000,-0.0689997673034668,-0.016026727855205536,0.41395410895347595,10.092178344726562,-0.6830029487609863,-9.837217330932617,47.64213750367793,-122.13970622180554,122.25546264648438,-2.6781702041625977,10.543793678283691,-0.01857360638678074
1772180358512358000,-0.07195280492305756,-0.023044534027576447,0.4187215268611908,10.411184310913086,-0.10250898450613022,-9.905815124511719,47.64213750367793,-122.13970622180554,122.25546264648438,-2.6781702041625977,10.543793678283691,-0.01857360638678074
1772180358537204000,-0.07066842913627625,-0.02930118702352047,0.3877878785133362,10.098443984985352,1.095262885093689,-9.689964294433594,47.64213750367793,-122.13970622180554,122.25546264648438,-2.6781702041625977,10.543793678283691,-0.01857360638678074
1772180358554943000,-0.0900738537311554,-0.019679181277751923,0.3718383014202118,9.887552261352539,1.9154256582260132,-9.217723846435547,47.64214870009545,-122.13971054213529,122.25263214111328,-3.0559020042419434,11.557154655456543,-0.014886257238686085
1772180358576077000,-0.08710884302854538,-0.018795106559991837,0.37539908289909363,11.032837867736816,2.4961376190185547,-9.680107116699219,47.64214870009545,-122.13971054213529,122.25263214111328,-3.0559020042419434,11.557154655456543,-0.014886257238686085
1772180358599184000,-0.08057570457458496,-0.019844310358166695,0.38102418184280396,12.212813377380371,3.3732025623321533,-9.72874641418457,47.64214870009545,-122.13971054213529,122.25263214111328,-3.0559020042419434,11.557154655456543,-0.014886257238686085
1772180358612755000,-0.04747004434466362,-0.011400035582482815,0.27877259254455566,8.563743591308594,4.072425365447998,-9.697035789489746,47.64214870009545,-122.13971054213529,122.25263214111328,-3.0559020042419434,11.557154655456543,-0.014886257238686085
1772180358638449000,-0.007533884607255459,-0.0013455514563247561,0.31864506006240845,6.398904800415039,8.334959030151367,-9.73557186126709,47.64214870009545,-122.13971054213529,122.25263214111328,-3.0559020042419434,11.557154655456543,-0.014886257238686085
1772180358663097000,0.039924249053001404,0.011290308088064194,0.3308931291103363,4.541719436645508,9.431241035461426,-9.799400329589844,47.64215948788347,-122.13971503820434,122.25277709960938,-3.7189691066741943,12.22948932647705,0.004858638625591993
1772180358675437000,0.04839214310050011,0.014637903310358524,0.28399133682250977,2.8501174449920654,7.818639755249023,-9.890388488769531,47.64215948788347,-122.13971503820434,122.25277709960938,-3.7189691066741943,12.22948932647705,0.004858638625591993
1772180358699459000,0.07901372760534286,0.026591351255774498,0.34395983815193176,1.4809519052505493,8.466054916381836,-9.95987606048584,47.64215948788347,-122.13971503820434,122.25277709960938,-3.7189691066741943,12.22948932647705,0.004858638625591993
1772180358723200000,0.09333200007677078,0.034914903342723846,0.3830069899559021,-0.009474311023950577,8.07307243347168,-10.074938774108887,47.64215948788347,-122.13971503820434,122.25277709960938,-3.7189691066741943,12.22948932647705,0.004858638625591993
1772180358735793000,0.0945236086845398,0.03757108375430107,0.40107521414756775,-0.5362433791160583,7.811382293701172,-10.048860549926758,47.64215948788347,-122.13971503820434,122.25277709960938,-3.7189691066741943,12.22948932647705,0.004858638625591993
1772180358747930000,0.09329955279827118,0.03864244744181633,0.40582770109176636,-0.9481267333030701,7.201362609863281,-10.06989860534668,47.64215948788347,-122.13971503820434,122.25277709960938,-3.7189691066741943,12.22948932647705,0.004858638625591993
1772180358772856000,0.10407725721597672,0.0471382811665535,0.49833598732948303,-2.050781726837158,7.606103420257568,-10.138964653015137,47.642171626071615,-122.13972134882177,122.25261688232422,-4.6116042137146,12.045459747314453,0.00019770412473008037
1772180358798277000,0.012132059782743454,0.0220105592161417,0.5062429308891296,-3.5302693843841553,7.4865403175354,-9.705288887023926,47.642171626071615,-122.13972134882177,122.25261688232422,-4.6116042137146,12.045459747314453,0.00019770412473008037
1772180358823772000,0.013401463627815247,0.015098036266863346,0.5193952918052673,-3.537372350692749,6.940107345581055,-10.033804893493652,47.642171626071615,-122.13972134882177,122.25261688232422,-4.6116042137146,12.045459747314453,0.00019770412473008037
1772180358836627000,0.0175529345870018,0.013642527163028717,0.5474591255187988,-3.790788412094116,7.075331687927246,-10.084342002868652,47.642171626071615,-122.13972134882177,122.25261688232422,-4.6116042137146,12.045459747314453,0.00019770412473008037
1772180358849034000,0.01958637498319149,0.01267649233341217,0.5580890774726868,-3.9018001556396484,7.009833812713623,-10.04262638092041,47.642171626071615,-122.13972134882177,122.25261688232422,-4.6116042137146,12.045459747314453,0.00019770412473008037
1772180358873084000,0.024335863068699837,0.010463939979672432,0.5956557989120483,-4.176321029663086,7.211770534515381,-10.049829483032227,47.64218350921824,-122.13972886748505,122.25401306152344,-5.238290786743164,11.361787796020508,0.007772453129291534
1772180358897659000,0.02501962147653103,0.01023765467107296,0.5941120386123657,-4.09220552444458,6.92488956451416,-10.058943748474121,47.64218350921824,-122.13972886748505,122.25401306152344,-5.238290786743164,11.361787796020508,0.007772453129291534
1772180358921793000,0.02937024086713791,0.008257982321083546,0.6595150828361511,-4.420515060424805,7.537973880767822,-10.039263725280762,47.64218350921824,-122.13972886748505,122.25401306152344,-5.238290786743164,11.361787796020508,0.007772453129291534
1772180358934358000,0.02209712192416191,0.011529422365128994,0.657602846622467,-4.640125274658203,7.506417274475098,-9.866866111755371,47.64218350921824,-122.13972886748505,122.25401306152344,-5.238290786743164,11.361787796020508,0.007772453129291534
1772180358960630000,0.01349170133471489,0.01406046561896801,0.6246457695960999,-4.252681255340576,7.1146721839904785,-9.927104949951172,47.64218350921824,-122.13972886748505,122.25401306152344,-5.238290786743164,11.361787796020508,0.007772453129291534
1772180358984668000,0.012420292012393475,0.015689227730035782,0.7072529792785645,-4.418663501739502,8.142669677734375,-10.057600021362305,47.64219325291508,-122.13973617025701,122.25475311279297,-5.745380878448486,10.637516975402832,0.006667273119091988
1772180358997481000,0.015138384886085987,0.01915242336690426,0.7288725972175598,-4.419891357421875,8.11893081665039,-9.991595268249512,47.64219325291508,-122.13973617025701,122.25475311279297,-5.745380878448486,10.637516975402832,0.006667273119091988
1772180359023764000,0.007213846780359745,0.017160946503281593,0.6692987680435181,-3.8468916416168213,4.978666305541992,-10.129515647888184,47.64219325291508,-122.13973617025701,122.25475311279297,-5.745380878448486,10.637516975402832,0.006667273119091988
1772180359035910000,-0.0058167059905827045,0.019728882238268852,0.6801428198814392,-3.89383864402771,2.2337117195129395,-10.177033424377441,47.64219325291508,-122.13973617025701,122.25475311279297,-5.745380878448486,10.637516975402832,0.006667273119091988
1772180359060136000,-0.05334911495447159,0.019083308055996895,0.6011271476745605,-3.3132638931274414,-1.6738229990005493,-10.019033432006836,47.64219325291508,-122.13973617025701,122.25475311279297,-5.745380878448486,10.637516975402832,0.006667273119091988
1772180359072217000,-0.06446337699890137,0.022686617448925972,0.5763495564460754,-3.3959224224090576,-0.1195906475186348,-10.060501098632812,47.64219325291508,-122.13973617025701,122.25475311279297,-5.745380878448486,10.637516975402832,0.006667273119091988
1772180359095948000,-0.05399215221405029,0.011056562885642052,0.4977417290210724,7.075688362121582,1.842923641204834,-10.033344268798828,47.64220361627827,-122.13974501512041,122.25434112548828,-5.915229320526123,10.141797065734863,-0.013258789665997028
1772180359121798000,-0.041147854179143906,0.0007399403839372098,0.4329460859298706,9.143482208251953,1.5912928581237793,-9.965024948120117,47.64220361627827,-122.13974501512041,122.25434112548828,-5.915229320526123,10.141797065734863,-0.013258789665997028
1772180359134180000,-0.03986893221735954,-0.005795807112008333,0.47282037138938904,10.136938095092773,2.178385019302368,-9.999482154846191,47.64220361627827,-122.13974501512041,122.25434112548828,-5.915229320526123,10.141797065734863,-0.013258789665997028
1772180359159400000,-0.03224921599030495,-0.017471132799983025,0.45055630803108215,9.9514799118042,2.9278762340545654,-9.816851615905762,47.64220361627827,-122.13974501512041,122.25434112548828,-5.915229320526123,10.141797065734863,-0.013258789665997028
1772180359172569000,-0.05649987980723381,-0.008922028355300426,0.4053657650947571,8.773249626159668,3.2015719413757324,-9.331664085388184,47.64220361627827,-122.13974501512041,122.25434112548828,-5.915229320526123,10.141797065734863,-0.013258789665997028
1772180359196699000,-0.05157448723912239,-0.005196079146116972,0.4231637716293335,10.286491394042969,4.2395219802856445,-9.588372230529785,47.64221298523418,-122.13975334179716,122.25293731689453,-6.649024486541748,10.791792869567871,-0.011379184201359749
1772180359220975000,-0.0383610837161541,-0.006604397669434547,0.37933966517448425,9.878965377807617,4.444105625152588,-9.744214057922363,47.64221298523418,-122.13975334179716,122.25293731689453,-6.649024486541748,10.791792869567871,-0.011379184201359749
1772180359245094000,-0.02611972764134407,-0.002052691299468279,0.3662104308605194,10.000933647155762,4.867003917694092,-9.791220664978027,47.64221298523418,-122.13975334179716,122.25293731689453,-6.649024486541748,10.791792869567871,-0.011379184201359749
1772180359256820000,-0.015688372775912285,0.00021059904247522354,0.2904619872570038,7.674065589904785,4.437159538269043,-9.746347427368164,47.64221298523418,-122.13975334179716,122.25293731689453,-6.649024486541748,10.791792869567871,-0.011379184201359749
1772180359282132000,0.015443598851561546,0.007108213379979134,0.28282156586647034,4.430386543273926,7.661350727081299,-9.792156219482422,47.64221298523418,-122.13975334179716,122.25293731689453,-6.649024486541748,10.791792869567871,-0.011379184201359749
1772180359306247000,0.056823357939720154,0.020872529596090317,0.30630776286125183,3.0264463424682617,9.352264404296875,-9.869647979736328,47.642223945292486,-122.139763922586,122.25237274169922,-7.655645370483398,11.14586353302002,0.005331675987690687
1772180359318648000,0.07293268293142319,0.026116875931620598,0.32534489035606384,2.274000883102417,9.827588081359863,-9.970499038696289,47.642223945292486,-122.139763922586,122.25237274169922,-7.655645370483398,11.14586353302002,0.005331675987690687
1772180359343034000,0.08969451487064362,0.03169364109635353,0.31986045837402344,0.617009162902832,8.981703758239746,-9.980354309082031,47.642223945292486,-122.139763922586,122.25237274169922,-7.655645370483398,11.14586353302002,0.005331675987690687
1772180359356117000,0.09804228693246841,0.03737311810255051,0.3510027229785919,-0.13936293125152588,9.094951629638672,-10.14307975769043,47.642223945292486,-122.139763922586,122.25237274169922,-7.655645370483398,11.14586353302002,0.005331675987690687
1772180359382174000,0.03049301914870739,0.013977163471281528,0.3427874743938446,-1.990365982055664,8.461671829223633,-9.624322891235352,47.642223945292486,-122.139763922586,122.25237274169922,-7.655645370483398,11.14586353302002,0.005331675987690687
1772180359406962000,0.037622157484292984,0.008898128755390644,0.38983407616615295,-2.525067090988159,8.160639762878418,-10.06801986694336,47.64223364692924,-122.13977466415785,122.25348663330078,-8.377384185791016,10.625256538391113,0.015504139475524426
1772180359419032000,0.03736066818237305,0.005084477365016937,0.39417651295661926,-2.7929162979125977,7.5318145751953125,-10.137121200561523,47.64223364692924,-122.13977466415785,122.25348663330078,-8.377384185791016,10.625256538391113,0.015504139475524426
1772180359444366000,0.023761900141835213,0.009324360638856888,0.41033342480659485,-3.467576026916504,6.908018112182617,-10.042645454406738,47.64223364692924,-122.13977466415785,122.25348663330078,-8.377384185791016,10.625256538391113,0.015504139475524426
1772180359456749000,0.02048679254949093,0.009677376598119736,0.411702960729599,-3.638157606124878,6.530959129333496,-10.031230926513672,47.64223364692924,-122.13977466415785,122.25348663330078,-8.377384185791016,10.625256538391113,0.015504139475524426
1772180359483724000,0.015846269205212593,0.010525824502110481,0.4364781975746155,-3.826387405395508,6.32447624206543,-10.031579971313477,47.64223364692924,-122.13977466415785,122.25348663330078,-8.377384185791016,10.625256538391113,0.015504139475524426
1772180359507958000,0.01405431143939495,0.011712188832461834,0.5195919871330261,-4.042801856994629,7.124882698059082,-10.06427001953125,47.642244140006426,-122.13978788879565,122.25463104248047,-8.778182029724121,9.777587890625,0.006698889657855034
1772180359520523000,0.015541615895926952,0.016182608902454376,0.6396021246910095,-4.725109100341797,8.42319393157959,-10.060813903808594,47.642244140006426,-122.13978788879565,122.25463104248047,-8.778182029724121,9.777587890625,0.006698889657855034
1772180359546421000,0.00645833695307374,0.013406800106167793,0.5334743857383728,-3.7784717082977295,4.767336845397949,-10.121641159057617,47.642244140006426,-122.13978788879565,122.25463104248047,-8.778182029724121,9.777587890625,0.006698889657855034
1772180359558656000,-0.005307933781296015,0.015042067505419254,0.542192280292511,-3.8482413291931152,2.217219352722168,-10.119771957397461,47.642244140006426,-122.13978788879565,122.25463104248047,-8.778182029724121,9.777587890625,0.006698889657855034
1772180359583966000,-0.0559958852827549,0.016483712941408157,0.46882420778274536,-3.2647013664245605,-2.0781238079071045,-10.043143272399902,47.642244140006426,-122.13978788879565,122.25463104248047,-8.778182029724121,9.777587890625,0.006698889657855034
1772180359596534000,-0.07463502883911133,0.019381476566195488,0.4833042323589325,-3.7502434253692627,-0.6110251545906067,-10.019674301147461,47.642244140006426,-122.13978788879565,122.25463104248047,-8.778182029724121,9.777587890625,0.006698889657855034
1772180359621838000,-0.062194451689720154,0.020874548703432083,0.4153324067592621,-3.6569063663482666,1.7154728174209595,-10.09011459350586,47.6422526752637,-122.13979964490484,122.25419616699219,-8.707494735717773,9.34067440032959,-0.013642086647450924
1772180359645086000,-0.058656927198171616,0.02505185827612877,0.4186973571777344,-4.463059902191162,3.540215492248535,-9.856279373168945,47.6422526752637,-122.13979964490484,122.25419616699219,-8.707494735717773,9.34067440032959,-0.013642086647450924
1772180359658076000,-0.05433408170938492,0.016681112349033356,0.3143700659275055,-3.529017686843872,2.9593944549560547,-9.647359848022461,47.6422526752637,-122.13979964490484,122.25419616699219,-8.707494735717773,9.34067440032959,-0.013642086647450924
1772180359682461000,-0.05336667597293854,0.01497378945350647,0.2912622392177582,-3.582686424255371,3.5785021781921387,-9.8530912399292,47.6422526752637,-122.13979964490484,122.25419616699219,-8.707494735717773,9.34067440032959,-0.013642086647450924
1772180359707560000,-0.038185082376003265,0.008476734161376953,0.22945035994052887,-3.221703052520752,3.1945290565490723,-9.808646202087402,47.6422526752637,-122.13979964490484,122.25419616699219,-8.707494735717773,9.34067440032959,-0.013642086647450924
1772180359724345000,-0.042296912521123886,0.00967719592154026,0.24836981296539307,-3.726449966430664,3.6640655994415283,-9.850353240966797,47.642261730955035,-122.13981252218356,122.2526626586914,-8.683367729187012,8.791594505310059,-0.01209682784974575
1772180359746228000,-0.03385317698121071,0.005867263302206993,0.19458389282226562,-3.3447773456573486,3.0856683254241943,-9.79764461517334,47.642261730955035,-122.13981252218356,122.2526626586914,-8.683367729187012,8.791594505310059,-0.01209682784974575
1772180359758144000,-0.03363789990544319,0.005242838989943266,0.18479366600513458,-3.450254201889038,3.014761447906494,-9.888031005859375,47.642261730955035,-122.13981252218356,122.2526626586914,-8.683367729187012,8.791594505310059,-0.01209682784974575
1772180359784227000,-0.027140526100993156,0.006546650547534227,0.1474701315164566,-3.1974544525146484,2.502899408340454,-9.805737495422363,47.642261730955035,-122.13981252218356,122.2526626586914,-8.683367729187012,8.791594505310059,-0.01209682784974575
1772180359808810000,-0.032344523817300797,0.005438607186079025,0.1517297774553299,-3.864962100982666,2.6507692337036133,-9.842533111572266,47.642261730955035,-122.13981252218356,122.2526626586914,-8.683367729187012,8.791594505310059,-0.01209682784974575
1772180359808810000,-0.032344523817300797,0.005438607186079025,0.1517297774553299,-3.864962100982666,2.6507692337036133,-9.842533111572266,47.642261730955035,-122.13981252218356,122.2526626586914,-8.683367729187012,8.791594505310059,-0.01209682784974575
1772180359848795000,-0.03411276638507843,0.004315836820751429,0.1083371490240097,-3.6626062393188477,1.9585070610046387,-9.805350303649902,47.64226943945534,-122.13982414315424,122.25139617919922,-8.633284568786621,8.327698707580566,-0.010398993268609047
1772180359861360000,-0.033597998321056366,0.005545202177017927,0.09873923659324646,-3.638246536254883,1.7925176620483398,-9.803890228271484,47.64226943945534,-122.13982414315424,122.25139617919922,-8.633284568786621,8.327698707580566,-0.010398993268609047
1772180359886304000,-0.03245341405272484,0.004905199632048607,0.07697004824876785,-3.462327718734741,1.4397704601287842,-9.825789451599121,47.64226943945534,-122.13982414315424,122.25139617919922,-8.633284568786621,8.327698707580566,-0.010398993268609047
1772180359910649000,-0.034857090562582016,0.005555079784244299,0.0624159537255764,-3.4573123455047607,1.1375703811645508,-9.796055793762207,47.64226943945534,-122.13982414315424,122.25139617919922,-8.633284568786621,8.327698707580566,-0.010398993268609047
1772180359928081000,-0.036641400307416916,0.006286691874265671,0.05452229827642441,-3.3940181732177734,0.977608859539032,-9.794145584106445,47.64226943945534,-122.13982414315424,122.25139617919922,-8.633284568786621,8.327698707580566,-0.010398993268609047
1772180359947888000,-0.0376722626388073,0.005708408076316118,0.04406384751200676,-3.4482693672180176,0.8468127846717834,-9.809601783752441,47.64227778750742,-122.13983720622522,122.25029754638672,-8.466628074645996,7.930934429168701,-0.009974553249776363
1772180359959810000,-0.03988565504550934,0.006498501170426607,0.04164760932326317,-3.4853503704071045,0.7733186483383179,-9.765148162841797,47.64227778750742,-122.13983720622522,122.25029754638672,-8.466628074645996,7.930934429168701,-0.009974553249776363
1772180359985344000,-0.03626053035259247,0.00835397094488144,0.02700480818748474,-2.972032308578491,0.5056506395339966,-9.786985397338867,47.64227778750742,-122.13983720622522,122.25029754638672,-8.466628074645996,7.930934429168701,-0.009974553249776363
1772180360010909000,-0.038818929344415665,0.007924417965114117,0.021767541766166687,-3.1461923122406006,0.4611828625202179,-9.767561912536621,47.64227778750742,-122.13983720622522,122.25029754638672,-8.466628074645996,7.930934429168701,-0.009974553249776363
1772180360010909000,-0.038818929344415665,0.007924417965114117,0.021767541766166687,-3.1461923122406006,0.4611828625202179,-9.767561912536621,47.64227778750742,-122.13983720622522,122.25029754638672,-8.466628074645996,7.930934429168701,-0.009974553249776363
1772180360048663000,-0.038808535784482956,0.00761809479445219,0.013498184271156788,-3.208839178085327,0.26113361120224,-9.742737770080566,47.6422847991038,-122.13984836829452,122.24964904785156,-8.26543140411377,7.66232967376709,-0.008152357302606106
1772180360061017000,-0.03886988013982773,0.007079677656292915,0.011117568239569664,-3.272782325744629,0.2153443545103073,-9.782766342163086,47.6422847991038,-122.13984836829452,122.24964904785156,-8.26543140411377,7.66232967376709,-0.008152357302606106
1772180360085268000,-0.03590460121631622,0.008706534281373024,0.006015860941261053,-3.14998722076416,0.23523443937301636,-9.790690422058105,47.6422847991038,-122.13984836829452,122.24964904785156,-8.26543140411377,7.66232967376709,-0.008152357302606106
1772180360111467000,-0.029055900871753693,0.0058496561832726,0.004360134247690439,-2.8581738471984863,0.11685095727443695,-9.773961067199707,47.6422847991038,-122.13984836829452,122.24964904785156,-8.26543140411377,7.66232967376709,-0.008152357302606106
1772180360129851000,-0.031567517668008804,0.0061685568653047085,0.004923528525978327,-3.1657183170318604,0.1345463991165161,-9.789899826049805,47.6422847991038,-122.13984836829452,122.24964904785156,-8.26543140411377,7.66232967376709,-0.008152357302606106
1772180360149182000,-0.029853908345103264,0.006540807895362377,0.004530949518084526,-3.304361343383789,0.04601765424013138,-9.78028678894043,47.64229160280177,-122.13985927354524,122.24847412109375,-8.042611122131348,7.428857803344727,-0.00459189573302865
1772180360164264000,-0.025271296501159668,0.007323598023504019,0.004223310854285955,-2.9918715953826904,0.03222105652093887,-9.786638259887695,47.64229160280177,-122.13985927354524,122.24847412109375,-8.042611122131348,7.428857803344727,-0.00459189573302865
1772180360188892000,-0.030586902052164078,0.00893377885222435,0.006032323464751244,-3.9073987007141113,0.05652093142271042,-9.784039497375488,47.64229160280177,-122.13985927354524,122.24847412109375,-8.042611122131348,7.428857803344727,-0.00459189573302865
1772180360200568000,-0.020226700231432915,0.006607441697269678,0.003928681369870901,-3.020353317260742,0.019320381805300713,-9.768725395202637,47.64229160280177,-122.13985927354524,122.24847412109375,-8.042611122131348,7.428857803344727,-0.00459189573302865
1772180360214959000,-0.003892822889611125,0.0044138808734714985,0.0024986411444842815,-13.150093078613281,-0.13852186501026154,-9.288870811462402,47.64229160280177,-122.13985927354524,122.24847412109375,-8.042611122131348,7.428857803344727,-0.00459189573302865
1772180360240500000,-3.805281448876485e-05,0.00997164472937584,-0.0011747993994504213,-12.864245414733887,-0.040413808077573776,-9.597289085388184,47.64229743713994,-122.13986864282734,122.2488021850586,-7.673735618591309,7.087596416473389,0.007433714810758829
1772180360266615000,9.244513785233721e-05,0.01003587432205677,0.001622312585823238,-11.331323623657227,-0.020717255771160126,-9.72120475769043,47.64229743713994,-122.13986864282734,122.2488021850586,-7.673735618591309,7.087596416473389,0.007433714810758829
1772180360292161000,0.0009207461262121797,0.011178484186530113,0.0002187733189202845,-11.795393943786621,0.04071972891688347,-9.716431617736816,47.64229743713994,-122.13986864282734,122.2488021850586,-7.673735618591309,7.087596416473389,0.007433714810758829
1772180360305069000,-0.0001765838242135942,0.013309529051184654,-0.005308435298502445,-5.809694290161133,0.22824259102344513,-9.851106643676758,47.64229743713994,-122.13986864282734,122.2488021850586,-7.673735618591309,7.087596416473389,0.007433714810758829
1772180360318646000,-0.0011186868650838733,0.011493101716041565,-0.003630600403994322,-2.804347038269043,-0.009643156081438065,-9.999237060546875,47.64229743713994,-122.13986864282734,122.2488021850586,-7.673735618591309,7.087596416473389,0.007433714810758829
1772180360342005000,-0.0008007835713215172,0.011610626243054867,0.0012182231293991208,-3.077615976333618,-0.1052020788192749,-9.896749496459961,47.64230446711316,-122.13987993941008,122.2506103515625,-6.9583587646484375,6.425263404846191,0.011635525152087212
1772180360367494000,-0.0009663806995376945,0.0053072660230100155,-0.01755538210272789,-2.450856924057007,-2.6643497943878174,-9.898652076721191,47.64230446711316,-122.13987993941008,122.2506103515625,-6.9583587646484375,6.425263404846191,0.011635525152087212
1772180360392228000,-0.012659498490393162,0.0012092316756024957,-0.06976760923862457,-3.0338644981384277,-4.4546661376953125,-9.869986534118652,47.64230446711316,-122.13987993941008,122.2506103515625,-6.9583587646484375,6.425263404846191,0.011635525152087212
1772180360404146000,-0.013780508190393448,-0.00013887982640881091,-0.08335143327713013,-2.625633955001831,-3.892225503921509,-9.843372344970703,47.64230446711316,-122.13987993941008,122.2506103515625,-6.9583587646484375,6.425263404846191,0.011635525152087212
1772180360428451000,-0.022007165476679802,-0.0036698977928608656,-0.15169377624988556,-2.8436124324798584,-4.448832988739014,-9.896132469177246,47.64230446711316,-122.13987993941008,122.2506103515625,-6.9583587646484375,6.425263404846191,0.011635525152087212
1772180360428451000,-0.022007165476679802,-0.0036698977928608656,-0.15169377624988556,-2.8436124324798584,-4.448832988739014,-9.896132469177246,47.642310159678246,-122.1398887108736,122.25135040283203,-6.48758602142334,6.513400554656982,0.005887212231755257
1772180360465500000,-0.02937493659555912,-0.005708683282136917,-0.2365807145833969,-2.7831108570098877,-4.324023246765137,-9.826642036437988,47.642310159678246,-122.1398887108736,122.25135040283203,-6.48758602142334,6.513400554656982,0.005887212231755257
1772180360490159000,-0.028192607685923576,-0.006544341798871756,-0.26624980568885803,-2.3736517429351807,-3.902975082397461,-9.891027450561523,47.642310159678246,-122.1398887108736,122.25135040283203,-6.48758602142334,6.513400554656982,0.005887212231755257
1772180360502075000,-0.04035254195332527,-0.0123271020129323,-0.37035107612609863,-3.161015748977661,-4.974400520324707,-9.832284927368164,47.642310159678246,-122.1398887108736,122.25135040283203,-6.48758602142334,6.513400554656982,0.005887212231755257
1772180360526932000,-0.046540554612874985,-0.012298611924052238,-0.4492839574813843,-3.2933645248413086,-5.139684200286865,-9.888765335083008,47.642310159678246,-122.1398887108736,122.25135040283203,-6.48758602142334,6.513400554656982,0.005887212231755257
1772180360540604000,-0.051383793354034424,-0.012954633682966232,-0.5199772119522095,-3.6281533241271973,-5.560520172119141,-9.927591323852539,47.642310159678246,-122.1398887108736,122.25135040283203,-6.48758602142334,6.513400554656982,0.005887212231755257
1772180360565003000,-0.0611332543194294,-0.014866198413074017,-0.648299515247345,-3.9801812171936035,-6.370701313018799,-9.877046585083008,47.64231670494328,-122.13989769668332,122.2518081665039,-5.8143510818481445,6.665739059448242,0.0021532245445996523
1772180360591451000,-0.054404713213443756,-0.013166568242013454,-0.6063427925109863,-3.3627402782440186,-5.688937664031982,-9.893967628479004,47.64231670494328,-122.13989769668332,122.2518081665039,-5.8143510818481445,6.665739059448242,0.0021532245445996523
1772180360605063000,-0.05675967037677765,-0.01407516561448574,-0.6481676697731018,-3.4098918437957764,-5.981449127197266,-9.88152027130127,47.64231670494328,-122.13989769668332,122.2518081665039,-5.8143510818481445,6.665739059448242,0.0021532245445996523
1772180360630835000,-0.06869248300790787,-0.01649925857782364,-0.7838306427001953,-3.7650210857391357,-7.003469944000244,-9.931917190551758,47.64231670494328,-122.13989769668332,122.2518081665039,-5.8143510818481445,6.665739059448242,0.0021532245445996523
1772180360642685000,-0.06311066448688507,-0.0144207663834095,-0.7729265689849854,-3.572845220565796,-6.802134990692139,-9.910968780517578,47.64231670494328,-122.13989769668332,122.2518081665039,-5.8143510818481445,6.665739059448242,0.0021532245445996523
1772180360668165000,-0.0608537495136261,-0.011326497420668602,-0.71451735496521,-3.098588466644287,-6.189052581787109,-9.916996002197266,47.64232302197527,-122.13990515310341,122.25213623046875,-5.063293933868408,6.837308406829834,-0.00038996306830085814
1772180360692709000,-0.07200361043214798,-0.013497290201485157,-0.8782235383987427,-3.60821533203125,-7.485569000244141,-9.979558944702148,47.64232302197527,-122.13990515310341,122.25213623046875,-5.063293933868408,6.837308406829834,-0.00038996306830085814
1772180360705215000,-0.06518934667110443,-0.011640124022960663,-0.8194685578346252,-3.335839033126831,-6.927806377410889,-9.948746681213379,47.64232302197527,-122.13990515310341,122.25213623046875,-5.063293933868408,6.837308406829834,-0.00038996306830085814
1772180360730299000,-0.07620460540056229,-0.012198362499475479,-0.940009593963623,-3.8029093742370605,-7.943549633026123,-9.940202713012695,47.64232302197527,-122.13990515310341,122.25213623046875,-5.063293933868408,6.837308406829834,-0.00038996306830085814
1772180360754575000,-0.030870037153363228,0.015814751386642456,-0.9809763431549072,-4.626514434814453,-8.353095054626465,-9.4439115524292,47.64232302197527,-122.13990515310341,122.25213623046875,-5.063293933868408,6.837308406829834,-0.00038996306830085814
1772180360772145000,-0.02291489578783512,0.01643354818224907,-0.8927850127220154,-3.763005495071411,-7.533899784088135,-9.799139976501465,47.64232998178954,-122.13991189096022,122.25186920166016,-4.131481647491455,7.017666339874268,0.010311017744243145
1772180360791075000,-0.025795478373765945,0.019741302356123924,-0.9438889026641846,-3.820680856704712,-7.801091194152832,-9.935086250305176,47.64232998178954,-122.13991189096022,122.25186920166016,-4.131481647491455,7.017666339874268,0.010311017744243145
1772180360802887000,-0.024436185136437416,0.01844814606010914,-0.9476974606513977,-3.7537856101989746,-7.70875883102417,-9.933978080749512,47.64232998178954,-122.13991189096022,122.25186920166016,-4.131481647491455,7.017666339874268,0.010311017744243145
1772180360827597000,-0.024168621748685837,0.016236240044236183,-0.8545963168144226,-3.300271987915039,-6.867806434631348,-9.943862915039062,47.64232998178954,-122.13991189096022,122.25186920166016,-4.131481647491455,7.017666339874268,0.010311017744243145
1772180360853614000,-0.022560426965355873,0.01811758056282997,-0.8430536985397339,-3.206913709640503,-6.626154899597168,-9.980550765991211,47.64232998178954,-122.13991189096022,122.25186920166016,-4.131481647491455,7.017666339874268,0.010311017744243145
1772180360853614000,-0.022560426965355873,0.01811758056282997,-0.8430536985397339,-3.206913709640503,-6.626154899597168,-9.980550765991211,47.64233624611397,-122.1399166659492,122.25382232666016,-3.2794225215911865,7.1122918128967285,0.01224852167069912
1772180360891917000,-0.02898886241018772,0.025195090100169182,-1.1046780347824097,-4.048430919647217,-8.577726364135742,-10.02147102355957,47.64233624611397,-122.1399166659492,122.25382232666016,-3.2794225215911865,7.1122918128967285,0.01224852167069912
1772180360916349000,-0.026110369712114334,0.023822838440537453,-1.0801485776901245,-3.8670129776000977,-8.247942924499512,-10.053632736206055,47.64233624611397,-122.1399166659492,122.25382232666016,-3.2794225215911865,7.1122918128967285,0.01224852167069912
1772180360930611000,-0.02070143260061741,0.020866893231868744,-0.9146045446395874,-3.2771096229553223,-6.92680549621582,-10.019740104675293,47.64233624611397,-122.1399166659492,122.25382232666016,-3.2794225215911865,7.1122918128967285,0.01224852167069912
1772180360943152000,-0.01920267753303051,0.020592477172613144,-0.911077618598938,-3.2289540767669678,-6.860358238220215,-10.000940322875977,47.64233624611397,-122.1399166659492,122.25382232666016,-3.2794225215911865,7.1122918128967285,0.01224852167069912
1772180360976261000,-0.01820029504597187,0.02086028829216957,-0.9061241745948792,-3.162515878677368,-6.695750713348389,-10.018696784973145,47.64233624611397,-122.1399166659492,122.25382232666016,-3.2794225215911865,7.1122918128967285,0.01224852167069912
1772180360993483000,-0.016859503462910652,0.02775619924068451,-1.0909888744354248,-3.715816020965576,-7.986443519592285,-10.041577339172363,47.64234368378113,-122.13992086776737,122.25492095947266,-2.2833104133605957,7.129764080047607,0.008290503174066544
1772180361005485000,-0.016649236902594566,0.024477774277329445,-1.0197207927703857,-3.4812943935394287,-7.4323554039001465,-10.03085994720459,47.64234368378113,-122.13992086776737,122.25492095947266,-2.2833104133605957,7.129764080047607,0.008290503174066544
1772180361030459000,-0.013510837219655514,0.02469726838171482,-0.9874562621116638,-3.309995174407959,-7.131985664367676,-9.9884672164917,47.64234368378113,-122.13992086776737,122.25492095947266,-2.2833104133605957,7.129764080047607,0.008290503174066544
1772180361056323000,-0.011336122639477253,0.02473643235862255,-1.002806544303894,-3.295762777328491,-7.1473612785339355,-10.047091484069824,47.64234368378113,-122.13992086776737,122.25492095947266,-2.2833104133605957,7.129764080047607,0.008290503174066544
1772180361068357000,-0.010380266234278679,0.02420227974653244,-1.0145964622497559,-3.3234264850616455,-7.175224304199219,-9.998183250427246,47.64234368378113,-122.13992086776737,122.25492095947266,-2.2833104133605957,7.129764080047607,0.008290503174066544
1772180361096741000,-0.00844407919794321,0.02430492453277111,-0.9172424674034119,-3.0470869541168213,-6.413537979125977,-9.956393241882324,47.64234998392528,-122.13992324307499,122.25532531738281,-1.4590284824371338,7.060109615325928,0.004109312314540148
1772180361105830000,-0.008140439167618752,0.024140113964676857,-0.9486581087112427,-3.0683434009552,-6.639854431152344,-9.962165832519531,47.64234998392528,-122.13992324307499,122.25532531738281,-1.4590284824371338,7.060109615325928,0.004109312314540148
1772180361131758000,-0.004607486538589001,0.018987873569130898,-0.7377307415008545,-2.350600481033325,-4.999539852142334,-9.980056762695312,47.64234998392528,-122.13992324307499,122.25532531738281,-1.4590284824371338,7.060109615325928,0.004109312314540148
1772180361156686000,-0.004900151863694191,0.027860436588525772,-1.1108978986740112,-3.511131525039673,-7.588062763214111,-10.044846534729004,47.64234998392528,-122.13992324307499,122.25532531738281,-1.4590284824371338,7.060109615325928,0.004109312314540148
1772180361169004000,-0.00350287277251482,0.02515600621700287,-0.9767967462539673,-3.0612316131591797,-6.627935886383057,-9.964353561401367,47.64234998392528,-122.13992324307499,122.25532531738281,-1.4590284824371338,7.060109615325928,0.004109312314540148
1772180361181448000,-0.004784762859344482,0.02754262648522854,-1.0980335474014282,-3.402587652206421,-7.403356552124023,-10.007448196411133,47.64234998392528,-122.13992324307499,122.25532531738281,-1.4590284824371338,7.060109615325928,0.004109312314540148
1772180361217797000,-0.0015942382160574198,0.023854095488786697,-0.9644230604171753,-2.9282619953155518,-6.3981451988220215,-9.99217700958252,47.6423570189324,-122.13992466338433,122.25580596923828,-0.570482611656189,6.888503074645996,0.0002269694086862728
1772180361231286000,-0.001152128097601235,0.024890253320336342,-0.964169979095459,-2.8937597274780273,-6.3650641441345215,-9.945524215698242,47.6423570189324,-122.13992466338433,122.25580596923828,-0.570482611656189,6.888503074645996,0.0002269694086862728
1772180361256069000,0.0027681724168360233,0.02851647324860096,-1.109736442565918,-3.2904534339904785,-7.244816780090332,-10.04405689239502,47.6423570189324,-122.13992466338433,122.25580596923828,-0.570482611656189,6.888503074645996,0.0002269694086862728
1772180361268978000,0.0010471973801031709,0.026665788143873215,-1.0321627855300903,-3.0866997241973877,-6.685880184173584,-10.004820823669434,47.6423570189324,-122.13992466338433,122.25580596923828,-0.570482611656189,6.888503074645996,0.0002269694086862728
1772180361281359000,0.002202850067988038,0.025860527530312538,-0.9803729057312012,-2.9094529151916504,-6.321262359619141,-9.965677261352539,47.6423570189324,-122.13992466338433,122.25580596923828,-0.570482611656189,6.888503074645996,0.0002269694086862728
1772180361318173000,0.03786720335483551,0.017172208055853844,-1.0193707942962646,10.90761661529541,-0.7689067125320435,-10.048644065856934,47.642363088535966,-122.13992486411787,122.25533294677734,0.12814323604106903,6.747772693634033,-0.003851378569379449
1772180361331956000,0.04936038702726364,0.010609544813632965,-0.9328944683074951,10.167511940002441,-0.15196998417377472,-9.975982666015625,47.642363088535966,-122.13992486411787,122.25533294677734,0.12814323604106903,6.747772693634033,-0.003851378569379449
1772180361358784000,0.09081660211086273,0.00037771728239022195,-1.0332763195037842,11.466633796691895,0.8689671754837036,-9.987289428710938,47.642363088535966,-122.13992486411787,122.25533294677734,0.12814323604106903,6.747772693634033,-0.003851378569379449
1772180361373679000,0.08592166751623154,-0.0041154129430651665,-0.8800829648971558,9.866247177124023,1.0618374347686768,-9.846343994140625,47.642363088535966,-122.13992486411787,122.25533294677734,0.12814323604106903,6.747772693634033,-0.003851378569379449
1772180361386476000,0.0990404561161995,-0.007687258999794722,-0.8740789294242859,9.910242080688477,1.2462844848632812,-9.874939918518066,47.642363088535966,-122.13992486411787,122.25533294677734,0.12814323604106903,6.747772693634033,-0.003851378569379449
1772180361415018000,0.0857854038476944,-0.012517200782895088,-0.7586432099342346,9.15690803527832,-0.009576860815286636,-9.740135192871094,47.642370023209835,-122.13992468796918,122.25405883789062,0.11387038975954056,7.861658573150635,-0.014868012629449368
1772180361428175000,0.1099638119339943,-0.01686207205057144,-0.9485148787498474,11.736337661743164,-0.6313084959983826,-9.777539253234863,47.642370023209835,-122.13992468796918,122.25405883789062,0.11387038975954056,7.861658573150635,-0.014868012629449368
1772180361452767000,0.086575448513031,-0.015021653845906258,-0.8663345575332642,11.0946044921875,-1.8129792213439941,-9.736167907714844,47.642370023209835,-122.13992468796918,122.25405883789062,0.11387038975954056,7.861658573150635,-0.014868012629449368
1772180361478940000,0.05671383813023567,-0.011233683675527573,-0.736841082572937,9.639278411865234,-2.333404302597046,-9.739152908325195,47.642370023209835,-122.13992468796918,122.25405883789062,0.11387038975954056,7.861658573150635,-0.014868012629449368
1772180361491469000,0.05537910759449005,-0.01107573602348566,-0.7641576528549194,10.253490447998047,-2.1585826873779297,-9.778895378112793,47.642370023209835,-122.13992468796918,122.25405883789062,0.11387038975954056,7.861658573150635,-0.014868012629449368
1772180361516781000,0.046548761427402496,-0.013032921589910984,-0.7612420916557312,10.723072052001953,-1.5648852586746216,-9.781949043273926,47.64237803163853,-122.13992438145789,122.2532730102539,0.3736988604068756,8.956716537475586,-0.0023419165518134832
1772180361527238000,0.04012385010719299,-0.01117169763892889,-0.6399950981140137,9.076766967773438,-1.2708723545074463,-9.871415138244629,47.64237803163853,-122.13992438145789,122.2532730102539,0.3736988604068756,8.956716537475586,-0.0023419165518134832
1772180361552780000,0.03148734197020531,-0.010728350840508938,-0.5229067206382751,7.463133335113525,-1.0569050312042236,-9.840738296508789,47.64237803163853,-122.13992438145789,122.2532730102539,0.3736988604068756,8.956716537475586,-0.0023419165518134832
1772180361577410000,0.04062950238585472,-0.012026791460812092,-0.5437108874320984,8.271747589111328,-0.40707969665527344,-9.901313781738281,47.64237803163853,-122.13992438145789,122.2532730102539,0.3736988604068756,8.956716537475586,-0.0023419165518134832
1772180361590082000,0.04694456607103348,-0.015107665210962296,-0.5501502752304077,8.664978981018066,0.0014845244586467743,-9.942004203796387,47.64237803163853,-122.13992438145789,122.2532730102539,0.3736988604068756,8.956716537475586,-0.0023419165518134832
1772180361602730000,0.04199497029185295,-0.01302670780569315,-0.42340144515037537,6.844995975494385,0.3760332465171814,-9.901633262634277,47.642387547015986,-122.13992361535017,122.25273132324219,0.5991102457046509,9.9178466796875,-0.0037128787953406572
1772180361628688000,0.046117570251226425,-0.011159271001815796,-0.3074273467063904,5.306159973144531,1.1654671430587769,-9.917427062988281,47.642387547015986,-122.13992361535017,122.25273132324219,0.5991102457046509,9.9178466796875,-0.0037128787953406572
1772180361653566000,0.05172808840870857,-0.01385104563087225,-0.19453439116477966,3.521555185317993,1.772181749343872,-9.881208419799805,47.642387547015986,-122.13992361535017,122.25273132324219,0.5991102457046509,9.9178466796875,-0.0037128787953406572
1772180361677968000,0.03094753623008728,-0.0062861754558980465,-0.07043615728616714,1.4308571815490723,1.8560400009155273,-9.621949195861816,47.642387547015986,-122.13992361535017,122.25273132324219,0.5991102457046509,9.9178466796875,-0.0037128787953406572
1772180361689833000,0.007072609383612871,0.00018594664288684726,-0.0023388771805912256,0.7706350088119507,1.6077972650527954,-9.69111442565918,47.642387547015986,-122.13992361535017,122.25273132324219,0.5991102457046509,9.9178466796875,-0.0037128787953406572
1772180361702569000,0.014303607866168022,0.00609185453504324,0.06037774682044983,0.2541993260383606,2.414538621902466,-9.788495063781738,47.642387547015986,-122.13992361535017,122.25273132324219,0.5991102457046509,9.9178466796875,-0.0037128787953406572
1772180361738329000,0.023554734885692596,0.014724565669894218,0.24045468866825104,-1.1958444118499756,1.3687211275100708,-9.933180809020996,47.64239663355743,-122.13992290512014,122.25228881835938,0.4679488241672516,10.206952095031738,-0.0054097590036690235
1772180361750161000,0.025704804807901382,0.016615858301520348,0.2957926392555237,-1.6218335628509521,1.1910873651504517,-9.924322128295898,47.64239663355743,-122.13992290512014,122.25228881835938,0.4679488241672516,10.206952095031738,-0.0054097590036690235
1772180361776688000,0.02455849014222622,0.017987117171287537,0.390458881855011,-2.2536988258361816,1.1019083261489868,-9.874563217163086,47.64239663355743,-122.13992290512014,122.25228881835938,0.4679488241672516,10.206952095031738,-0.0054097590036690235
1772180361789837000,0.02125527337193489,0.018765335902571678,0.3918285071849823,-2.190424919128418,0.9717238545417786,-9.899259567260742,47.64239663355743,-122.13992290512014,122.25228881835938,0.4679488241672516,10.206952095031738,-0.0054097590036690235
1772180361815560000,0.029199235141277313,0.025962918996810913,0.5885856747627258,-3.041538715362549,1.4669486284255981,-9.851699829101562,47.64239663355743,-122.13992290512014,122.25228881835938,0.4679488241672516,10.206952095031738,-0.0054097590036690235
1772180361839883000,0.03489000350236893,0.03165918216109276,0.706074595451355,-3.3304502964019775,1.9667415618896484,-9.826177597045898,47.6424069055931,-122.13992236034726,122.25064849853516,0.27906158566474915,9.996954917907715,-0.01564136892557144
1772180361852417000,0.04157743230462074,0.03626396879553795,0.8355495929718018,-3.8353209495544434,2.64251708984375,-9.783004760742188,47.6424069055931,-122.13992236034726,122.25064849853516,0.27906158566474915,9.996954917907715,-0.01564136892557144
1772180361876931000,0.05281964689493179,0.04005657881498337,0.9191752672195435,-3.8878490924835205,3.5886642932891846,-9.806041717529297,47.6424069055931,-122.13992236034726,122.25064849853516,0.27906158566474915,9.996954917907715,-0.01564136892557144
1772180361901034000,0.07626578211784363,0.04357372596859932,1.0195306539535522,-4.0260210037231445,5.044482707977295,-9.865898132324219,47.6424069055931,-122.13992236034726,122.25064849853516,0.27906158566474915,9.996954917907715,-0.01564136892557144
1772180361913068000,0.07820804417133331,0.041780926287174225,0.9687795042991638,-3.676729440689087,5.375983715057373,-9.781959533691406,47.6424069055931,-122.13992236034726,122.25064849853516,0.27906158566474915,9.996954917907715,-0.01564136892557144
1772180361940898000,0.10451578348875046,0.044225092977285385,1.049469232559204,-3.6864449977874756,6.957520008087158,-9.814554214477539,47.642416611150395,-122.13992232827444,122.2490005493164,-0.23069174587726593,9.638591766357422,-0.015359507873654366
1772180361961064000,0.10160955786705017,0.046024471521377563,1.0257824659347534,-3.945753335952759,7.425313472747803,-9.569257736206055,47.642416611150395,-122.13992232827444,122.2490005493164,-0.23069174587726593,9.638591766357422,-0.015359507873654366
1772180361973211000,0.02518058754503727,0.0254494808614254,1.0139251947402954,-5.592369556427002,7.786478519439697,-8.416187286376953,47.642416611150395,-122.13992232827444,122.2490005493164,-0.23069174587726593,9.638591766357422,-0.015359507873654366
1772180361998305000,0.02710708975791931,0.014936679974198341,1.0205342769622803,-3.9301061630249023,8.121949195861816,-9.69930648803711,47.642416611150395,-122.13992232827444,122.2490005493164,-0.23069174587726593,9.638591766357422,-0.015359507873654366
1772180362010538000,0.041641488671302795,0.013401386328041553,1.101310133934021,-4.188117504119873,8.872127532958984,-9.821352005004883,47.642416611150395,-122.13992232827444,122.2490005493164,-0.23069174587726593,9.638591766357422,-0.015359507873654366
1772180362035866000,0.05611773207783699,0.00977781880646944,1.0649820566177368,-3.914914608001709,8.685996055603027,-9.88664722442627,47.642416611150395,-122.13992232827444,122.2490005493164,-0.23069174587726593,9.638591766357422,-0.015359507873654366
1772180362060359000,0.05642177164554596,0.02015967294573784,1.1501728296279907,-4.445521831512451,9.617952346801758,-9.82166862487793,47.64242586286527,-122.13992343480952,122.25011444091797,-1.150066614151001,9.156526565551758,0.02185683883726597
1772180362085699000,0.053671177476644516,0.017768096178770065,1.0523399114608765,-4.009082794189453,8.876336097717285,-9.892134666442871,47.64242586286527,-122.13992343480952,122.25011444091797,-1.150066614151001,9.156526565551758,0.02185683883726597
1772180362110759000,0.04942791536450386,0.017851561307907104,0.9778686165809631,-3.7303972244262695,8.319633483886719,-9.917243003845215,47.64242586286527,-122.13992343480952,122.25011444091797,-1.150066614151001,9.156526565551758,0.02185683883726597
1772180362122590000,0.06527065485715866,0.023532573133707047,1.2725944519042969,-4.8701910972595215,10.939732551574707,-9.972382545471191,47.64242586286527,-122.13992343480952,122.25011444091797,-1.150066614151001,9.156526565551758,0.02185683883726597
1772180362147571000,0.05038866773247719,0.019442014396190643,0.9793906211853027,-3.7576496601104736,8.401017189025879,-9.969980239868164,47.64242586286527,-122.13992343480952,122.25011444091797,-1.150066614151001,9.156526565551758,0.02185683883726597
1772180362171672000,0.05102316290140152,0.020478185266256332,1.0194998979568481,-3.893327474594116,8.851225852966309,-10.023460388183594,47.64243478183508,-122.13992597834283,122.25276184082031,-2.09765887260437,8.576465606689453,0.023974932730197906
1772180362195594000,0.04237789288163185,0.022836733609437943,0.9889951944351196,-3.7584171295166016,8.584526062011719,-10.092029571533203,47.64243478183508,-122.13992597834283,122.25276184082031,-2.09765887260437,8.576465606689453,0.023974932730197906
1772180362207531000,0.04486415162682533,0.024675792083144188,1.025948166847229,0.4568050801753998,9.23291301727295,-10.07028579711914,47.64243478183508,-122.13992597834283,122.25276184082031,-2.09765887260437,8.576465606689453,0.023974932730197906
1772180362234614000,0.02459612488746643,0.018481828272342682,0.9257471561431885,8.162690162658691,4.242856502532959,-10.123409271240234,47.64243478183508,-122.13992597834283,122.25276184082031,-2.09765887260437,8.576465606689453,0.023974932730197906
1772180362248228000,0.010990619659423828,0.016955722123384476,0.9845998287200928,9.590276718139648,2.8498711585998535,-10.136608123779297,47.64243478183508,-122.13992597834283,122.25276184082031,-2.09765887260437,8.576465606689453,0.023974932730197906
1772180362273810000,-0.031423162668943405,0.010606394149363041,1.0954357385635376,11.280170440673828,1.3531415462493896,-10.148675918579102,47.64244347079215,-122.13992990986846,122.25505828857422,-2.9057464599609375,8.863863945007324,0.005479617044329643
1772180362287297000,-0.04205973073840141,0.006182150915265083,0.997761607170105,10.335372924804688,0.6369147300720215,-10.104936599731445,47.64244347079215,-122.13992990986846,122.25505828857422,-2.9057464599609375,8.863863945007324,0.005479617044329643
1772180362313288000,-0.08022725582122803,-0.0033583941403776407,1.0721315145492554,11.420416831970215,-0.22755274176597595,-10.033126831054688,47.64244347079215,-122.13992990986846,122.25505828857422,-2.9057464599609375,8.863863945007324,0.005479617044329643
1772180362325862000,-0.06526707857847214,-0.0033763935789465904,0.8252332210540771,8.987316131591797,0.5271187424659729,-9.883378028869629,47.64244347079215,-122.13992990986846,122.25505828857422,-2.9057464599609375,8.863863945007324,0.005479617044329643
1772180362350694000,-0.07421756535768509,-0.007374824956059456,0.9590025544166565,10.863685607910156,2.2503161430358887,-9.837367057800293,47.64244347079215,-122.13992990986846,122.25505828857422,-2.9057464599609375,8.863863945007324,0.005479617044329643
1772180362376494000,-0.05650366470217705,-0.00562614481896162,0.8223254680633545,9.417341232299805,3.0023140907287598,-9.813019752502441,47.64245213608385,-122.13993421673953,122.25425720214844,-3.416747570037842,9.797865867614746,-0.002704752143472433
1772180362388489000,-0.0581236332654953,-0.004763002973049879,0.9806164503097534,11.330769538879395,4.132518768310547,-9.871347427368164,47.64245213608385,-122.13993421673953,122.25425720214844,-3.416747570037842,9.797865867614746,-0.002704752143472433
1772180362412902000,-0.0330268032848835,-0.00021376210497692227,0.8064957857131958,9.354265213012695,4.252265930175781,-9.873023986816406,47.64245213608385,-122.13993421673953,122.25425720214844,-3.416747570037842,9.797865867614746,-0.002704752143472433
1772180362425344000,-0.025253934785723686,0.0015839713159948587,0.8364346623420715,9.7195405960083,4.742394924163818,-9.861493110656738,47.64245213608385,-122.13993421673953,122.25425720214844,-3.416747570037842,9.797865867614746,-0.002704752143472433
1772180362451107000,-0.008050155825912952,0.00463911984115839,0.7481086254119873,8.736671447753906,4.76729154586792,-9.872628211975098,47.64245213608385,-122.13993421673953,122.25425720214844,-3.416747570037842,9.797865867614746,-0.002704752143472433
1772180362463269000,-0.0017048574518412352,0.007508220616728067,0.8437939286231995,9.934470176696777,5.629679203033447,-9.83255672454834,47.64245213608385,-122.13993421673953,122.25425720214844,-3.416747570037842,9.797865867614746,-0.002704752143472433
1772180362487994000,0.009788685478270054,0.011323596350848675,0.7364694476127625,8.7040376663208,5.343566417694092,-9.935012817382812,47.64246134057482,-122.13993941138426,122.25482177734375,-4.264742851257324,10.459346771240234,0.003361871698871255
1772180362514423000,0.020794251933693886,0.012791072018444538,0.6803059577941895,8.041598320007324,5.253302097320557,-9.910012245178223,47.64246134057482,-122.13993941138426,122.25482177734375,-4.264742851257324,10.459346771240234,0.003361871698871255
1772180362528698000,0.028704553842544556,0.017249001190066338,0.7629643082618713,9.032692909240723,6.198498725891113,-9.920279502868652,47.64246134057482,-122.13993941138426,122.25482177734375,-4.264742851257324,10.459346771240234,0.003361871698871255
1772180362553712000,0.041077870875597,0.02035393938422203,0.8185033798217773,9.841085433959961,6.90543270111084,-9.91696548461914,47.64246134057482,-122.13993941138426,122.25482177734375,-4.264742851257324,10.459346771240234,0.003361871698871255
1772180362565797000,0.03868090361356735,0.02124609611928463,0.7426096200942993,9.032906532287598,6.331815242767334,-9.925119400024414,47.64246134057482,-122.13993941138426,122.25482177734375,-4.264742851257324,10.459346771240234,0.003361871698871255
1772180362590367000,0.04046335071325302,0.021119382232427597,0.6681734919548035,8.021305084228516,6.222474098205566,-9.97878360748291,47.642471227433404,-122.13994602193843,122.25498962402344,-5.265137195587158,10.931585311889648,0.003926202654838562
1772180362615948000,0.04017369821667671,0.02302923984825611,0.6163401007652283,7.6134419441223145,5.686455249786377,-10.009040832519531,47.642471227433404,-122.13994602193843,122.25498962402344,-5.265137195587158,10.931585311889648,0.003926202654838562
1772180362627698000,0.05038705840706825,0.02777714841067791,0.7114987373352051,8.555946350097656,7.034067630767822,-9.991986274719238,47.642471227433404,-122.13994602193843,122.25498962402344,-5.265137195587158,10.931585311889648,0.003926202654838562
1772180362651527000,0.04890039563179016,0.025478338822722435,0.625594437122345,6.084719657897949,6.8378400802612305,-10.010496139526367,47.642471227433404,-122.13994602193843,122.25498962402344,-5.265137195587158,10.931585311889648,0.003926202654838562
1772180362677263000,0.04213908314704895,0.026426928117871284,0.5578920841217041,5.257718563079834,4.756570816040039,-10.046701431274414,47.642471227433404,-122.13994602193843,122.25498962402344,-5.265137195587158,10.931585311889648,0.003926202654838562
1772180362693595000,0.03315602242946625,0.0260152630507946,0.5450724959373474,4.820145130157471,3.6639740467071533,-10.101937294006348,47.64248224593107,-122.13995469938939,122.25462341308594,-6.284450054168701,11.18826961517334,-0.0036549936048686504
1772180362713293000,0.004387491382658482,0.017517218366265297,0.462094783782959,2.858083963394165,1.5614869594573975,-10.088029861450195,47.64248224593107,-122.13995469938939,122.25462341308594,-6.284450054168701,11.18826961517334,-0.0036549936048686504
1772180362737794000,-0.027956027537584305,0.015283710323274136,0.3888779282569885,0.9547865390777588,0.10749395191669464,-10.036438941955566,47.64248224593107,-122.13995469938939,122.25462341308594,-6.284450054168701,11.18826961517334,-0.0036549936048686504
1772180362758893000,-0.041087474673986435,0.012275459244847298,0.31615421175956726,0.08723799884319305,-0.4047083556652069,-9.972697257995605,47.64248224593107,-122.13995469938939,122.25462341308594,-6.284450054168701,11.18826961517334,-0.0036549936048686504
1772180362774564000,-0.0671280175447464,0.01066424697637558,0.205034077167511,-1.2735499143600464,-1.1835018396377563,-9.912944793701172,47.64248224593107,-122.13995469938939,122.25462341308594,-6.284450054168701,11.18826961517334,-0.0036549936048686504
1772180362786706000,-0.09031902253627777,0.012963825836777687,0.1694479137659073,-2.097771406173706,-1.7345200777053833,-9.883430480957031,47.64248224593107,-122.13995469938939,122.25462341308594,-6.284450054168701,11.18826961517334,-0.0036549936048686504
1772180362810460000,-0.09245007485151291,0.011245973408222198,0.036542486399412155,-2.58913254737854,-1.6631571054458618,-9.856135368347168,47.64249337888874,-122.13996406669322,122.25337982177734,-6.321832656860352,11.222774505615234,-0.02266349084675312
1772180362835037000,-0.08621945977210999,0.011504005640745163,-0.06974100321531296,-2.8535947799682617,-1.0786219835281372,-9.775026321411133,47.64249337888874,-122.13996406669322,122.25337982177734,-6.321832656860352,11.222774505615234,-0.02266349084675312
1772180362859768000,-0.09030472487211227,0.015742318704724312,-0.19525402784347534,-3.484530210494995,-0.8816809058189392,-9.807022094726562,47.64249337888874,-122.13996406669322,122.25337982177734,-6.321832656860352,11.222774505615234,-0.02266349084675312
1772180362872366000,-0.07660391181707382,0.014192617498338223,-0.22873717546463013,-3.266932725906372,-0.7171258330345154,-9.775917053222656,47.64249337888874,-122.13996406669322,122.25337982177734,-6.321832656860352,11.222774505615234,-0.02266349084675312
1772180362897332000,-0.07691322267055511,0.01874498277902603,-0.37092822790145874,-3.81418514251709,-0.9169063568115234,-9.802179336547852,47.64249337888874,-122.13996406669322,122.25337982177734,-6.321832656860352,11.222774505615234,-0.02266349084675312
1772180362915584000,-0.06652375310659409,0.01705826073884964,-0.39360758662223816,-3.636526584625244,-0.9248758554458618,-9.769604682922363,47.6425043727843,-122.13997307025832,122.25066375732422,-6.019876480102539,10.996697425842285,-0.023742210119962692
1772180362934512000,-0.07597627490758896,0.023952534422278404,-0.5979079604148865,-4.430416107177734,-1.482077717781067,-9.756962776184082,47.6425043727843,-122.13997307025832,122.25066375732422,-6.019876480102539,10.996697425842285,-0.023742210119962692
1772180362946849000,-0.06572725623846054,0.024562539532780647,-0.6203488111495972,-4.251718997955322,-1.6169323921203613,-9.730226516723633,47.6425043727843,-122.13997307025832,122.25066375732422,-6.019876480102539,10.996697425842285,-0.023742210119962692
1772180362972957000,-0.06424517929553986,0.02223019301891327,-0.6807711124420166,-4.060110092163086,-1.9823157787322998,-9.748174667358398,47.6425043727843,-122.13997307025832,122.25066375732422,-6.019876480102539,10.996697425842285,-0.023742210119962692
1772180362996832000,-0.0826975554227829,0.03290172666311264,-0.976936936378479,-5.086878776550293,-3.254944324493408,-9.751590728759766,47.6425043727843,-122.13997307025832,122.25066375732422,-6.019876480102539,10.996697425842285,-0.023742210119962692
1772180363008426000,-0.06412430107593536,0.024898944422602654,-0.7957659959793091,-3.956394910812378,-2.9483344554901123,-9.738309860229492,47.6425043727843,-122.13997307025832,122.25066375732422,-6.019876480102539,10.996697425842285,-0.023742210119962692
1772180363032187000,0.009222138673067093,0.013511767610907555,-0.928770124912262,-5.598545074462891,-2.7943806648254395,-8.752846717834473,47.642515317215526,-122.13998168940249,122.24862670898438,-5.5530595779418945,10.743924140930176,-0.0164909940212965
1772180363056456000,0.0010534148896113038,0.004503997508436441,-0.9192947149276733,-4.295269012451172,-5.068140983581543,-9.659757614135742,47.642515317215526,-122.13998168940249,122.24862670898438,-5.5530595779418945,10.743924140930176,-0.0164909940212965
1772180363069851000,-0.009789807721972466,0.003384388517588377,-1.1936101913452148,-5.289543151855469,-7.260141849517822,-9.66231918334961,47.642515317215526,-122.13998168940249,122.24862670898438,-5.5530595779418945,10.743924140930176,-0.0164909940212965
1772180363096179000,-0.02663116157054901,-0.0019312289077788591,-1.0140045881271362,-4.273275852203369,-7.1128363609313965,-9.664629936218262,47.642515317215526,-122.13998168940249,122.24862670898438,-5.5530595779418945,10.743924140930176,-0.0164909940212965
1772180363120394000,-0.05124203860759735,-0.005412484053522348,-1.0956687927246094,-4.461592674255371,-8.460439682006836,-9.756159782409668,47.642515317215526,-122.13998168940249,122.24862670898438,-5.5530595779418945,10.743924140930176,-0.0164909940212965
1772180363138926000,-0.05775796249508858,-0.0070551433600485325,-1.083724856376648,-4.37511682510376,-8.563582420349121,-9.788334846496582,47.64252596495034,-122.13998923140846,122.24951171875,-4.6538286209106445,10.624024391174316,0.014807949773967266
1772180363158471000,-0.07221464067697525,-0.010711426846683025,-1.0146695375442505,-3.916804552078247,-8.493731498718262,-9.810465812683105,47.64252596495034,-122.13998923140846,122.24951171875,-4.6538286209106445,10.624024391174316,0.014807949773967266
1772180363176334000,-0.10259947925806046,-0.015784870833158493,-1.2237457036972046,-4.674618244171143,-10.41016960144043,-9.826725006103516,47.64252596495034,-122.13998923140846,122.24951171875,-4.6538286209106445,10.624024391174316,0.014807949773967266
1772180363194883000,-0.12152951210737228,-0.01905352622270584,-1.2553507089614868,-4.804373741149902,-10.93110179901123,-9.893900871276855,47.64252596495034,-122.13998923140846,122.24951171875,-4.6538286209106445,10.624024391174316,0.014807949773967266
1772180363219095000,-0.11762174963951111,-0.01948397606611252,-1.1279703378677368,-4.287326335906982,-9.989227294921875,-9.94803237915039,47.64252596495034,-122.13998923140846,122.24951171875,-4.6538286209106445,10.624024391174316,0.014807949773967266
1772180363231282000,-0.1158413514494896,-0.01604348048567772,-1.0663423538208008,-4.052976608276367,-9.491781234741211,-10.021015167236328,47.64252596495034,-122.13998923140846,122.24951171875,-4.6538286209106445,10.624024391174316,0.014807949773967266
1772180363256455000,-0.11848989874124527,-0.015474416315555573,-1.0252379179000854,-3.896494150161743,-9.25951862335205,-10.004474639892578,47.64253651429773,-122.13999510961311,122.25137329101562,-3.497952699661255,10.58546257019043,0.01321485172957182
1772180363280688000,-0.09734359383583069,-0.0003386125899851322,-1.0903598070144653,-5.230116367340088,-10.401915550231934,-9.511894226074219,47.64253651429773,-122.13999510961311,122.25137329101562,-3.497952699661255,10.58546257019043,0.01321485172957182
1772180363293703000,-0.057869523763656616,0.01469472050666809,-0.9567604660987854,-4.849152088165283,-9.29482364654541,-9.44552993774414,47.64253651429773,-122.13999510961311,122.25137329101562,-3.497952699661255,10.58546257019043,0.01321485172957182
1772180363318148000,-0.0618801973760128,0.021363740786910057,-1.0735719203948975,-4.902460098266602,-10.741358757019043,-9.941433906555176,47.64253651429773,-122.13999510961311,122.25137329101562,-3.497952699661255,10.58546257019043,0.01321485172957182
1772180363343056000,-0.05648142844438553,0.020327702164649963,-0.9539060592651367,-4.4490532875061035,-9.771688461303711,-10.02093505859375,47.64253651429773,-122.13999510961311,122.25137329101562,-3.497952699661255,10.58546257019043,0.01321485172957182
1772180363360381000,-0.056136783212423325,0.021448757499456406,-0.9659745693206787,-4.567031383514404,-10.044008255004883,-10.046698570251465,47.64254703245882,-122.13999926160528,122.25401306152344,-2.270817756652832,10.384129524230957,0.026498444378376007
1772180363368403000,-0.05089864879846573,0.020707158371806145,-0.9004915356636047,-4.223796844482422,-9.429460525512695,-10.078463554382324,47.64254703245882,-122.13999926160528,122.25401306152344,-2.270817756652832,10.384129524230957,0.026498444378376007
1772180363393812000,-0.04510558769106865,0.01673652045428753,-0.7899193167686462,-3.875453233718872,-8.469359397888184,-10.017687797546387,47.64254703245882,-122.13999926160528,122.25401306152344,-2.270817756652832,10.384129524230957,0.026498444378376007
1772180363419481000,-0.039598312228918076,0.02026374824345112,-0.7419723272323608,-3.651221752166748,-8.098917961120605,-10.122511863708496,47.64254703245882,-122.13999926160528,122.25401306152344,-2.270817756652832,10.384129524230957,0.026498444378376007
1772180363432303000,-0.050752051174640656,0.02675357088446617,-0.9787052869796753,-4.909780979156494,-10.960332870483398,-10.144439697265625,47.64254703245882,-122.13999926160528,122.25401306152344,-2.270817756652832,10.384129524230957,0.026498444378376007
1772180363462070000,-0.042784448713064194,0.023533327504992485,-0.8695623874664307,-4.38618278503418,-9.877020835876465,-10.170696258544922,47.64255636262213,-122.14000148145279,122.25660705566406,-1.1930644512176514,10.110247611999512,0.019928863272070885
1772180363482116000,-0.040346600115299225,0.025017138570547104,-0.8977207541465759,-4.651638507843018,-10.376782417297363,-10.163203239440918,47.64255636262213,-122.14000148145279,122.25660705566406,-1.1930644512176514,10.110247611999512,0.019928863272070885
1772180363494744000,0.10154691338539124,0.036548785865306854,-0.7452126145362854,-2.1899614334106445,-5.90470552444458,-12.946925163269043,47.64255636262213,-122.14000148145279,122.25660705566406,-1.1930644512176514,10.110247611999512,0.019928863272070885
1772180363519440000,0.054074693471193314,0.029235240072011948,-0.8167212009429932,-4.787498950958252,-10.100464820861816,-9.621821403503418,47.64255636262213,-122.14000148145279,122.25660705566406,-1.1930644512176514,10.110247611999512,0.019928863272070885
1772180363543180000,0.02377917245030403,0.021547649055719376,-0.8476885557174683,-4.801907539367676,-10.468302726745605,-9.856149673461914,47.64255636262213,-122.14000148145279,122.25660705566406,-1.1930644512176514,10.110247611999512,0.019928863272070885
1772180363555872000,0.0076225376687943935,0.016084246337413788,-0.7117245197296143,-4.010144233703613,-8.672131538391113,-9.8741455078125,47.64255636262213,-122.14000148145279,122.25660705566406,-1.1930644512176514,10.110247611999512,0.019928863272070885
1772180363578198000,-0.016599757596850395,0.013753443956375122,-0.7927820086479187,-4.0250067710876465,-9.544240951538086,-9.954672813415527,47.64256622083104,-122.14000235692941,122.25568389892578,-0.10610100626945496,9.73126220703125,-0.005468619987368584
1772180363600803000,-0.018805375322699547,0.006469491869211197,-0.6401512622833252,-3.1409668922424316,-6.385231018066406,-9.936756134033203,47.64256622083104,-122.14000235692941,122.25568389892578,-0.10610100626945496,9.73126220703125,-0.005468619987368584
1772180363624786000,0.004825823474675417,0.012625946663320065,-0.6838726997375488,2.338214159011841,-2.805307388305664,-9.849076271057129,47.64256622083104,-122.14000235692941,122.25568389892578,-0.10610100626945496,9.73126220703125,-0.005468619987368584
1772180363637153000,0.028124099597334862,0.009881542064249516,-0.6591389179229736,7.485060691833496,-0.294414222240448,-9.986681938171387,47.64256622083104,-122.14000235692941,122.25568389892578,-0.10610100626945496,9.73126220703125,-0.005468619987368584
1772180363661458000,0.07417982816696167,-0.0010786348721012473,-0.6754760146141052,10.69926929473877,1.0199387073516846,-9.981755256652832,47.64256622083104,-122.14000235692941,122.25568389892578,-0.10610100626945496,9.73126220703125,-0.005468619987368584
1772180363678004000,0.07961203157901764,-0.004520908929407597,-0.614233136177063,10.119329452514648,0.3158930838108063,-9.911191940307617,47.6425754715137,-122.14000201919626,122.25507354736328,0.3087298572063446,10.056992530822754,-0.012840556912124157
1772180363698521000,0.08142279833555222,-0.009719802998006344,-0.5505222082138062,9.589768409729004,-0.9382673501968384,-9.793678283691406,47.6425754715137,-122.14000201919626,122.25507354736328,0.3087298572063446,10.056992530822754,-0.012840556912124157
1772180363723818000,0.06917937844991684,-0.010375922545790672,-0.49129775166511536,8.970942497253418,-1.783015489578247,-9.759453773498535,47.6425754715137,-122.14000201919626,122.25507354736328,0.3087298572063446,10.056992530822754,-0.012840556912124157
1772180363736187000,0.08775150775909424,-0.01330474577844143,-0.6238409876823425,11.61680793762207,-2.797528028488159,-9.813486099243164,47.6425754715137,-122.14000201919626,122.25507354736328,0.3087298572063446,10.056992530822754,-0.012840556912124157
1772180363760257000,0.06068361550569534,-0.010426792316138744,-0.5204965472221375,10.128222465515137,-3.136420488357544,-9.758284568786621,47.6425754715137,-122.14000201919626,122.25507354736328,0.3087298572063446,10.056992530822754,-0.012840556912124157
1772180363772053000,0.056578319519758224,-0.008766928687691689,-0.5210526585578918,10.341151237487793,-3.4948227405548096,-9.775946617126465,47.6425754715137,-122.14000201919626,122.25507354736328,0.3087298572063446,10.056992530822754,-0.012840556912124157
1772180363802026000,0.03768393397331238,-0.006357904523611069,-0.4509579539299011,9.370599746704102,-3.6100270748138428,-9.80031681060791,47.64258614717967,-122.14000134606205,122.2537841796875,0.6638901233673096,11.17271614074707,-0.0033435558434575796
1772180363821066000,0.026542112231254578,-0.004161282908171415,-0.4471976161003113,9.783341407775879,-4.083436965942383,-9.794943809509277,47.64258614717967,-122.14000134606205,122.2537841796875,0.6638901233673096,11.17271614074707,-0.0033435558434575796
1772180363845515000,0.01637762412428856,-0.0016477031167596579,-0.45833534002304077,10.578763008117676,-4.726418972015381,-9.87973403930664,47.64258614717967,-122.14000134606205,122.2537841796875,0.6638901233673096,11.17271614074707,-0.0033435558434575796
1772180363858003000,0.00820925273001194,-0.0010783260222524405,-0.35838571190834045,8.558454513549805,-3.8823630809783936,-9.866765022277832,47.64258614717967,-122.14000134606205,122.2537841796875,0.6638901233673096,11.17271614074707,-0.0033435558434575796
1772180363883562000,-0.0011217838618904352,0.0005612870445474982,-0.3305559754371643,8.049970626831055,-4.500658988952637,-9.893308639526367,47.64258614717967,-122.14000134606205,122.2537841796875,0.6638901233673096,11.17271614074707,-0.0033435558434575796
1772180363900549000,-0.014655415900051594,0.005221823696047068,-0.41208118200302124,9.643710136413574,-6.974125862121582,-9.891283988952637,47.642597916709164,-122.1399998554245,122.25406646728516,1.3048042058944702,12.14603328704834,0.004269658122211695
1772180363921304000,-0.028628088533878326,0.009256584569811821,-0.2806687355041504,5.860719203948975,-5.898491859436035,-9.8832368850708,47.642597916709164,-122.1399998554245,122.25406646728516,1.3048042058944702,12.14603328704834,0.004269658122211695
1772180363935189000,-0.041481658816337585,0.013428174890577793,-0.30711472034454346,6.326183319091797,-6.873923301696777,-9.963227272033691,47.642597916709164,-122.1399998554245,122.25406646728516,1.3048042058944702,12.14603328704834,0.004269658122211695
1772180363960473000,-0.04710566997528076,0.01859450712800026,-0.25300994515419006,4.589179992675781,-6.132848262786865,-9.979458808898926,47.642597916709164,-122.1399998554245,122.25406646728516,1.3048042058944702,12.14603328704834,0.004269658122211695
1772180363986582000,-0.04213593155145645,0.018121682107448578,-0.1970207840204239,2.3412864208221436,-4.753613471984863,-10.024435997009277,47.642597916709164,-122.1399998554245,122.25406646728516,1.3048042058944702,12.14603328704834,0.004269658122211695
1772180363986582000,-0.04213593155145645,0.018121682107448578,-0.1970207840204239,2.3412864208221436,-4.753613471984863,-10.024435997009277,47.642597916709164,-122.1399998554245,122.25406646728516,1.3048042058944702,12.14603328704834,0.004269658122211695
1772180364024626000,0.011525153182446957,0.015540278516709805,-0.1127905622124672,-0.36191079020500183,1.2969202995300293,-9.994659423828125,47.642609157643086,-122.13999755734147,122.25395202636719,1.9334146976470947,12.501178741455078,-0.003855673363432288
1772180364037285000,0.03212877735495567,0.013236275874078274,-0.06246954947710037,-0.9180421233177185,1.9413683414459229,-9.940186500549316,47.642609157643086,-122.13999755734147,122.25395202636719,1.9334146976470947,12.501178741455078,-0.003855673363432288
1772180364063762000,0.07249841094017029,0.012599334120750427,0.02769092470407486,-1.8709803819656372,3.0364418029785156,-9.858349800109863,47.642609157643086,-122.13999755734147,122.25395202636719,1.9334146976470947,12.501178741455078,-0.003855673363432288
1772180364077321000,0.11121659725904465,0.018235230818390846,0.09582933783531189,-2.683683395385742,4.252556800842285,-9.88963508605957,47.642609157643086,-122.13999755734147,122.25395202636719,1.9334146976470947,12.501178741455078,-0.003855673363432288
1772180364107553000,0.14377249777317047,0.02050943113863468,0.22977788746356964,-3.5139729976654053,5.053751468658447,-9.823782920837402,47.642609157643086,-122.13999755734147,122.25395202636719,1.9334146976470947,12.501178741455078,-0.003855673363432288
1772180364115306000,0.10633506625890732,0.014836867339909077,0.20711366832256317,-2.7692654132843018,3.8202412128448486,-9.814305305480957,47.642622112506004,-122.13999482251333,122.25239562988281,1.5799572467803955,12.36233901977539,-0.020028121769428253
1772180364141326000,0.13653066754341125,0.021913954988121986,0.3558082580566406,-3.609280586242676,4.831450462341309,-9.781203269958496,47.642622112506004,-122.13999482251333,122.25239562988281,1.5799572467803955,12.36233901977539,-0.020028121769428253
1772180364165668000,0.16364526748657227,0.028314383700489998,0.5284973978996277,-4.535519123077393,5.928618907928467,-9.828356742858887,47.642622112506004,-122.13999482251333,122.25239562988281,1.5799572467803955,12.36233901977539,-0.020028121769428253
1772180364177632000,0.11444330215454102,0.021840492263436317,0.425751268863678,-3.5261991024017334,4.599896430969238,-9.759113311767578,47.642622112506004,-122.13999482251333,122.25239562988281,1.5799572467803955,12.36233901977539,-0.020028121769428253
1772180364190302000,0.1538981795310974,0.031059499830007553,0.5929266810417175,-4.5718674659729,6.007166385650635,-9.822769165039062,47.642622112506004,-122.13999482251333,122.25239562988281,1.5799572467803955,12.36233901977539,-0.020028121769428253
1772180364227726000,0.14783751964569092,0.03524127975106239,0.7047364115715027,-4.61635684967041,6.907257556915283,-9.810112953186035,47.642634617312744,-122.13999301318131,122.2499771118164,0.9053895473480225,12.001517295837402,-0.019780339673161507
1772180364239576000,0.028365829959511757,0.010502805933356285,0.618158757686615,-4.8738508224487305,5.430234432220459,-8.564444541931152,47.642634617312744,-122.13999301318131,122.2499771118164,0.9053895473480225,12.001517295837402,-0.019780339673161507
1772180364266128000,0.018818071112036705,0.0029914863407611847,0.6274423599243164,-4.002956867218018,6.321562767028809,-9.68001937866211,47.642634617312744,-122.13999301318131,122.2499771118164,0.9053895473480225,12.001517295837402,-0.019780339673161507
1772180364278324000,0.027163144201040268,0.0004611652984749526,0.7094109058380127,-4.3638458251953125,7.191822528839111,-9.734807968139648,47.642634617312744,-122.13999301318131,122.2499771118164,0.9053895473480225,12.001517295837402,-0.019780339673161507
1772180364308082000,0.038793690502643585,-0.002766913268715143,0.667669951915741,-3.88383412361145,6.776187419891357,-9.825878143310547,47.642634617312744,-122.13999301318131,122.2499771118164,0.9053895473480225,12.001517295837402,-0.019780339673161507
1772180364318287000,0.05966292694211006,-0.004861739464104176,0.8640215992927551,-4.901528835296631,8.81514835357666,-9.827780723571777,47.642634617312744,-122.13999301318131,122.2499771118164,0.9053895473480225,12.001517295837402,-0.019780339673161507
1772180364342535000,0.07200922071933746,-0.007498937658965588,0.8764210939407349,-4.81516170501709,8.931145668029785,-9.871500968933105,47.642645315813475,-122.13999237904743,122.25065612792969,0.13289059698581696,11.598811149597168,0.008985301479697227
1772180364367923000,0.06387615948915482,-0.0064797005616128445,0.7467846870422363,-3.989542007446289,7.599768161773682,-9.918375968933105,47.642645315813475,-122.13999237904743,122.25065612792969,0.13289059698581696,11.598811149597168,0.008985301479697227
1772180364380623000,0.07136157155036926,-0.006455348338931799,0.775801420211792,-4.091073036193848,7.845911979675293,-9.914907455444336,47.642645315813475,-122.13999237904743,122.25065612792969,0.13289059698581696,11.598811149597168,0.008985301479697227
1772180364392277000,0.08187125623226166,-0.008888537995517254,0.8484735488891602,-4.642584800720215,8.87893295288086,-9.963801383972168,47.642645315813475,-122.13999237904743,122.25065612792969,0.13289059698581696,11.598811149597168,0.008985301479697227
1772180364429097000,0.04582388326525688,0.013624059036374092,0.8418040871620178,-5.067337512969971,9.097073554992676,-9.61599063873291,47.642645315813475,-122.13999237904743,122.25065612792969,0.13289059698581696,11.598811149597168,0.008985301479697227
1772180364441842000,0.03993573039770126,0.014134818688035011,0.7823652029037476,-4.520028591156006,8.433380126953125,-9.86807918548584,47.642656769574614,-122.13999300760906,122.25167846679688,-0.8308286070823669,11.078095436096191,0.0197080560028553
1772180364465701000,0.0472693033516407,0.017107103019952774,0.8649379014968872,-4.941652774810791,9.400697708129883,-9.952973365783691,47.642656769574614,-122.13999300760906,122.25167846679688,-0.8308286070823669,11.078095436096191,0.0197080560028553
1772180364477652000,0.04220392927527428,0.016210688278079033,0.786430299282074,-4.461043357849121,8.498937606811523,-10.014126777648926,47.642656769574614,-122.13999300760906,122.25167846679688,-0.8308286070823669,11.078095436096191,0.0197080560028553
1772180364503091000,0.04034655913710594,0.016457047313451767,0.7524600028991699,-4.240776538848877,8.157990455627441,-10.02015495300293,47.642656769574614,-122.13999300760906,122.25167846679688,-0.8308286070823669,11.078095436096191,0.0197080560028553
1772180364528564000,0.037769999355077744,0.01608138531446457,0.7568345069885254,-4.239224433898926,8.220521926879883,-10.001507759094238,47.642656769574614,-122.13999300760906,122.25167846679688,-0.8308286070823669,11.078095436096191,0.0197080560028553
1772180364540948000,0.04495338350534439,0.019816696643829346,0.8673693537712097,-4.872003078460693,9.425472259521484,-10.082283020019531,47.642656769574614,-122.13999300760906,122.25167846679688,-0.8308286070823669,11.078095436096191,0.0197080560028553
1772180364565859000,0.03927670419216156,0.01968310959637165,0.8309999108314514,-4.629879474639893,8.940729141235352,-10.061212539672852,47.64266756632057,-122.13999505317818,122.25363159179688,-1.7638294696807861,10.480020523071289,0.01832972839474678
1772180364590757000,0.0405605249106884,0.02061070315539837,0.909500002861023,-5.0624589920043945,9.819607734680176,-10.095427513122559,47.64266756632057,-122.13999505317818,122.25363159179688,-1.7638294696807861,10.480020523071289,0.01832972839474678
1772180364602416000,0.026928720995783806,0.015864448621869087,0.6715809106826782,-3.696000576019287,7.118611812591553,-10.098602294921875,47.64266756632057,-122.13999505317818,122.25363159179688,-1.7638294696807861,10.480020523071289,0.01832972839474678
1772180364630359000,0.028064528480172157,0.0200252253562212,0.7522669434547424,-4.140193462371826,7.987371444702148,-10.112378120422363,47.64266756632057,-122.13999505317818,122.25363159179688,-1.7638294696807861,10.480020523071289,0.01832972839474678
1772180364650311000,0.026984523981809616,0.02208123914897442,0.8380244374275208,-4.517815589904785,8.860368728637695,-10.132681846618652,47.64266756632057,-122.13999505317818,122.25363159179688,-1.7638294696807861,10.480020523071289,0.01832972839474678
1772180364661889000,0.020571814849972725,0.018321378156542778,0.6928873658180237,-3.8006041049957275,7.29083251953125,-10.039438247680664,47.64267748240249,-122.13999832425073,122.25562286376953,-2.609313488006592,9.837611198425293,0.0114525081589818
1772180364686477000,0.021325156092643738,0.01990790292620659,0.7373838424682617,-3.959691286087036,7.6755690574646,-10.067381858825684,47.64267748240249,-122.13999832425073,122.25562286376953,-2.609313488006592,9.837611198425293,0.0114525081589818
1772180364711082000,0.017412418499588966,0.019940799102187157,0.7259348630905151,-3.8764965534210205,7.5022664070129395,-10.059484481811523,47.64267748240249,-122.13999832425073,122.25562286376953,-2.609313488006592,9.837611198425293,0.0114525081589818
1772180364723531000,0.02047795243561268,0.02494661696255207,0.8937830924987793,-4.720048427581787,9.265608787536621,-10.115316390991211,47.64267748240249,-122.13999832425073,122.25562286376953,-2.609313488006592,9.837611198425293,0.0114525081589818
1772180364746574000,0.014260569587349892,0.024846846237778664,0.850033164024353,-4.420186996459961,8.67148208618164,-10.087955474853516,47.64267748240249,-122.13999832425073,122.25562286376953,-2.609313488006592,9.837611198425293,0.0114525081589818
1772180364771671000,0.010311709716916084,0.020801283419132233,0.7087369561195374,-3.665945291519165,7.138490676879883,-10.043968200683594,47.642686751577784,-122.1400027733428,122.25614929199219,-3.3838677406311035,9.139107704162598,0.005407358985394239
1772180364784123000,0.011560138314962387,0.0238431878387928,0.8711663484573364,-4.485266208648682,8.72641658782959,-10.083343505859375,47.642686751577784,-122.1400027733428,122.25614929199219,-3.3838677406311035,9.139107704162598,0.005407358985394239
1772180364809119000,0.009428758174180984,0.02358308620750904,0.8593719601631165,-4.33382511138916,8.53877067565918,-10.081435203552246,47.642686751577784,-122.1400027733428,122.25614929199219,-3.3838677406311035,9.139107704162598,0.005407358985394239
1772180364831727000,0.008000116795301437,0.028618376702070236,0.9235122203826904,-4.654778957366943,9.106233596801758,-10.091705322265625,47.642686751577784,-122.1400027733428,122.25614929199219,-3.3838677406311035,9.139107704162598,0.005407358985394239
1772180364848798000,0.007594824302941561,0.02455594390630722,0.8505778908729553,-4.232120513916016,8.269266128540039,-10.076651573181152,47.642686751577784,-122.1400027733428,122.25614929199219,-3.3838677406311035,9.139107704162598,0.005407358985394239
1772180364869424000,0.005537884309887886,0.020683573558926582,0.7565674185752869,-3.698301315307617,7.233773708343506,-10.025764465332031,47.642686751577784,-122.1400027733428,122.25614929199219,-3.3838677406311035,9.139107704162598,0.005407358985394239
1772180364880994000,0.006812146864831448,0.02715797908604145,0.9607454538345337,-4.657867908477783,9.22912311553955,-10.091065406799316,47.642695440943584,-122.14000837921418,122.25697326660156,-4.094194412231445,8.376564979553223,0.0015275946352630854
1772180364905999000,0.004005282185971737,0.024293169379234314,0.7919252514839172,-3.753664493560791,7.477256774902344,-10.043170928955078,47.642695440943584,-122.14000837921418,122.25697326660156,-4.094194412231445,8.376564979553223,0.0015275946352630854
1772180364932345000,0.002519658301025629,0.023015808314085007,0.822521448135376,-3.883787155151367,7.667951583862305,-10.020646095275879,47.642695440943584,-122.14000837921418,122.25697326660156,-4.094194412231445,8.376564979553223,0.0015275946352630854
1772180364948606000,0.0017879155930131674,0.0245814211666584,0.8549255728721619,-4.008410453796387,7.946430683135986,-10.06784725189209,47.642695440943584,-122.14000837921418,122.25697326660156,-4.094194412231445,8.376564979553223,0.0015275946352630854
1772180364969087000,0.0006598798208869994,0.025249192491173744,0.8535944819450378,-3.9148945808410645,7.820563793182373,-10.062150001525879,47.642695440943584,-122.14000837921418,122.25697326660156,-4.094194412231445,8.376564979553223,0.0015275946352630854
1772180364981955000,0.0002123134909197688,0.023632202297449112,0.8591025471687317,-3.9692792892456055,7.854965686798096,-10.065530776977539,47.64270253308068,-122.14001422449938,122.25685119628906,-4.662450790405273,7.652608871459961,-0.0002726519014686346
1772180365008349000,0.00039749720599502325,0.02540961466729641,0.8814542889595032,-3.9379706382751465,7.934525966644287,-10.047545433044434,47.64270253308068,-122.14001422449938,122.25685119628906,-4.662450790405273,7.652608871459961,-0.0002726519014686346
1772180365020127000,0.0005294575821608305,0.024860359728336334,0.8727874755859375,-3.916138172149658,7.80044412612915,-10.01329517364502,47.64270253308068,-122.14001422449938,122.25685119628906,-4.662450790405273,7.652608871459961,-0.0002726519014686346
1772180365049226000,0.00031279586255550385,0.0257712434977293,0.8639137148857117,-3.8200957775115967,7.619563102722168,-9.982182502746582,47.64270253308068,-122.14001422449938,122.25685119628906,-4.662450790405273,7.652608871459961,-0.0002726519014686346
1772180365068945000,-0.0004233852378092706,0.0245088879019022,0.9148794412612915,-3.9779670238494873,8.022164344787598,-10.046239852905273,47.64270253308068,-122.14001422449938,122.25685119628906,-4.662450790405273,7.652608871459961,-0.0002726519014686346
1772180365081341000,0.0003163519431836903,0.026588985696434975,0.9092578291893005,-3.9023873805999756,7.95095157623291,-10.010449409484863,47.64270977830864,-122.14002171025561,122.25643157958984,-5.22844123840332,6.78496789932251,-0.001061552087776363
1772180365107082000,-0.0017637604614719748,0.025681670755147934,0.8982570767402649,-3.7980592250823975,7.70242977142334,-10.012760162353516,47.64270977830864,-122.14002171025561,122.25643157958984,-5.22844123840332,6.78496789932251,-0.001061552087776363
1772180365131795000,0.001191377523355186,0.027217252179980278,0.9990161657333374,1.6796268224716187,8.759601593017578,-10.044635772705078,47.64270977830864,-122.14002171025561,122.25643157958984,-5.22844123840332,6.78496789932251,-0.001061552087776363
1772180365150243000,-0.002763197058811784,0.02597312070429325,0.9248918890953064,7.173285007476807,5.882709980010986,-10.093843460083008,47.64270977830864,-122.14002171025561,122.25643157958984,-5.22844123840332,6.78496789932251,-0.001061552087776363
1772180365170400000,-0.035171154886484146,0.023629212751984596,1.097223162651062,11.784476280212402,2.7581629753112793,-10.146560668945312,47.64270977830864,-122.14002171025561,122.25643157958984,-5.22844123840332,6.78496789932251,-0.001061552087776363
1772180365182702000,-0.03871065005660057,0.01577797345817089,0.8579875230789185,9.41048526763916,1.4840394258499146,-10.015165328979492,47.642715872377586,-122.14002932691592,122.25624084472656,-5.989739894866943,6.897524356842041,-0.011721918359398842
1772180365207544000,-0.07463780045509338,0.007874921895563602,0.9789512157440186,11.05576229095459,0.34207969903945923,-9.969690322875977,47.642715872377586,-122.14002932691592,122.25624084472656,-5.989739894866943,6.897524356842041,-0.011721918359398842
1772180365231375000,-0.10809332132339478,0.00043197476770728827,1.0018227100372314,11.542166709899902,-0.9297546148300171,-9.941019058227539,47.642715872377586,-122.14002932691592,122.25624084472656,-5.989739894866943,6.897524356842041,-0.011721918359398842
1772180365249030000,-0.09364383667707443,-0.0042835986241698265,0.8453792929649353,10.035709381103516,0.056409284472465515,-9.834094047546387,47.642715872377586,-122.14002932691592,122.25624084472656,-5.989739894866943,6.897524356842041,-0.011721918359398842
1772180365269683000,-0.0807339996099472,-0.0052839783020317554,0.7195827960968018,8.876045227050781,1.2021061182022095,-9.781830787658691,47.642715872377586,-122.14002932691592,122.25624084472656,-5.989739894866943,6.897524356842041,-0.011721918359398842
1772180365294134000,-0.08647855371236801,-0.006488976068794727,0.8476839065551758,10.863335609436035,2.677708148956299,-9.786949157714844,47.642715872377586,-122.14002932691592,122.25624084472656,-5.989739894866943,6.897524356842041,-0.011721918359398842
1772180365305849000,-0.06883181631565094,-0.005066655110567808,0.7483302354812622,9.675675392150879,2.8704299926757812,-9.71807861328125,47.64272323511775,-122.14003888764671,122.2544937133789,-6.87066125869751,7.65395975112915,-0.011165976524353027
1772180365331127000,-0.04549083858728409,-0.0017004406545311213,0.6445888876914978,8.519453048706055,3.1796188354492188,-9.797613143920898,47.64272323511775,-122.14003888764671,122.2544937133789,-6.87066125869751,7.65395975112915,-0.011165976524353027
1772180365343594000,-0.05176342651247978,-0.002143080811947584,0.8560136556625366,11.40880012512207,4.723568439483643,-9.807699203491211,47.64272323511775,-122.14003888764671,122.2544937133789,-6.87066125869751,7.65395975112915,-0.011165976524353027
1772180365373646000,-0.02648339234292507,0.0033821689430624247,0.7323594093322754,9.886898040771484,4.715945720672607,-9.842167854309082,47.64272323511775,-122.14003888764671,122.2544937133789,-6.87066125869751,7.65395975112915,-0.011165976524353027
1772180365394227000,-0.009633911773562431,0.005353620741516352,0.7153109908103943,9.808741569519043,5.124770641326904,-9.842720985412598,47.64272323511775,-122.14003888764671,122.2544937133789,-6.87066125869751,7.65395975112915,-0.011165976524353027
1772180365407102000,-0.002912901807576418,0.00668380269780755,0.6577386856079102,9.075753211975098,4.930512428283691,-9.78875732421875,47.642730269979985,-122.14004876523306,122.25366973876953,-7.885697841644287,7.979008197784424,-0.0001721131702652201
1772180365432660000,0.009730294346809387,0.010983778163790703,0.6269055604934692,8.814722061157227,5.103540420532227,-9.849884986877441,47.642730269979985,-122.14004876523306,122.25366973876953,-7.885697841644287,7.979008197784424,-0.0001721131702652201
1772180365452217000,0.018672103062272072,0.012948991730809212,0.7093937993049622,10.044672012329102,6.019702434539795,-9.89681625366211,47.642730269979985,-122.14004876523306,122.25366973876953,-7.885697841644287,7.979008197784424,-0.0001721131702652201
1772180365456630000,0.01942744106054306,0.011551511473953724,0.6329940557479858,9.078958511352539,5.509189128875732,-9.88915729522705,47.642730269979985,-122.14004876523306,122.25366973876953,-7.885697841644287,7.979008197784424,-0.0001721131702652201
1772180365493523000,0.032728683203458786,0.016355467960238457,0.6100955009460449,8.795604705810547,6.070459365844727,-9.923104286193848,47.642730269979985,-122.14004876523306,122.25366973876953,-7.885697841644287,7.979008197784424,-0.0001721131702652201
1772180365505810000,0.03706812113523483,0.01669991761445999,0.6047777533531189,8.820846557617188,6.138401985168457,-9.886553764343262,47.642730269979985,-122.14004876523306,122.25366973876953,-7.885697841644287,7.979008197784424,-0.0001721131702652201
1772180365530047000,0.04030635952949524,0.02080480195581913,0.5854691863059998,8.658692359924316,6.284030914306641,-9.92657470703125,47.64273840047792,-122.1400615807262,122.2544937133789,-9.087761878967285,8.096659660339355,0.003567740321159363
1772180365555059000,0.041937485337257385,0.02240975759923458,0.5373049378395081,8.124974250793457,6.035299777984619,-9.961465835571289,47.64273840047792,-122.1400615807262,122.2544937133789,-9.087761878967285,8.096659660339355,0.003567740321159363
1772180365567771000,0.04443889483809471,0.021918481215834618,0.5507779717445374,8.347917556762695,6.4571027755737305,-10.006377220153809,47.64273840047792,-122.1400615807262,122.2544937133789,-9.087761878967285,8.096659660339355,0.003567740321159363
1772180365591167000,0.0483066663146019,0.022502349689602852,0.5684754252433777,8.85438060760498,6.835641384124756,-9.966710090637207,47.64273840047792,-122.1400615807262,122.2544937133789,-9.087761878967285,8.096659660339355,0.003567740321159363
1772180365604521000,0.049159545451402664,0.024180201813578606,0.5565493702888489,8.7664213180542,6.860203266143799,-9.990403175354004,47.64273840047792,-122.1400615807262,122.2544937133789,-9.087761878967285,8.096659660339355,0.003567740321159363
1772180365629588000,0.04987829551100731,0.025631694123148918,0.5319177508354187,8.479037284851074,7.078139305114746,-9.974839210510254,47.642746426944285,-122.1400760088892,122.25464630126953,-10.278117179870605,8.025089263916016,0.0021851258352398872
1772180365641859000,0.05013936385512352,0.026722023263573647,0.5158536434173584,8.159728050231934,7.173433303833008,-10.021121978759766,47.642746426944285,-122.1400760088892,122.25464630126953,-10.278117179870605,8.025089263916016,0.0021851258352398872
1772180365667394000,0.06232157722115517,0.032942526042461395,0.48248395323753357,5.39445161819458,9.220782279968262,-10.01298999786377,47.642746426944285,-122.1400760088892,122.25464630126953,-10.278117179870605,8.025089263916016,0.0021851258352398872
1772180365690531000,0.0874575600028038,0.042415421456098557,0.5018659830093384,3.395113468170166,10.806073188781738,-10.088862419128418,47.642746426944285,-122.1400760088892,122.25464630126953,-10.278117179870605,8.025089263916016,0.0021851258352398872
1772180365716444000,0.0312570221722126,0.01255153026431799,0.3561883866786957,0.878076434135437,8.665722846984863,-9.526591300964355,47.642746426944285,-122.1400760088892,122.25464630126953,-10.278117179870605,8.025089263916016,0.0021851258352398872
1772180365728305000,0.03582194820046425,0.010870099067687988,0.4236413240432739,1.2592339515686035,10.849518775939941,-9.895444869995117,47.642746426944285,-122.1400760088892,122.25464630126953,-10.278117179870605,8.025089263916016,0.0021851258352398872
1772180365753495000,0.032556213438510895,0.008026651106774807,0.33689427375793457,0.2060350924730301,9.321304321289062,-10.006129264831543,47.64275415099572,-122.14009220209421,122.25534057617188,-11.201972007751465,7.305842876434326,0.01625894568860531
1772180365765609000,0.040796831250190735,0.01115174125880003,0.4107547998428345,-0.3935023844242096,11.748678207397461,-10.078089714050293,47.64275415099572,-122.14009220209421,122.25534057617188,-11.201972007751465,7.305842876434326,0.01625894568860531
1772180365778827000,0.03424805775284767,0.009246484376490116,0.34502142667770386,-0.9495896697044373,10.013819694519043,-10.127017974853516,47.64275415099572,-122.14009220209421,122.25534057617188,-11.201972007751465,7.305842876434326,0.01625894568860531
1772180365815867000,0.04062348231673241,0.011141578666865826,0.40001651644706726,-3.2132949829101562,11.477204322814941,-10.222030639648438,47.64275415099572,-122.14009220209421,122.25534057617188,-11.201972007751465,7.305842876434326,0.01625894568860531
1772180365827961000,0.026404855772852898,0.009132020175457,0.31332066655158997,-3.0185112953186035,8.6224365234375,-10.176322937011719,47.64275415099572,-122.14009220209421,122.25534057617188,-11.201972007751465,7.305842876434326,0.01625894568860531
1772180365852961000,-0.08322196453809738,0.024690087884664536,0.3239510953426361,-3.658580780029297,8.870333671569824,-10.02847671508789,47.64276088934043,-122.14010924035246,122.25618743896484,-11.55151081085205,6.271614074707031,-0.026459595188498497
1772180365876186000,-0.0562865249812603,0.01461910828948021,0.3373250365257263,-4.557167053222656,8.61994457244873,-9.771697998046875,47.64276088934043,-122.14010924035246,122.25618743896484,-11.55151081085205,6.271614074707031,-0.026459595188498497
1772180365887501000,-0.04076344892382622,0.011130528524518013,0.3673361837863922,-4.9095540046691895,8.848763465881348,-9.779253005981445,47.64276088934043,-122.14010924035246,122.25618743896484,-11.55151081085205,6.271614074707031,-0.026459595188498497
1772180365911491000,-0.017149727791547775,0.00778289046138525,0.3296433687210083,-4.214812755584717,6.857056617736816,-9.854104995727539,47.64276088934043,-122.14010924035246,122.25618743896484,-11.55151081085205,6.271614074707031,-0.026459595188498497
1772180365936460000,-0.008272770792245865,0.0053837914019823074,0.37382805347442627,-4.440644264221191,6.9141130447387695,-9.90089225769043,47.64276088934043,-122.14010924035246,122.25618743896484,-11.55151081085205,6.271614074707031,-0.026459595188498497
1772180365949661000,-0.0027827084995806217,0.00331670930609107,0.3632050156593323,-4.168412208557129,6.276295185089111,-9.921549797058105,47.64276088934043,-122.14010924035246,122.25618743896484,-11.55151081085205,6.271614074707031,-0.026459595188498497
1772180365974723000,0.0039410945028066635,0.0035580277908593416,0.462117999792099,-4.808248519897461,7.112122535705566,-9.935169219970703,47.64276645990533,-122.14012592974956,122.25492095947266,-11.502450942993164,5.29163932800293,-0.009049071930348873
1772180365987887000,0.00796249695122242,0.003043602453544736,0.4624285101890564,-4.614926338195801,6.814553737640381,-9.957709312438965,47.64276645990533,-122.14012592974956,122.25492095947266,-11.502450942993164,5.29163932800293,-0.009049071930348873
1772180366017855000,0.0048159463331103325,0.0068829976953566074,0.5618581175804138,-5.353466987609863,7.634978771209717,-9.852429389953613,47.64276645990533,-122.14012592974956,122.25492095947266,-11.502450942993164,5.29163932800293,-0.009049071930348873
1772180366037663000,-0.004534948617219925,0.011914030648767948,0.5137308239936829,-4.396381378173828,6.744572162628174,-9.87171459197998,47.64276645990533,-122.14012592974956,122.25492095947266,-11.502450942993164,5.29163932800293,-0.009049071930348873
1772180366049445000,-0.004994525574147701,0.012999760918319225,0.5242841839790344,-4.140484809875488,6.77816104888916,-9.894875526428223,47.64276645990533,-122.14012592974956,122.25492095947266,-11.502450942993164,5.29163932800293,-0.009049071930348873
1772180366062361000,-0.0020695440471172333,0.01566617749631405,0.6231726408004761,-4.682478904724121,7.679523944854736,-9.931329727172852,47.64277083950499,-122.14014136725127,122.25414276123047,-11.378636360168457,4.452545166015625,-0.0015824546571820974
1772180366098751000,-0.017518313601613045,0.01689327135682106,0.5938486456871033,-4.065011978149414,1.9371269941329956,-10.056171417236328,47.64277083950499,-122.14014136725127,122.25414276123047,-11.378636360168457,4.452545166015625,-0.0015824546571820974
1772180366118570000,-0.03550971299409866,0.014261272735893726,0.5255026817321777,1.9526563882827759,-0.768966794013977,-10.008358001708984,47.64277083950499,-122.14014136725127,122.25414276123047,-11.378636360168457,4.452545166015625,-0.0015824546571820974
1772180366136766000,-0.08529067039489746,0.0004586466238833964,0.5678919553756714,10.87198543548584,-1.056705355644226,-10.0316801071167,47.64277083950499,-122.14014136725127,122.25414276123047,-11.378636360168457,4.452545166015625,-0.0015824546571820974
1772180366148965000,-0.06823933869600296,-0.004880549386143684,0.45303234457969666,9.446914672851562,-0.07526175677776337,-9.950161933898926,47.64277083950499,-122.14014136725127,122.25414276123047,-11.378636360168457,4.452545166015625,-0.0015824546571820974
1772180366174698000,-0.05728698521852493,-0.015381187200546265,0.4037112295627594,8.862007141113281,1.1116644144058228,-9.904335975646973,47.64277471127686,-122.14015650666055,122.25316619873047,-11.751751899719238,4.446864604949951,-0.017193874344229698
1772180366198574000,-0.07744907587766647,-0.01351143792271614,0.44924959540367126,10.481287956237793,2.6772613525390625,-9.646728515625,47.64277471127686,-122.14015650666055,122.25316619873047,-11.751751899719238,4.446864604949951,-0.017193874344229698
1772180366211244000,-0.057658854871988297,-0.010105335153639317,0.3582038879394531,8.495551109313965,2.5101592540740967,-9.711871147155762,47.64277471127686,-122.14015650666055,122.25316619873047,-11.751751899719238,4.446864604949951,-0.017193874344229698
1772180366234979000,-0.0465828999876976,-0.008141881786286831,0.3888377845287323,8.85776424407959,5.2799973487854,-9.697094917297363,47.64277471127686,-122.14015650666055,122.25316619873047,-11.751751899719238,4.446864604949951,-0.017193874344229698
1772180366259977000,-0.0007948089623823762,0.003570500761270523,0.3365330696105957,4.388293743133545,7.714488983154297,-9.712118148803711,47.64277471127686,-122.14015650666055,122.25316619873047,-11.751751899719238,4.446864604949951,-0.017193874344229698
1772180366271638000,0.02119756117463112,0.0107168760150671,0.357928991317749,3.846938371658325,8.828067779541016,-9.810718536376953,47.642779130257495,-122.14017474063988,122.25279235839844,-12.758681297302246,4.239128589630127,0.0034134620800614357
1772180366296252000,0.05380912870168686,0.02024834230542183,0.34054580330848694,1.9182932376861572,8.508404731750488,-9.934718132019043,47.642779130257495,-122.14017474063988,122.25279235839844,-12.758681297302246,4.239128589630127,0.0034134620800614357
1772180366320892000,0.08407362550497055,0.03266880288720131,0.38541921973228455,0.6304082274436951,9.073199272155762,-10.036298751831055,47.642779130257495,-122.14017474063988,122.25279235839844,-12.758681297302246,4.239128589630127,0.0034134620800614357
1772180366338990000,0.09256959706544876,0.036433666944503784,0.4003368616104126,-0.0195764247328043,8.877734184265137,-10.030065536499023,47.642779130257495,-122.14017474063988,122.25279235839844,-12.758681297302246,4.239128589630127,0.0034134620800614357
1772180366356304000,0.09837928414344788,0.04192165285348892,0.4675166606903076,-1.5118937492370605,9.218277931213379,-9.982986450195312,47.642779130257495,-122.14017474063988,122.25279235839844,-12.758681297302246,4.239128589630127,0.0034134620800614357
1772180366380980000,0.02299024909734726,0.015058314427733421,0.4233887493610382,-2.5181097984313965,7.991079807281494,-9.837272644042969,47.642782752712314,-122.14019355715222,122.25324249267578,-13.027260780334473,3.307035207748413,0.01554260216653347
1772180366393403000,0.024043573066592216,0.010460903868079185,0.4186532497406006,-2.5345265865325928,7.380342483520508,-10.042457580566406,47.642782752712314,-122.14019355715222,122.25324249267578,-13.027260780334473,3.307035207748413,0.01554260216653347
1772180366418335000,0.033543508499860764,0.00821845792233944,0.4964078962802887,-3.5089094638824463,7.808622360229492,-10.102801322937012,47.642782752712314,-122.14019355715222,122.25324249267578,-13.027260780334473,3.307035207748413,0.01554260216653347
1772180366432218000,0.03031439520418644,0.0069049084559082985,0.4458950459957123,-3.309271812438965,6.659780502319336,-10.069988250732422,47.642782752712314,-122.14019355715222,122.25324249267578,-13.027260780334473,3.307035207748413,0.01554260216653347
1772180366455691000,0.02524081990122795,0.012767694890499115,0.5923705101013184,-4.804599285125732,8.333234786987305,-9.961292266845703,47.642782752712314,-122.14019355715222,122.25324249267578,-13.027260780334473,3.307035207748413,0.01554260216653347
1772180366480365000,0.017704734578728676,0.013209961354732513,0.5196126699447632,-3.760143280029297,7.053677558898926,-10.057612419128418,47.642782752712314,-122.14019355715222,122.25324249267578,-13.027260780334473,3.307035207748413,0.01554260216653347
1772180366499665000,0.01688174344599247,0.013079335913062096,0.5309298634529114,-3.7108168601989746,6.972428321838379,-10.014009475708008,47.64278553863299,-122.14021276960325,122.25437927246094,-12.833623886108398,2.385606288909912,0.00800306536257267
1772180366516678000,0.01123066246509552,0.01419264730066061,0.5626016855239868,0.862654447555542,5.973527431488037,-10.103095054626465,47.64278553863299,-122.14021276960325,122.25437927246094,-12.833623886108398,2.385606288909912,0.00800306536257267
1772180366529862000,0.0007104200776666403,0.013354691676795483,0.6380230784416199,7.373706817626953,3.3358230590820312,-10.175053596496582,47.64278553863299,-122.14021276960325,122.25437927246094,-12.833623886108398,2.385606288909912,0.00800306536257267
1772180366560851000,-0.04697727784514427,0.0002191622625105083,0.5720148086547852,9.8731050491333,-1.271122694015503,-10.121989250183105,47.64278553863299,-122.14021276960325,122.25437927246094,-12.833623886108398,2.385606288909912,0.00800306536257267
1772180366580119000,-0.09491226077079773,-0.011888664215803146,0.640734076499939,11.863965034484863,0.565735399723053,-9.987747192382812,47.64278553863299,-122.14021276960325,122.25437927246094,-12.833623886108398,2.385606288909912,0.00800306536257267
1772180366592116000,-0.06984065473079681,-0.008685674518346786,0.44883161783218384,8.529528617858887,1.1738642454147339,-9.849207878112793,47.64278553863299,-122.14021276960325,122.25437927246094,-12.833623886108398,2.385606288909912,0.00800306536257267
1772180366617150000,-0.06701859831809998,-0.008618289604783058,0.4349839985370636,7.960239410400391,2.917334794998169,-9.834610939025879,47.64278780809861,-122.14023252919336,122.25416564941406,-13.62756061553955,2.2535884380340576,-0.008610842749476433
1772180366642501000,-0.0479181632399559,-0.0038249939680099487,0.41379112005233765,4.711425304412842,4.732781887054443,-9.839200973510742,47.64278780809861,-122.14023252919336,122.25416564941406,-13.62756061553955,2.2535884380340576,-0.008610842749476433
1772180366655200000,-0.02421320416033268,0.0015120318857952952,0.3667619228363037,3.253025531768799,6.257899761199951,-9.803445816040039,47.64278780809861,-122.14023252919336,122.25416564941406,-13.62756061553955,2.2535884380340576,-0.008610842749476433
1772180366679472000,0.019592078402638435,0.014480792917311192,0.38732877373695374,1.4095325469970703,8.950934410095215,-9.880581855773926,47.64278780809861,-122.14023252919336,122.25416564941406,-13.62756061553955,2.2535884380340576,-0.008610842749476433
1772180366692162000,0.04087526351213455,0.021113326773047447,0.3889719545841217,0.5586111545562744,9.37787914276123,-9.883401870727539,47.64278780809861,-122.14023252919336,122.25416564941406,-13.62756061553955,2.2535884380340576,-0.008610842749476433
1772180366716495000,0.07253163307905197,0.03356696292757988,0.39362502098083496,-0.8326398134231567,9.313634872436523,-9.998376846313477,47.642789572094536,-122.14025100627573,122.25403594970703,-14.04443073272705,1.6221668720245361,-0.0005095216329209507
1772180366740975000,0.08704666048288345,0.03997629135847092,0.40908345580101013,-1.8538949489593506,8.749399185180664,-10.142902374267578,47.642789572094536,-122.14025100627573,122.25403594970703,-14.04443073272705,1.6221668720245361,-0.0005095216329209507
1772180366753906000,0.0661645382642746,0.03351062536239624,0.39845970273017883,-2.731682300567627,8.335223197937012,-9.74377155303955,47.642789572094536,-122.14025100627573,122.25403594970703,-14.04443073272705,1.6221668720245361,-0.0005095216329209507
1772180366766385000,0.020002249628305435,0.017768051475286484,0.3888913094997406,-3.722006320953369,8.262721061706543,-9.265162467956543,47.642789572094536,-122.14025100627573,122.25403594970703,-14.04443073272705,1.6221668720245361,-0.0005095216329209507
1772180366802203000,0.023388074710965157,0.009857185184955597,0.4518413543701172,-3.8607664108276367,8.06204891204834,-10.097965240478516,47.642789572094536,-122.14025100627573,122.25403594970703,-14.04443073272705,1.6221668720245361,-0.0005095216329209507
1772180366814861000,0.02407616749405861,0.0078587606549263,0.41869357228279114,-3.721184253692627,7.108936786651611,-10.072059631347656,47.642790610341144,-122.14027154361388,122.25415802001953,-13.81655502319336,0.6452481150627136,0.00849161110818386
1772180366842623000,0.01907608099281788,0.007370989769697189,0.43250930309295654,-4.15969705581665,6.70601749420166,-10.004717826843262,47.642790610341144,-122.14027154361388,122.25415802001953,-13.81655502319336,0.6452481150627136,0.00849161110818386
1772180366854809000,0.017797188833355904,0.011397997848689556,0.48300662636756897,-4.68545389175415,7.275984764099121,-9.91518783569336,47.642790610341144,-122.14027154361388,122.25415802001953,-13.81655502319336,0.6452481150627136,0.00849161110818386
1772180366867331000,0.017569800838828087,0.015780892223119736,0.5711377263069153,-5.403027534484863,8.346939086914062,-10.102912902832031,47.642790610341144,-122.14027154361388,122.25415802001953,-13.81655502319336,0.6452481150627136,0.00849161110818386
1772180366904720000,0.012113898061215878,0.01494815293699503,0.5875905752182007,-5.3302507400512695,8.016091346740723,-10.082951545715332,47.642790610341144,-122.14027154361388,122.25415802001953,-13.81655502319336,0.6452481150627136,0.00849161110818386
1772180366922629000,0.009032421745359898,0.01304621808230877,0.5277327299118042,-4.68275785446167,7.038152694702148,-10.01826286315918,47.64279078795522,-122.14029007840735,122.2550048828125,-13.363523483276367,-0.14262865483760834,0.004442951176315546
1772180366942599000,0.007894076406955719,0.015423335134983063,0.5845507979393005,-5.037269592285156,7.602089881896973,-10.045002937316895,47.64279078795522,-122.14029007840735,122.2550048828125,-13.363523483276367,-0.14262865483760834,0.004442951176315546
1772180366955103000,0.0059594763442873955,0.01414499245584011,0.5097891092300415,-4.327696323394775,6.495232582092285,-10.018399238586426,47.64279078795522,-122.14029007840735,122.2550048828125,-13.363523483276367,-0.14262865483760834,0.004442951176315546
1772180366968278000,0.008317583240568638,0.014054068364202976,0.6409659385681152,-5.365345478057861,8.184226989746094,-10.036092758178711,47.64279078795522,-122.14029007840735,122.2550048828125,-13.363523483276367,-0.14262865483760834,0.004442951176315546
1772180366992508000,0.006639608647674322,0.015142839401960373,0.6146901249885559,-5.057202339172363,7.766697883605957,-9.980331420898438,47.64279078795522,-122.14029007840735,122.2550048828125,-13.363523483276367,-0.14262865483760834,0.004442951176315546
1772180367018390000,0.0053380499593913555,0.015079126693308353,0.550591230392456,-4.413136005401611,6.766092777252197,-9.985496520996094,47.64279078795522,-122.14029007840735,122.2550048828125,-13.363523483276367,-0.14262865483760834,0.004442951176315546
1772180367042566000,0.007753239944577217,0.017476506531238556,0.6551117897033691,-5.099837303161621,8.03547477722168,-10.010172843933105,47.64279015032617,-122.14030976723241,122.25543212890625,-12.783303260803223,-1.0052533149719238,0.002769802464172244
1772180367054316000,0.006197759415954351,0.018184084445238113,0.6608423590660095,-5.114721775054932,8.100107192993164,-10.021625518798828,47.64279015032617,-122.14030976723241,122.25543212890625,-12.783303260803223,-1.0052533149719238,0.002769802464172244
1772180367077951000,0.005774397868663073,0.015946270897984505,0.6283016204833984,-4.82069206237793,7.614988803863525,-9.99670696258545,47.64279015032617,-122.14030976723241,122.25543212890625,-12.783303260803223,-1.0052533149719238,0.002769802464172244
1772180367101785000,0.006453991401940584,0.017556125298142433,0.6086066365242004,-4.533116817474365,7.333985328674316,-10.016349792480469,47.64279015032617,-122.14030976723241,122.25543212890625,-12.783303260803223,-1.0052533149719238,0.002769802464172244
1772180367114613000,0.00689115421846509,0.019037358462810516,0.7079234719276428,-5.2704997062683105,8.570507049560547,-10.016717910766602,47.64279015032617,-122.14030976723241,122.25543212890625,-12.783303260803223,-1.0052533149719238,0.002769802464172244
1772180367139672000,0.006918034050613642,0.019735554233193398,0.6798607707023621,-4.91599702835083,8.165729522705078,-10.023980140686035,47.64278891665488,-122.14032579967736,122.25542449951172,-12.24101734161377,-1.7385631799697876,0.0028510987758636475
1772180367164143000,0.009043745696544647,0.018326591700315475,0.7342482209205627,-5.290803909301758,8.765409469604492,-10.012931823730469,47.64278891665488,-122.14032579967736,122.25542449951172,-12.24101734161377,-1.7385631799697876,0.0028510987758636475
1772180367176420000,0.00733718229457736,0.01779399998486042,0.6025438904762268,-4.298466682434082,7.164285182952881,-9.991448402404785,47.64278891665488,-122.14032579967736,122.25542449951172,-12.24101734161377,-1.7385631799697876,0.0028510987758636475
1772180367189262000,0.008307917043566704,0.019850363954901695,0.7137157320976257,-5.078368663787842,8.484621047973633,-10.021078109741211,47.64278891665488,-122.14032579967736,122.25542449951172,-12.24101734161377,-1.7385631799697876,0.0028510987758636475
1772180367224400000,0.007885247468948364,0.019564583897590637,0.7283189296722412,-5.055152893066406,8.579535484313965,-10.0483980178833,47.64278891665488,-122.14032579967736,122.25542449951172,-12.24101734161377,-1.7385631799697876,0.0028510987758636475
1772180367236609000,0.006359656807035208,0.020531589165329933,0.6611015796661377,-4.57772159576416,7.756959438323975,-10.00978946685791,47.64278672563129,-122.14034331708517,122.2559814453125,-11.567988395690918,-2.5611932277679443,0.002837026258930564
1772180367261422000,0.004937066696584225,0.020244818180799484,0.6800664663314819,-4.653624057769775,7.922886371612549,-10.001323699951172,47.64278672563129,-122.14034331708517,122.2559814453125,-11.567988395690918,-2.5611932277679443,0.002837026258930564
1772180367284835000,0.00644794711843133,0.019842851907014847,0.7093960642814636,-4.737582206726074,8.230029106140137,-10.054123878479004,47.64278672563129,-122.14034331708517,122.2559814453125,-11.567988395690918,-2.5611932277679443,0.002837026258930564
1772180367296256000,0.005242855288088322,0.020364224910736084,0.7106459140777588,-4.752560615539551,8.2137451171875,-10.032737731933594,47.64278672563129,-122.14034331708517,122.2559814453125,-11.567988395690918,-2.5611932277679443,0.002837026258930564
1772180367322712000,0.006339282263070345,0.017540423199534416,0.5906597971916199,-3.9189605712890625,6.76437520980835,-9.968213081359863,47.64278672563129,-122.14034331708517,122.2559814453125,-11.567988395690918,-2.5611932277679443,0.002837026258930564
1772180367347117000,0.0056244973093271255,0.02305927500128746,0.7399662137031555,-4.838675498962402,8.43027400970459,-10.048286437988281,47.64278413307046,-122.14035789882118,122.25629425048828,-10.933724403381348,-3.2528014183044434,0.0024084628093987703
1772180367358903000,0.005360812414437532,0.019557256251573563,0.7327624559402466,-4.720871925354004,8.352370262145996,-10.03503131866455,47.64278413307046,-122.14035789882118,122.25629425048828,-10.933724403381348,-3.2528014183044434,0.0024084628093987703
1772180367383868000,0.00391507800668478,0.019393913447856903,0.7076328992843628,-4.522841930389404,7.973651885986328,-10.03911018371582,47.64278413307046,-122.14035789882118,122.25629425048828,-10.933724403381348,-3.2528014183044434,0.0024084628093987703
1772180367407585000,0.006212352309376001,0.021764669567346573,0.7464287877082825,-4.711151123046875,8.404830932617188,-10.052896499633789,47.64278413307046,-122.14035789882118,122.25629425048828,-10.933724403381348,-3.2528014183044434,0.0024084628093987703
1772180367424903000,0.004855947103351355,0.022935776039958,0.7989813685417175,-4.982028484344482,8.937874794006348,-10.051339149475098,47.64278413307046,-122.14035789882118,122.25629425048828,-10.933724403381348,-3.2528014183044434,0.0024084628093987703
1772180367445677000,0.005412939935922623,0.02152479812502861,0.7663360834121704,-4.730111122131348,8.500617980957031,-10.019129753112793,47.64278049440307,-122.14037336399068,122.2562484741211,-10.172911643981934,-3.9851276874542236,0.0014671704266220331
1772180367457446000,0.003549634013324976,0.01997876912355423,0.6902809739112854,-4.198017120361328,7.617049694061279,-10.021221160888672,47.64278049440307,-122.14037336399068,122.2562484741211,-10.172911643981934,-3.9851276874542236,0.0014671704266220331
1772180367482113000,0.004053099546581507,0.020264334976673126,0.7459520101547241,-4.492981433868408,8.168745040893555,-10.06993579864502,47.64278049440307,-122.14037336399068,122.2562484741211,-10.172911643981934,-3.9851276874542236,0.0014671704266220331
1772180367506703000,0.0038663551677018404,0.022987479344010353,0.8250283598899841,-4.874411582946777,8.961219787597656,-10.046170234680176,47.64278049440307,-122.14037336399068,122.2562484741211,-10.172911643981934,-3.9851276874542236,0.0014671704266220331
1772180367518009000,0.0030432401690632105,0.02137201838195324,0.6853319406509399,-4.019160747528076,7.384028911590576,-10.019550323486328,47.64278049440307,-122.14037336399068,122.2562484741211,-10.172911643981934,-3.9851276874542236,0.0014671704266220331
1772180367544399000,0.0018350696191191673,0.01915617473423481,0.6702486872673035,-3.865461587905884,7.167022705078125,-10.054018020629883,47.64278049440307,-122.14037336399068,122.2562484741211,-10.172911643981934,-3.9851276874542236,0.0014671704266220331
1772180367567335000,0.0028340702410787344,0.02974907122552395,1.0740364789962769,-6.115888595581055,11.492527961730957,-10.122509956359863,47.64277615859608,-122.14038769330065,122.2568588256836,-9.367024421691895,-4.657524108886719,0.0006186723476275802
1772180367579337000,0.0011117096291854978,0.016474489122629166,0.5834993124008179,-3.3419742584228516,6.050841808319092,-9.997329711914062,47.64277615859608,-122.14038769330065,122.2568588256836,-9.367024421691895,-4.657524108886719,0.0006186723476275802
1772180367603841000,0.0006417935946956277,0.022192571312189102,0.7342672944068909,-4.104114532470703,7.629746913909912,-10.028368949890137,47.64277615859608,-122.14038769330065,122.2568588256836,-9.367024421691895,-4.657524108886719,0.0006186723476275802
1772180367617056000,0.002991096582263708,0.026088465005159378,0.8380991220474243,-4.648870944976807,8.69211196899414,-10.062939643859863,47.64277615859608,-122.14038769330065,122.2568588256836,-9.367024421691895,-4.657524108886719,0.0006186723476275802
1772180367629865000,0.001488514244556427,0.018414517864584923,0.7093268036842346,-3.904714584350586,7.2914719581604,-10.026485443115234,47.64277615859608,-122.14038769330065,122.2568588256836,-9.367024421691895,-4.657524108886719,0.0006186723476275802
1772180367667578000,0.0011607443448156118,0.025036083534359932,0.8624865412712097,-4.641666889190674,8.756319999694824,-10.072901725769043,47.64277172878322,-122.14039950767183,122.25654602050781,-8.608878135681152,-5.203772068023682,0.0001053640226018615
1772180367680612000,0.0008285876247100532,0.021207422018051147,0.7350559234619141,-3.919773817062378,7.365518569946289,-9.998324394226074,47.64277172878322,-122.14039950767183,122.25654602050781,-8.608878135681152,-5.203772068023682,0.0001053640226018615
1772180367707534000,0.001290788291953504,0.02334187738597393,0.7903623580932617,-4.1487321853637695,7.90562105178833,-10.054786682128906,47.64277172878322,-122.14039950767183,122.25654602050781,-8.608878135681152,-5.203772068023682,0.0001053640226018615
1772180367721187000,0.0005989545024931431,0.02222188375890255,0.7946537137031555,-4.11774206161499,7.953170299530029,-10.01973819732666,47.64277172878322,-122.14039950767183,122.25654602050781,-8.608878135681152,-5.203772068023682,0.0001053640226018615
1772180367734088000,0.0012499656295403838,0.023138977587223053,0.8041371703147888,-4.126145839691162,7.960709095001221,-10.05545711517334,47.64277172878322,-122.14039950767183,122.25654602050781,-8.608878135681152,-5.203772068023682,0.0001053640226018615
1772180367763163000,0.002847776748239994,0.023526031523942947,0.7530110478401184,-3.7831320762634277,7.36588716506958,-10.042574882507324,47.64276724110746,-122.14040948089568,122.25653076171875,-7.881758689880371,-5.656642436981201,-0.0001602077390998602
1772180367786596000,0.000892729265615344,0.03309594467282295,1.093641996383667,-5.428760051727295,10.697054862976074,-10.098589897155762,47.64276724110746,-122.14040948089568,122.25653076171875,-7.881758689880371,-5.656642436981201,-0.0001602077390998602
1772180367799383000,5.984574090689421e-05,0.023084750398993492,0.7905585765838623,-3.860426902770996,7.576812744140625,-10.044304847717285,47.64276724110746,-122.14040948089568,122.25653076171875,-7.881758689880371,-5.656642436981201,-0.0001602077390998602
1772180367824003000,0.0006265717092901468,0.025097372010350227,0.8976877331733704,-4.349273681640625,8.576940536499023,-10.062529563903809,47.64276724110746,-122.14040948089568,122.25653076171875,-7.881758689880371,-5.656642436981201,-0.0001602077390998602
1772180367847793000,0.0011781430803239346,0.024213142693042755,0.9157301783561707,-4.429677486419678,8.688529014587402,-10.105381965637207,47.64276724110746,-122.14040948089568,122.25653076171875,-7.881758689880371,-5.656642436981201,-0.0001602077390998602
1772180367864941000,0.0011434276821091771,0.024486100301146507,0.8776149749755859,-4.149993419647217,8.26711654663086,-10.050606727600098,47.642761099557234,-122.1404207553115,122.25662994384766,-6.929172039031982,-6.152760028839111,-0.0002750149287749082
1772180367884311000,0.0003453462850302458,0.02365642599761486,0.8787839412689209,-4.108983516693115,8.190621376037598,-10.059913635253906,47.642761099557234,-122.1404207553115,122.25662994384766,-6.929172039031982,-6.152760028839111,-0.0002750149287749082
1772180367908914000,0.0006742416881024837,0.022842584177851677,0.8004136085510254,-3.673046827316284,7.343304634094238,-10.021316528320312,47.642761099557234,-122.1404207553115,122.25662994384766,-6.929172039031982,-6.152760028839111,-0.0002750149287749082
1772180367921408000,0.0006381435669027269,0.026758376508951187,0.9391193985939026,-4.351818084716797,8.62447738647461,-10.068269729614258,47.642761099557234,-122.1404207553115,122.25662994384766,-6.929172039031982,-6.152760028839111,-0.0002750149287749082
1772180367946286000,0.0028008429799228907,0.024942388758063316,0.8798010945320129,-3.9713916778564453,7.949315547943115,-9.99968147277832,47.642761099557234,-122.1404207553115,122.25662994384766,-6.929172039031982,-6.152760028839111,-0.0002750149287749082
1772180367966653000,-0.0007320642471313477,0.025933681055903435,0.902834415435791,-3.925543785095215,7.963970184326172,-10.04739761352539,47.64275550965915,-122.1404291770768,122.25660705566406,-6.093616962432861,-6.503231525421143,-0.0005374819156713784
1772180367982896000,-0.008205341175198555,0.025902362540364265,0.913635790348053,8.257033348083496,4.51912260055542,-10.13773250579834,47.64275550965915,-122.1404291770768,122.25660705566406,-6.093616962432861,-6.503231525421143,-0.0005374819156713784
1772180368007890000,-0.04413696750998497,0.014927111566066742,0.9102736115455627,10.811503410339355,0.8332328796386719,-10.06911849975586,47.64275550965915,-122.1404291770768,122.25660705566406,-6.093616962432861,-6.503231525421143,-0.0005374819156713784
1772180368019898000,-0.05921356379985809,0.008844825439155102,0.8563706874847412,10.299973487854004,0.058928847312927246,-10.029607772827148,47.64275550965915,-122.1404291770768,122.25660705566406,-6.093616962432861,-6.503231525421143,-0.0005374819156713784
1772180368043677000,-0.09237208962440491,-0.0006372311618179083,0.8581658005714417,10.453102111816406,-1.1056002378463745,-9.97421646118164,47.64275550965915,-122.1404291770768,122.25660705566406,-6.093616962432861,-6.503231525421143,-0.0005374819156713784
1772180368068821000,-0.09036513417959213,-0.005312617868185043,0.7157310843467712,9.18737506866455,0.23108717799186707,-9.833573341369629,47.64274860410288,-122.14043845458781,122.25533294677734,-6.654846668243408,-7.381729602813721,-0.01671818271279335
1772180368085716000,-0.11782900243997574,-0.00983523204922676,0.897765576839447,11.819270133972168,1.1113392114639282,-9.875969886779785,47.64274860410288,-122.14043845458781,122.25533294677734,-6.654846668243408,-7.381729602813721,-0.01671818271279335
1772180368104939000,-0.09563246369361877,-0.009986372664570808,0.7897741794586182,10.760780334472656,2.273930549621582,-9.779659271240234,47.64274860410288,-122.14043845458781,122.25533294677734,-6.654846668243408,-7.381729602813721,-0.01671818271279335
1772180368130472000,-0.06777021288871765,-0.005810285918414593,0.6758468747138977,9.447464942932129,2.939035654067993,-9.81594467163086,47.64274860410288,-122.14043845458781,122.25533294677734,-6.654846668243408,-7.381729602813721,-0.01671818271279335
1772180368142951000,-0.06479109078645706,-0.006225401535630226,0.7198144793510437,10.173776626586914,3.527420997619629,-9.750646591186523,47.64274860410288,-122.14043845458781,122.25533294677734,-6.654846668243408,-7.381729602813721,-0.01671818271279335
1772180368156276000,-0.05351307615637779,-0.004873841069638729,0.6909258365631104,9.934447288513184,3.7547481060028076,-9.83057689666748,47.64274860410288,-122.14043845458781,122.25533294677734,-6.654846668243408,-7.381729602813721,-0.01671818271279335
1772180368186576000,-0.034703921526670456,-0.0010744355386123061,0.6787463426589966,9.968745231628418,4.4624457359313965,-9.73620319366455,47.64274155335442,-122.14044762121854,122.254638671875,-7.055085182189941,-8.346951484680176,-0.006103820633143187
1772180368206924000,-0.016178401187062263,0.0013591721653938293,0.6001131534576416,9.038886070251465,4.448487281799316,-9.8309965133667,47.64274155335442,-122.14044762121854,122.254638671875,-7.055085182189941,-8.346951484680176,-0.006103820633143187
1772180368231578000,-0.0026582111604511738,0.005348795559257269,0.5663848519325256,8.695760726928711,4.607004642486572,-9.811640739440918,47.64274155335442,-122.14044762121854,122.254638671875,-7.055085182189941,-8.346951484680176,-0.006103820633143187
1772180368244555000,0.002785286633297801,0.00809492077678442,0.5779499411582947,8.910897254943848,5.138279914855957,-9.854293823242188,47.64274155335442,-122.14044762121854,122.254638671875,-7.055085182189941,-8.346951484680176,-0.006103820633143187
1772180368269505000,0.017134470865130424,0.011182066053152084,0.6212689876556396,9.847776412963867,5.8724775314331055,-9.878314018249512,47.64274155335442,-122.14044762121854,122.254638671875,-7.055085182189941,-8.346951484680176,-0.006103820633143187
1772180368281249000,0.01730928383767605,0.01174705196171999,0.523559033870697,8.40878963470459,5.114544868469238,-9.929353713989258,47.642732343291534,-122.14045845158832,122.25425720214844,-7.1814866065979,-9.555089950561523,0.0022678414825350046
1772180368305778000,0.02634369023144245,0.013806592673063278,0.4970037639141083,8.134861946105957,5.117532730102539,-9.952658653259277,47.642732343291534,-122.14045845158832,122.25425720214844,-7.1814866065979,-9.555089950561523,0.0022678414825350046
1772180368330184000,0.03306259959936142,0.01557971816509962,0.5225768685340881,8.763450622558594,5.858649253845215,-9.919734001159668,47.642732343291534,-122.14045845158832,122.25425720214844,-7.1814866065979,-9.555089950561523,0.0022678414825350046
1772180368342727000,0.03664284944534302,0.01668001525104046,0.500809371471405,8.17885971069336,6.290591716766357,-9.938450813293457,47.642732343291534,-122.14045845158832,122.25425720214844,-7.1814866065979,-9.555089950561523,0.0022678414825350046
1772180368356131000,0.044866885989904404,0.020674925297498703,0.5029386878013611,7.493052005767822,7.447387218475342,-9.900165557861328,47.642732343291534,-122.14045845158832,122.25425720214844,-7.1814866065979,-9.555089950561523,0.0022678414825350046
1772180368381779000,0.07347220182418823,0.03090648166835308,0.48764726519584656,4.722614288330078,9.701333045959473,-9.972735404968262,47.64272325709581,-122.14046789463421,122.25439453125,-6.973917484283447,-10.587761878967285,0.005591331049799919
1772180368406402000,0.09061737358570099,0.03578463941812515,0.45129936933517456,3.386064052581787,9.703792572021484,-10.023865699768066,47.64272325709581,-122.14046789463421,122.25439453125,-6.973917484283447,-10.587761878967285,0.005591331049799919
1772180368431310000,0.11096437275409698,0.04614134877920151,0.4591660797595978,2.37312388420105,10.211133003234863,-10.09833812713623,47.64272325709581,-122.14046789463421,122.25439453125,-6.973917484283447,-10.587761878967285,0.005591331049799919
1772180368443433000,0.11425086855888367,0.047707270830869675,0.45186957716941833,1.8289157152175903,10.196645736694336,-10.118427276611328,47.64272325709581,-122.14046789463421,122.25439453125,-6.973917484283447,-10.587761878967285,0.005591331049799919
1772180368471323000,0.040042318403720856,0.020411493256688118,0.3914104104042053,-0.8003534078598022,9.663268089294434,-9.222521781921387,47.64272325709581,-122.14046789463421,122.25439453125,-6.973917484283447,-10.587761878967285,0.005591331049799919
1772180368485056000,0.036562252789735794,0.009421437978744507,0.36921587586402893,-0.25269657373428345,9.162489891052246,-9.988862991333008,47.642713314446276,-122.14047660159795,122.255615234375,-6.1270928382873535,-11.25406265258789,0.018104782328009605
1772180368510376000,0.0420219860970974,0.011930335313081741,0.42357778549194336,-1.8110135793685913,10.477801322937012,-10.120841026306152,47.642713314446276,-122.14047660159795,122.255615234375,-6.1270928382873535,-11.25406265258789,0.018104782328009605
1772180368524443000,0.03551992401480675,0.009809926152229309,0.39776676893234253,-2.291764736175537,9.538716316223145,-10.139862060546875,47.642713314446276,-122.14047660159795,122.255615234375,-6.1270928382873535,-11.25406265258789,0.018104782328009605
1772180368549089000,0.03475219011306763,0.012952187098562717,0.4608117341995239,-3.7983157634735107,10.3733549118042,-10.199589729309082,47.642713314446276,-122.14047660159795,122.255615234375,-6.1270928382873535,-11.25406265258789,0.018104782328009605
1772180368561005000,0.02399643510580063,0.010490738786756992,0.36516091227531433,-3.3028452396392822,7.789139270782471,-10.160731315612793,47.642713314446276,-122.14047660159795,122.255615234375,-6.1270928382873535,-11.25406265258789,0.018104782328009605
1772180368586175000,-0.12622909247875214,0.025657927617430687,0.3659735321998596,-2.080286979675293,4.202569007873535,-13.072622299194336,47.642702623285615,-122.14048435506844,122.2565689086914,-5.180226802825928,-11.423070907592773,-0.0298119205981493
1772180368611276000,-0.07362329214811325,0.019393576309084892,0.3751404285430908,-4.2322235107421875,7.338752746582031,-9.539003372192383,47.642702623285615,-122.14048435506844,122.2565689086914,-5.180226802825928,-11.423070907592773,-0.0298119205981493
1772180368622997000,-0.07165312767028809,0.021081341430544853,0.4859256446361542,-5.231651306152344,9.023272514343262,-9.733527183532715,47.642702623285615,-122.14048435506844,122.2565689086914,-5.180226802825928,-11.423070907592773,-0.0298119205981493
1772180368650029000,-0.031359054148197174,0.010686946101486683,0.3609149754047394,-3.734910011291504,5.970946788787842,-9.816117286682129,47.642702623285615,-122.14048435506844,122.2565689086914,-5.180226802825928,-11.423070907592773,-0.0298119205981493
1772180368662511000,-0.031213626265525818,0.01226811297237873,0.5206465125083923,-5.1538591384887695,8.212862968444824,-9.855605125427246,47.642702623285615,-122.14048435506844,122.2565689086914,-5.180226802825928,-11.423070907592773,-0.0298119205981493
1772180368687312000,-0.011633132584393024,0.008158030919730663,0.48340168595314026,-4.501298427581787,6.86174201965332,-9.878671646118164,47.64269226550143,-122.14049066522765,122.25465393066406,-4.275153160095215,-11.318107604980469,-0.01027911901473999
1772180368712663000,0.0005764496745541692,0.005242185667157173,0.46473509073257446,-4.008232116699219,6.075702667236328,-9.86652946472168,47.64269226550143,-122.14049066522765,122.25465393066406,-4.275153160095215,-11.318107604980469,-0.01027911901473999
1772180368725147000,0.0059402999468147755,0.006086253561079502,0.6457159519195557,-5.371615886688232,8.274948120117188,-9.9490385055542,47.64269226550143,-122.14049066522765,122.25465393066406,-4.275153160095215,-11.318107604980469,-0.01027911901473999
1772180368749605000,0.013685336336493492,0.005062828306108713,0.5941449999809265,-4.618715763092041,7.214979648590088,-9.952434539794922,47.64269226550143,-122.14049066522765,122.25465393066406,-4.275153160095215,-11.318107604980469,-0.01027911901473999
1772180368762190000,0.013899251818656921,0.003651352832093835,0.5655862092971802,-4.319954872131348,6.698883056640625,-9.902544021606445,47.64269226550143,-122.14049066522765,122.25465393066406,-4.275153160095215,-11.318107604980469,-0.01027911901473999
1772180368786624000,0.006465673912316561,0.01101252343505621,0.6122480630874634,-4.800123691558838,7.141549587249756,-9.702840805053711,47.64269226550143,-122.14049066522765,122.25465393066406,-4.275153160095215,-11.318107604980469,-0.01027911901473999
1772180368799549000,0.0011200105072930455,0.014730945229530334,0.6732375621795654,-4.977542877197266,7.749967575073242,-9.824399948120117,47.642680947283225,-122.14049627667404,122.25411224365234,-3.32977032661438,-11.119006156921387,-0.0006594770820811391
1772180368824205000,0.0028846459463238716,0.015493166632950306,0.6781032085418701,-4.740388870239258,7.677789211273193,-9.902305603027344,47.642680947283225,-122.14049627667404,122.25411224365234,-3.32977032661438,-11.119006156921387,-0.0006594770820811391
1772180368848718000,0.005117632448673248,0.01570005901157856,0.6614660620689392,-4.529653549194336,7.375422477722168,-9.914984703063965,47.642680947283225,-122.14049627667404,122.25411224365234,-3.32977032661438,-11.119006156921387,-0.0006594770820811391
1772180368875027000,0.010155931115150452,0.01705516129732132,0.6719661355018616,-4.4241623878479,7.3744378089904785,-9.95337200164795,47.642680947283225,-122.14049627667404,122.25411224365234,-3.32977032661438,-11.119006156921387,-0.0006594770820811391
1772180368886953000,0.007917948998510838,0.014603572897613049,0.6158621907234192,-3.991715908050537,6.652836322784424,-9.932624816894531,47.642680947283225,-122.14049627667404,122.25411224365234,-3.32977032661438,-11.119006156921387,-0.0006594770820811391
1772180368900515000,0.012460314668715,0.01890251226723194,0.8217135667800903,-5.224664211273193,8.909000396728516,-10.000487327575684,47.642671053261516,-122.14050006370393,122.2542495727539,-2.4584946632385254,-10.897940635681152,0.004644797183573246
1772180368924184000,0.015884580090641975,0.019870812073349953,0.8124517798423767,-5.096188068389893,8.783536911010742,-9.97888469696045,47.642671053261516,-122.14050006370393,122.2542495727539,-2.4584946632385254,-10.897940635681152,0.004644797183573246
1772180368950853000,0.010637333616614342,0.015172626823186874,0.6653921604156494,-4.090298175811768,7.027072906494141,-9.954758644104004,47.642671053261516,-122.14050006370393,122.2542495727539,-2.4584946632385254,-10.897940635681152,0.004644797183573246
1772180368962615000,0.010111499577760696,0.01650010608136654,0.7297919392585754,-4.3770036697387695,7.736682415008545,-10.016472816467285,47.642671053261516,-122.14050006370393,122.2542495727539,-2.4584946632385254,-10.897940635681152,0.004644797183573246
1772180368987641000,0.010437218472361565,0.01630951277911663,0.6740548610687256,-3.9775660037994385,7.064060688018799,-9.927871704101562,47.642671053261516,-122.14050006370393,122.2542495727539,-2.4584946632385254,-10.897940635681152,0.004644797183573246
1772180369001421000,0.015245825052261353,0.022258255630731583,0.8142114877700806,-4.777914047241211,8.57838249206543,-9.978665351867676,47.64266132267768,-122.14050268137258,122.25460815429688,-1.564776062965393,-10.62944221496582,0.006239739712327719
1772180369025123000,0.017387675121426582,0.02185576967895031,0.8599997758865356,-4.9644775390625,9.014451026916504,-10.027210235595703,47.64266132267768,-122.14050268137258,122.25460815429688,-1.564776062965393,-10.62944221496582,0.006239739712327719
1772180369050179000,0.014157429337501526,0.01773347705602646,0.7214019894599915,-4.113105297088623,7.461624622344971,-10.018468856811523,47.64266132267768,-122.14050268137258,122.25460815429688,-1.564776062965393,-10.62944221496582,0.006239739712327719
1772180369075102000,0.015431785956025124,0.022839345037937164,0.8225324749946594,-4.555907726287842,8.439373970031738,-10.018871307373047,47.64266132267768,-122.14050268137258,122.25460815429688,-1.564776062965393,-10.62944221496582,0.006239739712327719
1772180369087197000,0.011344365775585175,0.018404658883810043,0.7383655309677124,-4.093266487121582,7.615915298461914,-10.028422355651855,47.64266132267768,-122.14050268137258,122.25460815429688,-1.564776062965393,-10.62944221496582,0.006239739712327719
1772180369100556000,0.014156924560666084,0.0215194933116436,0.8363949656486511,-4.571289539337158,8.591001510620117,-10.044047355651855,47.64266132267768,-122.14050268137258,122.25460815429688,-1.564776062965393,-10.62944221496582,0.006239739712327719
1772180369126387000,0.012969953007996082,0.02215583436191082,0.8334047794342041,-4.534460544586182,8.543095588684082,-10.039972305297852,47.642650862733625,-122.1405041768944,122.25555419921875,-0.5772597789764404,-10.26745319366455,0.005636162590235472
1772180369154687000,0.011909503489732742,0.01876753568649292,0.7298091053962708,-3.8755123615264893,7.385103225708008,-10.02776050567627,47.642650862733625,-122.1405041768944,122.25555419921875,-0.5772597789764404,-10.26745319366455,0.005636162590235472
1772180369166965000,0.011271199211478233,0.02228499762713909,0.8400328159332275,-4.470445156097412,8.450370788574219,-10.022479057312012,47.642650862733625,-122.1405041768944,122.25555419921875,-0.5772597789764404,-10.26745319366455,0.005636162590235472
1772180369191421000,0.012573820538818836,0.025318527594208717,0.8666093945503235,-4.556208610534668,8.707392692565918,-10.102736473083496,47.642650862733625,-122.1405041768944,122.25555419921875,-0.5772597789764404,-10.26745319366455,0.005636162590235472
1772180369204236000,0.008855778723955154,0.02048901654779911,0.7549417018890381,-3.910412549972534,7.521883010864258,-10.061137199401855,47.642650862733625,-122.1405041768944,122.25555419921875,-0.5772597789764404,-10.26745319366455,0.005636162590235472
1772180369230235000,0.007477854378521442,0.021925419569015503,0.7515387535095215,-3.8251168727874756,7.427721977233887,-10.05288028717041,47.64264144620493,-122.14050426129651,122.25614929199219,0.3234988749027252,-9.862526893615723,0.004122099373489618
1772180369256871000,0.00910020899027586,0.0214579738676548,0.7590287327766418,-3.8357653617858887,7.428469181060791,-10.041024208068848,47.64264144620493,-122.14050426129651,122.25614929199219,0.3234988749027252,-9.862526893615723,0.004122099373489618
1772180369269813000,0.007560779340565205,0.02326163835823536,0.8292760252952576,-4.174415111541748,8.166959762573242,-10.007096290588379,47.64264144620493,-122.14050426129651,122.25614929199219,0.3234988749027252,-9.862526893615723,0.004122099373489618
1772180369296450000,0.006535644177347422,0.02253573015332222,0.7816935777664185,-3.8521246910095215,7.534550666809082,-10.022552490234375,47.64264144620493,-122.14050426129651,122.25614929199219,0.3234988749027252,-9.862526893615723,0.004122099373489618
1772180369311614000,0.006885910872370005,0.025767002254724503,0.9174540042877197,-4.523344993591309,8.85225772857666,-10.072504043579102,47.64264144620493,-122.14050426129651,122.25614929199219,0.3234988749027252,-9.862526893615723,0.004122099373489618
1772180369337245000,0.0058407909236848354,0.026272736489772797,0.928146481513977,-4.438601970672607,8.873089790344238,-10.0924711227417,47.6426324037391,-122.14050310911047,122.25656127929688,1.1916288137435913,-9.389391899108887,0.0024297009222209454
1772180369349469000,0.00670179259032011,0.03105052560567856,1.0463918447494507,-5.016956806182861,9.982083320617676,-10.106498718261719,47.6426324037391,-122.14050310911047,122.25656127929688,1.1916288137435913,-9.389391899108887,0.0024297009222209454
1772180369375806000,0.0038740369491279125,0.024696318432688713,0.8500323295593262,-4.011180877685547,7.960806369781494,-10.039983749389648,47.6426324037391,-122.14050310911047,122.25656127929688,1.1916288137435913,-9.389391899108887,0.0024297009222209454
1772180369395700000,0.00344490772113204,0.02269536443054676,0.7783662676811218,-3.672200918197632,7.24140739440918,-10.013757705688477,47.6426324037391,-122.14050310911047,122.25656127929688,1.1916288137435913,-9.389391899108887,0.0024297009222209454
1772180369415533000,0.0034620545338839293,0.025462878867983818,0.8937453627586365,-4.132030963897705,8.321743965148926,-10.077996253967285,47.6426324037391,-122.14050310911047,122.25656127929688,1.1916288137435913,-9.389391899108887,0.0024297009222209454
1772180369434666000,0.0031196775380522013,0.024226615205407143,0.8498020768165588,-3.8812458515167236,7.79709005355835,-10.021796226501465,47.64262376481008,-122.14050075593943,122.25656127929688,2.0197770595550537,-8.845253944396973,0.00103602500166744
1772180369456125000,0.005054305773228407,0.028640668839216232,1.032068133354187,-4.698044300079346,9.445216178894043,-10.091024398803711,47.64262376481008,-122.14050075593943,122.25656127929688,2.0197770595550537,-8.845253944396973,0.00103602500166744
1772180369468472000,0.0012807827442884445,0.02320159040391445,0.8194854259490967,-3.6596524715423584,7.35982084274292,-10.013175010681152,47.64262376481008,-122.14050075593943,122.25656127929688,2.0197770595550537,-8.845253944396973,0.00103602500166744
1772180369495248000,0.0018546036444604397,0.024996045976877213,0.8626009225845337,-3.838289260864258,7.699464797973633,-10.053262710571289,47.64262376481008,-122.14050075593943,122.25656127929688,2.0197770595550537,-8.845253944396973,0.00103602500166744
1772180369507342000,0.0033675062004476786,0.024527601897716522,0.8619204163551331,-3.8052194118499756,7.6607666015625,-10.064800262451172,47.64262376481008,-122.14050075593943,122.25656127929688,2.0197770595550537,-8.845253944396973,0.00103602500166744
1772180369537582000,0.001400405541062355,0.023882156237959862,0.8165163397789001,-3.564812183380127,7.197546482086182,-10.022954940795898,47.64261571919021,-122.14049730237879,122.25621032714844,2.786780834197998,-8.239845275878906,4.112124224775471e-05
1772180369557123000,0.0021600902546197176,0.027188898995518684,0.9522115588188171,-4.068112373352051,8.286192893981934,-10.016526222229004,47.64261571919021,-122.14049730237879,122.25621032714844,2.786780834197998,-8.239845275878906,4.112124224775471e-05
1772180369570325000,0.0010035986779257655,0.026642262935638428,0.8945897817611694,-3.7655317783355713,7.745046615600586,-10.010371208190918,47.64261571919021,-122.14049730237879,122.25621032714844,2.786780834197998,-8.239845275878906,4.112124224775471e-05
1772180369583394000,0.00039437340456061065,0.025509323924779892,0.8845824003219604,-3.7128512859344482,7.601607799530029,-10.016308784484863,47.64261571919021,-122.14049730237879,122.25621032714844,2.786780834197998,-8.239845275878906,4.112124224775471e-05
1772180369608703000,-0.0012422454310581088,0.027326352894306183,0.923952579498291,-3.7692270278930664,7.882929801940918,-10.014422416687012,47.64261571919021,-122.14049730237879,122.25621032714844,2.786780834197998,-8.239845275878906,4.112124224775471e-05
1772180369638705000,0.001439315383322537,0.027187492698431015,0.9124934673309326,-3.7211496829986572,7.685216903686523,-10.042004585266113,47.64260852345785,-122.14049299020147,122.25653839111328,3.4654972553253174,-7.598062992095947,-0.0006207075784914196
1772180369659705000,-0.0004727310733869672,0.028935523703694344,0.9732943773269653,-3.9614808559417725,8.141637802124023,-10.0484037399292,47.64260852345785,-122.14049299020147,122.25653839111328,3.4654972553253174,-7.598062992095947,-0.0006207075784914196
1772180369672168000,-0.0005938576068729162,0.027182117104530334,0.9333208203315735,-3.694066047668457,7.698749542236328,-10.009693145751953,47.64260852345785,-122.14049299020147,122.25653839111328,3.4654972553253174,-7.598062992095947,-0.0006207075784914196
1772180369699117000,7.157877553254366e-05,0.02342015691101551,0.8228649497032166,-3.177487373352051,6.686025142669678,-9.996654510498047,47.64260852345785,-122.14049299020147,122.25653839111328,3.4654972553253174,-7.598062992095947,-0.0006207075784914196
1772180369711584000,-0.0013868989190086722,0.034154266119003296,1.1996625661849976,-4.627834796905518,9.814695358276367,-10.103828430175781,47.64260852345785,-122.14049299020147,122.25653839111328,3.4654972553253174,-7.598062992095947,-0.0006207075784914196
1772180369723617000,-0.0014932637568563223,0.0267291609197855,0.9594430327415466,-3.685159206390381,7.743683338165283,-10.034795761108398,47.64260187078215,-122.14048775101607,122.25648498535156,4.080047130584717,-6.899618148803711,-0.0012173989089205861
1772180369747101000,-0.003111096564680338,0.02709784358739853,0.9670304656028748,-3.6856048107147217,7.7146735191345215,-10.008594512939453,47.64260187078215,-122.14048775101607,122.25648498535156,4.080047130584717,-6.899618148803711,-0.0012173989089205861
1772180369775073000,-0.0015029560308903456,0.022848382592201233,0.8047299385070801,-2.97925066947937,6.29118013381958,-10.002195358276367,47.64260187078215,-122.14048775101607,122.25648498535156,4.080047130584717,-6.899618148803711,-0.0012173989089205861
1772180369787778000,-0.0009920904412865639,0.030274836346507072,1.0068033933639526,-3.6978983879089355,7.90429162979126,-10.065146446228027,47.64260187078215,-122.14048775101607,122.25648498535156,4.080047130584717,-6.899618148803711,-0.0012173989089205861
1772180369812092000,-0.003688761033117771,0.027834929525852203,1.020478367805481,-3.741267204284668,7.9141740798950195,-10.061307907104492,47.64260187078215,-122.14048775101607,122.25648498535156,4.080047130584717,-6.899618148803711,-0.0012173989089205861
1772180369825376000,-0.0028707869350910187,0.029066000133752823,1.0476754903793335,-3.7945797443389893,8.067980766296387,-10.05695629119873,47.64260187078215,-122.14048775101607,122.25648498535156,4.080047130584717,-6.899618148803711,-0.0012173989089205861
1772180369851793000,-0.002028408460319042,0.03082888573408127,1.0904730558395386,-3.926109790802002,8.318814277648926,-10.047073364257812,47.64259599936932,-122.1404818658454,122.25617218017578,4.602576732635498,-6.177182674407959,-0.001827027415856719
1772180369878733000,-0.003156666411086917,0.02979683317244053,1.0753871202468872,-3.778454542160034,8.065937042236328,-10.074458122253418,47.64259599936932,-122.1404818658454,122.25617218017578,4.602576732635498,-6.177182674407959,-0.001827027415856719
1772180369892164000,-0.0023836102336645126,0.027814550325274467,0.992423951625824,-3.4174513816833496,7.366919994354248,-10.044776916503906,47.64259599936932,-122.1404818658454,122.25617218017578,4.602576732635498,-6.177182674407959,-0.001827027415856719
1772180369917253000,-0.0031159783247858286,0.030980799347162247,1.1104836463928223,-3.8106141090393066,8.172514915466309,-10.045207977294922,47.64259599936932,-122.1404818658454,122.25617218017578,4.602576732635498,-6.177182674407959,-0.001827027415856719
1772180369930451000,-0.0026487703435122967,0.027069875970482826,0.9985088109970093,-3.414293050765991,7.271610736846924,-10.044589042663574,47.64259599936932,-122.1404818658454,122.25617218017578,4.602576732635498,-6.177182674407959,-0.001827027415856719
1772180369955151000,-0.0021721175871789455,0.030165646225214005,1.0658538341522217,-3.5583786964416504,7.670916557312012,-9.989680290222168,47.64259057851296,-122.14047503276214,122.2559814453125,5.056821346282959,-5.395295143127441,-0.002560296794399619
1772180369980797000,-0.0044118077494204044,0.02748471312224865,0.9697746634483337,-3.2663168907165527,6.923893451690674,-10.008811950683594,47.64259057851296,-122.14047503276214,122.2559814453125,5.056821346282959,-5.395295143127441,-0.002560296794399619
1772180369994925000,-0.005185812711715698,0.030851664021611214,1.0696831941604614,-3.5414679050445557,7.5842108726501465,-10.007168769836426,47.64259057851296,-122.14047503276214,122.2559814453125,5.056821346282959,-5.395295143127441,-0.002560296794399619
1772180370020267000,-0.0060769934207201,0.033081892877817154,1.1731153726577759,-3.816603183746338,8.266938209533691,-10.03698444366455,47.64259057851296,-122.14047503276214,122.2559814453125,5.056821346282959,-5.395295143127441,-0.002560296794399619
1772180370032930000,-0.005433299578726292,0.027306217700242996,0.9870510101318359,-3.2575783729553223,6.917415142059326,-9.991467475891113,47.64259057851296,-122.14047503276214,122.2559814453125,5.056821346282959,-5.395295143127441,-0.002560296794399619
1772180370058626000,-0.004844967741519213,0.025433821603655815,0.9612996578216553,-3.0910868644714355,6.589494705200195,-9.988458633422852,47.64258598897129,-122.1404677920374,122.25579071044922,5.40577507019043,-4.6171393394470215,-0.003294450230896473
1772180370072678000,-0.005095919594168663,0.030468283221125603,1.109473466873169,-3.5390026569366455,7.6416802406311035,-10.003716468811035,47.64258598897129,-122.1404677920374,122.25579071044922,5.40577507019043,-4.6171393394470215,-0.003294450230896473
1772180370097778000,-0.00999869778752327,0.03220587223768234,1.195068120956421,4.469966888427734,5.895747184753418,-10.121055603027344,47.64258598897129,-122.1404677920374,122.25579071044922,5.40577507019043,-4.6171393394470215,-0.003294450230896473
1772180370110096000,-0.019602783024311066,0.023426370695233345,0.9508240222930908,8.894627571105957,2.0583770275115967,-9.98859977722168,47.64258598897129,-122.1404677920374,122.25579071044922,5.40577507019043,-4.6171393394470215,-0.003294450230896473
1772180370135564000,-0.05479476600885391,0.012663603760302067,0.9569235444068909,10.276865005493164,0.17261789739131927,-9.980483055114746,47.64258598897129,-122.1404677920374,122.25579071044922,5.40577507019043,-4.6171393394470215,-0.003294450230896473
1772180370159935000,-0.08496886491775513,0.0019519112538546324,0.9940841794013977,10.854921340942383,-0.7469648122787476,-9.891325950622559,47.64258188845366,-122.14045999750451,122.25489044189453,6.035168170928955,-4.618465423583984,-0.013426113873720169
1772180370172244000,-0.0975237637758255,-0.0016945588868111372,1.0010122060775757,11.012681007385254,-1.122847318649292,-9.894149780273438,47.64258188845366,-122.14045999750451,122.25489044189453,6.035168170928955,-4.618465423583984,-0.013426113873720169
1772180370199217000,-0.0956667959690094,-0.007567589171230793,0.8405622839927673,9.549781799316406,-0.589204728603363,-9.819842338562012,47.64258188845366,-122.14045999750451,122.25489044189453,6.035168170928955,-4.618465423583984,-0.013426113873720169
1772180370217774000,-0.10767322033643723,-0.011201003566384315,0.9124739766120911,10.670886039733887,-0.07661623507738113,-9.814533233642578,47.64258188845366,-122.14045999750451,122.25489044189453,6.035168170928955,-4.618465423583984,-0.013426113873720169
1772180370236691000,-0.10283652693033218,-0.014686057344079018,0.9506880044937134,11.635767936706543,1.3442438840866089,-9.755361557006836,47.64258188845366,-122.14045999750451,122.25489044189453,6.035168170928955,-4.618465423583984,-0.013426113873720169
1772180370263364000,-0.06948915123939514,-0.011592539958655834,0.7628753781318665,9.540380477905273,2.0111472606658936,-9.775845527648926,47.64257731968692,-122.14045121214885,122.25349426269531,6.9097771644592285,-5.245569229125977,-0.010996951721608639
1772180370276177000,-0.06997034698724747,-0.010965386405587196,0.8512193560600281,10.815776824951172,2.680539846420288,-9.697285652160645,47.64257731968692,-122.14045121214885,122.25349426269531,6.9097771644592285,-5.245569229125977,-0.010996951721608639
1772180370301877000,-0.04261808842420578,-0.0063839564099907875,0.7452670931816101,9.612689971923828,3.03885817527771,-9.768939971923828,47.64257731968692,-122.14045121214885,122.25349426269531,6.9097771644592285,-5.245569229125977,-0.010996951721608639
1772180370314947000,-0.04125688597559929,-0.006799742579460144,0.8725613951683044,11.368330001831055,3.9523448944091797,-9.754945755004883,47.64257731968692,-122.14045121214885,122.25349426269531,6.9097771644592285,-5.245569229125977,-0.010996951721608639
1772180370342586000,-0.017077134922146797,-0.002060435013845563,0.7444117665290833,9.770811080932617,3.946580171585083,-9.79274845123291,47.64257731968692,-122.14045121214885,122.25349426269531,6.9097771644592285,-5.245569229125977,-0.010996951721608639
1772180370359049000,-0.009417169727385044,-0.0007133535691536963,0.6963688731193542,9.20403003692627,3.913300037384033,-9.78451919555664,47.64257224732593,-122.14044076981955,122.2533950805664,8.002375602722168,-5.500288009643555,0.0022131239529699087
1772180370379683000,0.004504513461142778,0.0025692081544548273,0.7541489005088806,10.098790168762207,4.656046390533447,-9.82900333404541,47.64257224732593,-122.14044076981955,122.2533950805664,8.002375602722168,-5.500288009643555,0.0022131239529699087
1772180370391596000,0.007293735630810261,0.003895052708685398,0.6124476194381714,8.163257598876953,4.042375564575195,-9.843756675720215,47.64257224732593,-122.14044076981955,122.2533950805664,8.002375602722168,-5.500288009643555,0.0022131239529699087
1772180370406267000,0.019131440669298172,0.007924444042146206,0.8066853880882263,10.892319679260254,5.639028549194336,-9.882009506225586,47.64257224732593,-122.14044076981955,122.2533950805664,8.002375602722168,-5.500288009643555,0.0022131239529699087
1772180370444143000,0.02870284952223301,0.010262254625558853,0.6637564897537231,9.19583511352539,4.916739463806152,-9.932332992553711,47.64257224732593,-122.14044076981955,122.2533950805664,8.002375602722168,-5.500288009643555,0.0022131239529699087
1772180370462084000,0.029781430959701538,0.00966148916631937,0.6040266752243042,8.314201354980469,4.799932479858398,-9.892073631286621,47.642567192121234,-122.14042901496097,122.25376892089844,9.10525131225586,-5.496423721313477,0.006734497379511595
1772180370482606000,0.03703649342060089,0.014641163870692253,0.6369020938873291,8.892740249633789,5.286238193511963,-9.93896770477295,47.642567192121234,-122.14042901496097,122.25376892089844,9.10525131225586,-5.496423721313477,0.006734497379511595
1772180370494682000,0.03679119050502777,0.01464693620800972,0.5962718725204468,8.34726333618164,5.211843013763428,-9.928637504577637,47.642567192121234,-122.14042901496097,122.25376892089844,9.10525131225586,-5.496423721313477,0.006734497379511595
1772180370518841000,0.045322075486183167,0.017280366271734238,0.6602239608764648,9.42114543914795,5.940087795257568,-9.983789443969727,47.642567192121234,-122.14042901496097,122.25376892089844,9.10525131225586,-5.496423721313477,0.006734497379511595
1772180370543468000,0.0463273786008358,0.019329510629177094,0.6242709159851074,9.064360618591309,5.935790061950684,-9.947138786315918,47.642567192121234,-122.14042901496097,122.25376892089844,9.10525131225586,-5.496423721313477,0.006734497379511595
1772180370560942000,0.04501471668481827,0.019238440319895744,0.5845214128494263,8.142767906188965,5.809159755706787,-9.988523483276367,47.642567192121234,-122.14042901496097,122.25376892089844,9.10525131225586,-5.496423721313477,0.006734497379511595
1772180370581234000,0.046477966010570526,0.020775115117430687,0.5947214365005493,8.003378868103027,5.174605846405029,-10.068046569824219,47.64256172093781,-122.14041426426421,122.25440979003906,10.281404495239258,-5.2890305519104,0.004479503259062767
1772180370593737000,0.03103906288743019,0.01650729775428772,0.4696260094642639,6.263510704040527,3.3757781982421875,-10.005529403686523,47.64256172093781,-122.14041426426421,122.25440979003906,10.281404495239258,-5.2890305519104,0.004479503259062767
1772180370607129000,0.022008132189512253,0.01575806550681591,0.48446112871170044,6.3947954177856445,2.546030044555664,-10.081871032714844,47.64256172093781,-122.14041426426421,122.25440979003906,10.281404495239258,-5.2890305519104,0.004479503259062767
1772180370644162000,-0.01775278151035309,0.005692883860319853,0.2999047338962555,2.8734068870544434,-0.2575995624065399,-10.014396667480469,47.64256172093781,-122.14041426426421,122.25440979003906,10.281404495239258,-5.2890305519104,0.004479503259062767
1772180370662144000,-0.03660283982753754,0.0031403705943375826,0.2841835021972656,2.2050631046295166,-0.9082667827606201,-10.046717643737793,47.64256172093781,-122.14041426426421,122.25440979003906,10.281404495239258,-5.2890305519104,0.004479503259062767
1772180370682948000,-0.07052987068891525,0.002524420153349638,0.173368439078331,0.22604170441627502,-1.952216386795044,-9.927057266235352,47.64255695033681,-122.14039997403766,122.25395202636719,10.767731666564941,-5.3172478675842285,-0.015007219277322292
1772180370694920000,-0.0617036372423172,0.000859638093970716,0.08094913512468338,-0.5631880760192871,-1.7099015712738037,-9.895297050476074,47.64255695033681,-122.14039997403766,122.25395202636719,10.767731666564941,-5.3172478675842285,-0.015007219277322292
1772180370720258000,-0.08209503442049026,0.001609667669981718,-0.03485998511314392,-1.8229706287384033,-2.291654586791992,-9.850714683532715,47.64255695033681,-122.14039997403766,122.25395202636719,10.767731666564941,-5.3172478675842285,-0.015007219277322292
1772180370745424000,-0.09230055660009384,0.0051978458650410175,-0.170152485370636,-2.5460753440856934,-2.034303665161133,-9.831524848937988,47.64255695033681,-122.14039997403766,122.25395202636719,10.767731666564941,-5.3172478675842285,-0.015007219277322292
1772180370762299000,-0.08644106239080429,0.0060767605900764465,-0.22302989661693573,-2.721677780151367,-1.7808899879455566,-9.773015022277832,47.64255695033681,-122.14039997403766,122.25395202636719,10.767731666564941,-5.3172478675842285,-0.015007219277322292
1772180370782828000,-0.0832083597779274,0.00937358196824789,-0.359499454498291,-3.273662805557251,-1.6926789283752441,-9.78888988494873,47.642552031077464,-122.14038560497336,122.25189971923828,10.543768882751465,-5.441657066345215,-0.022845864295959473
1772180370795567000,-0.0707487240433693,0.011410513892769814,-0.3799052834510803,-3.083986520767212,-1.5390779972076416,-9.801677703857422,47.642552031077464,-122.14038560497336,122.25189971923828,10.543768882751465,-5.441657066345215,-0.022845864295959473
1772180370809520000,-0.07428307831287384,0.01345267053693533,-0.48238375782966614,-3.531934976577759,-1.7623984813690186,-9.795920372009277,47.642552031077464,-122.14038560497336,122.25189971923828,10.543768882751465,-5.441657066345215,-0.022845864295959473
1772180370835014000,-0.07238452881574631,0.01863243617117405,-0.6150462031364441,-3.806645631790161,-1.9713435173034668,-9.74466609954834,47.642552031077464,-122.14038560497336,122.25189971923828,10.543768882751465,-5.441657066345215,-0.022845864295959473
1772180370865367000,-0.05631847307085991,0.01816592738032341,-0.6186008453369141,-3.3723888397216797,-2.1409430503845215,-9.712382316589355,47.642552031077464,-122.14038560497336,122.25189971923828,10.543768882751465,-5.441657066345215,-0.022845864295959473
1772180370886500000,-0.0630345344543457,0.024233099073171616,-0.7672281861305237,-3.7645044326782227,-3.012786626815796,-9.709527969360352,47.64254692423207,-122.14037137626899,122.24964141845703,10.117154121398926,-5.500279426574707,-0.020622801035642624
1772180370900226000,-0.08525443822145462,0.031648747622966766,-0.9713790416717529,-4.512598037719727,-4.109736442565918,-9.78559684753418,47.64254692423207,-122.14037137626899,122.24964141845703,10.117154121398926,-5.500279426574707,-0.020622801035642624
1772180370924502000,-0.10140585899353027,0.03795642778277397,-1.1191788911819458,-4.5978803634643555,-5.175739765167236,-9.76436710357666,47.64254692423207,-122.14037137626899,122.24964141845703,10.117154121398926,-5.500279426574707,-0.020622801035642624
1772180370937770000,-0.08860747516155243,0.035427261143922806,-1.0248373746871948,-4.065501689910889,-4.52336311340332,-9.779097557067871,47.64254692423207,-122.14037137626899,122.24964141845703,10.117154121398926,-5.500279426574707,-0.020622801035642624
1772180370950050000,-0.07847785204648972,0.03257741779088974,-0.9501224756240845,-3.56892728805542,-3.4019577503204346,-9.77081298828125,47.64254692423207,-122.14037137626899,122.24964141845703,10.117154121398926,-5.500279426574707,-0.020622801035642624
1772180370974294000,0.024702083319425583,0.01850595697760582,-0.9646782875061035,-3.5121145248413086,-0.7995028495788574,-9.537129402160645,47.64254183454921,-122.14035819184656,122.24840545654297,9.602996826171875,-5.631152629852295,-0.0014133810764178634
1772180371000566000,0.03436962142586708,0.014916124753654003,-0.773797333240509,-2.4346797466278076,1.0493196249008179,-9.825551986694336,47.64254183454921,-122.14035819184656,122.24840545654297,9.602996826171875,-5.631152629852295,-0.0014133810764178634
1772180371014291000,0.05526186525821686,0.021785778924822807,-0.9293511509895325,-3.097343683242798,2.164438009262085,-9.85617446899414,47.64254183454921,-122.14035819184656,122.24840545654297,9.602996826171875,-5.631152629852295,-0.0014133810764178634
1772180371040359000,0.05159503594040871,0.022351568564772606,-0.8783819675445557,-3.6636412143707275,-1.5929230451583862,-9.68730640411377,47.64254183454921,-122.14035819184656,122.24840545654297,9.602996826171875,-5.631152629852295,-0.0014133810764178634
1772180371052787000,0.02862170897424221,0.01278836652636528,-0.5909715294837952,-2.6243057250976562,-2.456094980239868,-9.730189323425293,47.64254183454921,-122.14035819184656,122.24840545654297,9.602996826171875,-5.631152629852295,-0.0014133810764178634
1772180371079629000,0.008475114591419697,0.007815876975655556,-0.5404130816459656,-2.6041088104248047,-4.119434356689453,-9.719270706176758,47.64253672037726,-122.14034525735745,122.2484130859375,9.26335620880127,-5.576540470123291,0.005018691997975111
1772180371105591000,-0.013747122138738632,0.0030600889585912228,-0.5826249122619629,-2.9392073154449463,-5.693816184997559,-9.729025840759277,47.64253672037726,-122.14034525735745,122.2484130859375,9.26335620880127,-5.576540470123291,0.005018691997975111
1772180371117973000,-0.021393699571490288,-0.00015804171562194824,-0.5119397044181824,-2.6649510860443115,-5.359508514404297,-9.725011825561523,47.64253672037726,-122.14034525735745,122.2484130859375,9.26335620880127,-5.576540470123291,0.005018691997975111
1772180371144713000,-0.035155072808265686,-0.004163327161222696,-0.4528317451477051,-2.5767128467559814,-5.286931991577148,-9.822847366333008,47.64253672037726,-122.14034525735745,122.2484130859375,9.26335620880127,-5.576540470123291,0.005018691997975111
1772180371158035000,-0.05961386859416962,-0.008928564377129078,-0.5878755450248718,-3.510078191757202,-7.224020004272461,-9.808349609375,47.64253672037726,-122.14034525735745,122.2484130859375,9.26335620880127,-5.576540470123291,0.005018691997975111
1772180371182872000,-0.06289881467819214,-0.010667694732546806,-0.5086066126823425,-3.3333921432495117,-6.635937690734863,-9.860262870788574,47.642531265570575,-122.14033277478207,122.2491226196289,8.6383638381958,-5.913016319274902,0.011335283517837524
1772180371208688000,-0.060839202255010605,-0.011635671369731426,-0.4117749035358429,-3.023601531982422,-5.6166486740112305,-9.852307319641113,47.642531265570575,-122.14033277478207,122.2491226196289,8.6383638381958,-5.913016319274902,0.011335283517837524
1772180371221959000,-0.06257016211748123,-0.012195928022265434,-0.4014880657196045,-3.0895912647247314,-5.611454963684082,-9.940098762512207,47.642531265570575,-122.14033277478207,122.2491226196289,8.6383638381958,-5.913016319274902,0.011335283517837524
1772180371246656000,-0.06142861023545265,-0.012187555432319641,-0.37053486704826355,-3.178812265396118,-5.335416316986084,-9.889496803283691,47.642531265570575,-122.14033277478207,122.2491226196289,8.6383638381958,-5.913016319274902,0.011335283517837524
1772180371259513000,-0.05568607151508331,-0.0113893523812294,-0.33642813563346863,-3.0777950286865234,-4.9033074378967285,-9.963452339172363,47.642531265570575,-122.14033277478207,122.2491226196289,8.6383638381958,-5.913016319274902,0.011335283517837524
1772180371284106000,-0.047181833535432816,-0.009627721272408962,-0.2899916470050812,-3.0158214569091797,-4.265934467315674,-9.905877113342285,47.6425257349553,-122.1403215423997,122.25033569335938,8.07376766204834,-6.147093296051025,0.004248431418091059
1772180371297266000,-0.04572443664073944,-0.009899608790874481,-0.29050731658935547,-3.2202489376068115,-4.3907294273376465,-9.955939292907715,47.6425257349553,-122.1403215423997,122.25033569335938,8.07376766204834,-6.147093296051025,0.004248431418091059
1772180371322676000,-0.03497835993766785,-0.008466960862278938,-0.23281879723072052,-3.074906349182129,-3.629801034927368,-9.901846885681152,47.6425257349553,-122.1403215423997,122.25033569335938,8.07376766204834,-6.147093296051025,0.004248431418091059
1772180371348105000,-0.021042456850409508,-0.004945916589349508,-0.18914669752120972,-2.8984978199005127,-2.9562785625457764,-9.942194938659668,47.6425257349553,-122.1403215423997,122.25033569335938,8.07376766204834,-6.147093296051025,0.004248431418091059
1772180371360514000,-0.016288794577121735,-0.004467884078621864,-0.1763635128736496,-2.993602752685547,-2.755444049835205,-9.917479515075684,47.6425257349553,-122.1403215423997,122.25033569335938,8.07376766204834,-6.147093296051025,0.004248431418091059
1772180371385251000,-0.00456010177731514,-0.0009629565756767988,-0.1372492015361786,-2.77116322517395,-2.094061851501465,-9.899954795837402,47.6425201027044,-122.14031102056751,122.2505111694336,7.630988597869873,-6.215118408203125,-0.0032876075711101294
1772180371398017000,0.0003007855557370931,-0.001055548433214426,-0.14897747337818146,-3.2779502868652344,-2.27669358253479,-9.893798828125,47.6425201027044,-122.14031102056751,122.2505111694336,7.630988597869873,-6.215118408203125,-0.0032876075711101294
1772180371424433000,0.010788851417601109,0.002252262318506837,-0.10383831709623337,-2.7058658599853516,-1.5705299377441406,-9.86469841003418,47.6425201027044,-122.14031102056751,122.2505111694336,7.630988597869873,-6.215118408203125,-0.0032876075711101294
1772180371449304000,0.022638140246272087,0.005614824593067169,-0.09129967540502548,-3.0346341133117676,-1.4018306732177734,-9.867077827453613,47.6425201027044,-122.14031102056751,122.2505111694336,7.630988597869873,-6.215118408203125,-0.0032876075711101294
1772180371461912000,0.024068225175142288,0.005124514922499657,-0.07731357216835022,-2.7855775356292725,-1.119499683380127,-9.79465103149414,47.6425201027044,-122.14031102056751,122.2505111694336,7.630988597869873,-6.215118408203125,-0.0032876075711101294
1772180371489392000,0.014934863895177841,0.0025608534924685955,-0.0750417485833168,-2.569411277770996,-3.7200124263763428,-9.767576217651367,47.64251446499822,-122.14030097826472,122.2496566772461,7.264230251312256,-6.201088905334473,-0.0037975083105266094
1772180371500956000,0.008243467658758163,0.0024027028121054173,-0.09859143197536469,-3.022291421890259,-4.869041442871094,-9.767447471618652,47.64251446499822,-122.14030097826472,122.2496566772461,7.264230251312256,-6.201088905334473,-0.0037975083105266094
1772180371525312000,-0.002480173949152231,0.0018049615900963545,-0.1289978325366974,-2.7128005027770996,-4.395256042480469,-9.798014640808105,47.64251446499822,-122.14030097826472,122.2496566772461,7.264230251312256,-6.201088905334473,-0.0037975083105266094
1772180371549757000,-0.011608303524553776,-7.608986925333738e-05,-0.2013852298259735,-3.1284003257751465,-5.069101333618164,-9.819290161132812,47.64251446499822,-122.14030097826472,122.2496566772461,7.264230251312256,-6.201088905334473,-0.0037975083105266094
1772180371561732000,-0.013964275829494,0.0005022571422159672,-0.21573777496814728,-2.9723575115203857,-4.755062103271484,-9.806958198547363,47.64251446499822,-122.14030097826472,122.2496566772461,7.264230251312256,-6.201088905334473,-0.0037975083105266094
1772180371574826000,-0.01121654361486435,0.0008226431673392653,-0.27482956647872925,-3.1979057788848877,-3.2914016246795654,-9.891429901123047,47.64251446499822,-122.14030097826472,122.2496566772461,7.264230251312256,-6.201088905334473,-0.0037975083105266094
1772180371599791000,0.0414058081805706,0.006753766443580389,-0.29031363129615784,-2.8618812561035156,3.7694485187530518,-9.89883041381836,47.64250881619115,-122.14029171272433,122.24987030029297,6.76088285446167,-6.326182842254639,0.0007245910819619894
1772180371625175000,0.08500263094902039,0.008262814953923225,-0.24144256114959717,-2.7577507495880127,2.9364655017852783,-9.84228229522705,47.64250881619115,-122.14029171272433,122.24987030029297,6.76088285446167,-6.326182842254639,0.0007245910819619894
1772180371650265000,0.08050781488418579,0.005770052783191204,-0.20444120466709137,4.040313720703125,0.4164891541004181,-9.90446949005127,47.64250881619115,-122.14029171272433,122.24987030029297,6.76088285446167,-6.326182842254639,0.0007245910819619894
1772180371662382000,0.05736803263425827,-0.0006875654798932374,-0.15787260234355927,8.576786041259766,-0.04835452884435654,-9.844231605529785,47.64250881619115,-122.14029171272433,122.24987030029297,6.76088285446167,-6.326182842254639,0.0007245910819619894
1772180371675317000,0.06064289063215256,-0.010037215426564217,-0.18082158267498016,11.759481430053711,-0.07584431767463684,-9.879108428955078,47.64250881619115,-122.14029171272433,122.24987030029297,6.76088285446167,-6.326182842254639,0.0007245910819619894
1772180371700561000,0.04227600246667862,-0.021647684276103973,-0.14882473647594452,10.608962059020996,-0.2668769359588623,-9.888423919677734,47.64250318483841,-122.14028250294866,122.24937438964844,7.083649635314941,-6.426741123199463,-0.0075568570755422115
1772180371724766000,0.029554620385169983,-0.03488679230213165,-0.14705736935138702,11.071331977844238,-0.5336405038833618,-9.858856201171875,47.64250318483841,-122.14028250294866,122.24937438964844,7.083649635314941,-6.426741123199463,-0.0075568570755422115
1772180371749232000,0.020401068031787872,-0.047659482806921005,-0.14172327518463135,11.241616249084473,-0.779869794845581,-9.897543907165527,47.64250318483841,-122.14028250294866,122.24937438964844,7.083649635314941,-6.426741123199463,-0.0075568570755422115
1772180371761639000,0.046175990253686905,-0.031866684556007385,-0.11947834491729736,10.105132102966309,-1.3969659805297852,-9.042287826538086,47.64250318483841,-122.14028250294866,122.24937438964844,7.083649635314941,-6.426741123199463,-0.0075568570755422115
1772180371786314000,0.05462714657187462,-0.025050051510334015,-0.09293285757303238,9.974321365356445,-1.2558643817901611,-9.676161766052246,47.64250318483841,-122.14028250294866,122.24937438964844,7.083649635314941,-6.426741123199463,-0.0075568570755422115
1772180371810551000,0.04106994718313217,-0.021900905296206474,-0.07078197598457336,8.68762493133545,-1.6054373979568481,-9.802619934082031,47.64249621919723,-122.1402712074008,122.24942016601562,7.891077518463135,-7.325427055358887,0.010678671300411224
1772180371822971000,0.037890754640102386,-0.022188600152730942,-0.06137469410896301,8.614358901977539,-1.580754041671753,-9.811092376708984,47.64249621919723,-122.1402712074008,122.24942016601562,7.891077518463135,-7.325427055358887,0.010678671300411224
1772180371834850000,0.0296339001506567,-0.018787581473588943,-0.045638203620910645,7.551172256469727,-1.5787917375564575,-9.804588317871094,47.64249621919723,-122.1402712074008,122.24942016601562,7.891077518463135,-7.325427055358887,0.010678671300411224
1772180371860423000,0.015149584040045738,-0.011084717698395252,-0.021551383659243584,5.482689380645752,-0.8999853134155273,-9.828872680664062,47.64249621919723,-122.1402712074008,122.24942016601562,7.891077518463135,-7.325427055358887,0.010678671300411224
1772180371884904000,0.012109075672924519,-0.01310272328555584,-0.01176767610013485,4.590552806854248,-0.6437004208564758,-9.972761154174805,47.64249621919723,-122.1402712074008,122.24942016601562,7.891077518463135,-7.325427055358887,0.010678671300411224
1772180371897755000,0.0017590774223208427,-0.009127569384872913,-0.013692502863705158,3.7297918796539307,-2.595935821533203,-9.841769218444824,47.64249621919723,-122.1402712074008,122.24942016601562,7.891077518463135,-7.325427055358887,0.010678671300411224
1772180371922655000,-0.03057231940329075,0.0016866344958543777,-0.046369511634111404,1.2173455953598022,-4.418673992156982,-9.77895736694336,47.642488583342306,-122.14025919837869,122.25053405761719,8.260805130004883,-7.931588649749756,0.011572710238397121
1772180371950774000,-0.04979090020060539,0.01101476140320301,-0.08786701411008835,-0.5444934368133545,-4.404421329498291,-9.908041000366211,47.642488583342306,-122.14025919837869,122.25053405761719,8.260805130004883,-7.931588649749756,0.011572710238397121
1772180371964323000,-0.06178591400384903,0.015767646953463554,-0.12866295874118805,-1.001395583152771,-4.676284313201904,-9.8662691116333,47.642488583342306,-122.14025919837869,122.25053405761719,8.260805130004883,-7.931588649749756,0.011572710238397121
1772180371992476000,-0.07855966687202454,0.024364732205867767,-0.22308088839054108,-2.0493927001953125,-5.1270904541015625,-9.998679161071777,47.642488583342306,-122.14025919837869,122.25053405761719,8.260805130004883,-7.931588649749756,0.011572710238397121
1772180372004542000,-0.08751137554645538,0.02968432381749153,-0.279183030128479,-2.47137451171875,-5.4444451332092285,-9.948819160461426,47.642488583342306,-122.14025919837869,122.25053405761719,8.260805130004883,-7.931588649749756,0.011572710238397121
1772180372030527000,-0.08708291500806808,0.03321872651576996,-0.34388232231140137,-2.7580361366271973,-5.2082695960998535,-9.992866516113281,47.64248072130183,-122.1402477100227,122.25111389160156,7.785593509674072,-8.246127128601074,0.0016412069089710712
1772180372042519000,-0.0979265347123146,0.03834707289934158,-0.4172251224517822,-3.2438340187072754,-5.743199825286865,-9.971944808959961,47.64248072130183,-122.1402477100227,122.25111389160156,7.785593509674072,-8.246127128601074,0.0016412069089710712
1772180372067853000,-0.09329957515001297,0.041246116161346436,-0.475532591342926,-3.435523509979248,-5.706134796142578,-9.996637344360352,47.64248072130183,-122.1402477100227,122.25111389160156,7.785593509674072,-8.246127128601074,0.0016412069089710712
1772180372092599000,-0.10790698975324631,0.05236886814236641,-0.6003480553627014,-4.049389839172363,-6.542385101318359,-10.007970809936523,47.64248072130183,-122.1402477100227,122.25111389160156,7.785593509674072,-8.246127128601074,0.0016412069089710712
1772180372106411000,-0.07584188878536224,0.04420255497097969,-0.5879948139190674,-4.413625240325928,-6.367573261260986,-9.554238319396973,47.64248072130183,-122.1402477100227,122.25111389160156,7.785593509674072,-8.246127128601074,0.0016412069089710712
1772180372131448000,0.0003198035410605371,0.022399188950657845,-0.6211645603179932,-4.601621150970459,-6.734612941741943,-9.673437118530273,47.64247321088074,-122.14023785473412,122.25100708007812,7.076672077178955,-8.396514892578125,0.010088619776070118
1772180372145844000,-0.003221196588128805,0.023069167509675026,-0.7165852189064026,-4.927548408508301,-7.632316589355469,-9.846277236938477,47.64247321088074,-122.14023785473412,122.25100708007812,7.076672077178955,-8.396514892578125,0.010088619776070118
1772180372170842000,-0.01853676699101925,0.018643587827682495,-0.7305946350097656,-4.651256084442139,-7.5279998779296875,-9.91284465789795,47.64247321088074,-122.14023785473412,122.25100708007812,7.076672077178955,-8.396514892578125,0.010088619776070118
1772180372182938000,-0.022793227806687355,0.016702810302376747,-0.7560705542564392,-4.674766540527344,-7.739024639129639,-9.97954273223877,47.64247321088074,-122.14023785473412,122.25100708007812,7.076672077178955,-8.396514892578125,0.010088619776070118
1772180372207960000,-0.02816377580165863,0.010861143469810486,-0.7020401358604431,-4.179568767547607,-7.056766033172607,-9.972695350646973,47.64247321088074,-122.14023785473412,122.25100708007812,7.076672077178955,-8.396514892578125,0.010088619776070118
1772180372232117000,-0.038082223385572433,0.010036908090114594,-0.7651672959327698,-4.250666618347168,-7.615234851837158,-9.983736991882324,47.642464438760854,-122.1402278063475,122.25300598144531,6.123971462249756,-8.55072021484375,0.012242442928254604
1772180372245433000,-0.04190845787525177,0.008278044871985912,-0.7864219546318054,-4.371608734130859,-7.780646800994873,-9.98995304107666,47.642464438760854,-122.1402278063475,122.25300598144531,6.123971462249756,-8.55072021484375,0.012242442928254604
1772180372270414000,-0.04562718793749809,0.007578583434224129,-0.7864590287208557,-4.194318771362305,-7.788476943969727,-9.962624549865723,47.642464438760854,-122.1402278063475,122.25300598144531,6.123971462249756,-8.55072021484375,0.012242442928254604
1772180372285069000,-0.054319050163030624,0.007488013710826635,-0.9106395244598389,-4.750551223754883,-8.982529640197754,-10.061200141906738,47.642464438760854,-122.1402278063475,122.25300598144531,6.123971462249756,-8.55072021484375,0.012242442928254604
1772180372310194000,-0.040657177567481995,0.0174113679677248,-0.9700836539268494,-5.4053802490234375,-9.623262405395508,-9.758284568786621,47.642464438760854,-122.1402278063475,122.25300598144531,6.123971462249756,-8.55072021484375,0.012242442928254604
1772180372327731000,-0.0254256259649992,0.015101014636456966,-0.7597528100013733,-4.084955215454102,-7.453581809997559,-9.887134552001953,47.64245651396695,-122.14022018447629,122.25377655029297,5.199470043182373,-8.67162799835205,0.012528185732662678
1772180372347175000,-0.025061070919036865,0.018186068162322044,-0.803372859954834,-4.144652843475342,-7.877336502075195,-9.959898948669434,47.64245651396695,-122.14022018447629,122.25377655029297,5.199470043182373,-8.67162799835205,0.012528185732662678
1772180372361672000,-0.02673543617129326,0.020356671884655952,-0.8590611815452576,-4.434810161590576,-8.443551063537598,-9.990119934082031,47.64245651396695,-122.14022018447629,122.25377655029297,5.199470043182373,-8.67162799835205,0.012528185732662678
1772180372386633000,-0.026909776031970978,0.020104439929127693,-0.9005665183067322,-4.506149768829346,-8.789789199829102,-9.997700691223145,47.64245651396695,-122.14022018447629,122.25377655029297,5.199470043182373,-8.67162799835205,0.012528185732662678
1772180372411649000,-0.02231580950319767,0.01817256398499012,-0.7589357495307922,-3.7735860347747803,-7.330313205718994,-10.061188697814941,47.64245651396695,-122.14022018447629,122.25377655029297,5.199470043182373,-8.67162799835205,0.012528185732662678
1772180372428409000,-0.02487630769610405,0.022207792848348618,-0.9057589173316956,-4.507080554962158,-8.836734771728516,-10.033099174499512,47.64245651396695,-122.14022018447629,122.25377655029297,5.199470043182373,-8.67162799835205,0.012528185732662678
1772180372448410000,-0.020901143550872803,0.021383017301559448,-0.8439980745315552,-4.09990119934082,-8.09781551361084,-10.011093139648438,47.64244857486742,-122.14021389610832,122.25515747070312,4.245595455169678,-8.739044189453125,0.010739017277956009
1772180372474074000,-0.020337523892521858,0.018480204045772552,-0.7688352465629578,-3.678226947784424,-7.331570625305176,-9.995100021362305,47.64244857486742,-122.14021389610832,122.25515747070312,4.245595455169678,-8.739044189453125,0.010739017277956009
1772180372487131000,-0.02394360490143299,0.026183566078543663,-1.0010050535202026,-4.768826007843018,-9.571261405944824,-10.101049423217773,47.64244857486742,-122.14021389610832,122.25515747070312,4.245595455169678,-8.739044189453125,0.010739017277956009
1772180372511577000,-0.02021733857691288,0.024563590064644814,-0.919994056224823,-4.315265655517578,-8.742877006530762,-10.0415678024292,47.64244857486742,-122.14021389610832,122.25515747070312,4.245595455169678,-8.739044189453125,0.010739017277956009
1772180372529604000,-0.017271336168050766,0.02380816638469696,-0.8688373565673828,-4.059682846069336,-8.19374942779541,-10.075275421142578,47.64244857486742,-122.14021389610832,122.25515747070312,4.245595455169678,-8.739044189453125,0.010739017277956009
1772180372549771000,-0.018414687365293503,0.028953205794095993,-0.9947831034660339,-4.566274642944336,-9.362905502319336,-10.09953498840332,47.642440734972396,-122.14020897258399,122.25626373291016,3.2966363430023193,-8.737049102783203,0.007707307115197182
1772180372575049000,-0.016497964039444923,0.027285482734441757,-0.9297363758087158,-4.24569034576416,-8.673726081848145,-10.101106643676758,47.642440734972396,-122.14020897258399,122.25626373291016,3.2966363430023193,-8.737049102783203,0.007707307115197182
1772180372587724000,-0.012721707113087177,0.02387959696352482,-0.8541707396507263,-3.8781867027282715,-7.940661907196045,-10.039341926574707,47.642440734972396,-122.14020897258399,122.25626373291016,3.2966363430023193,-8.737049102783203,0.007707307115197182
1772180372616276000,-0.01126416027545929,0.023651717230677605,-0.8489641547203064,-3.7979373931884766,-7.76133918762207,-10.041863441467285,47.642440734972396,-122.14020897258399,122.25626373291016,3.2966363430023193,-8.737049102783203,0.007707307115197182
1772180372633544000,-0.010127638466656208,0.02240503765642643,-0.803179919719696,-3.555701494216919,-7.3024983406066895,-10.030733108520508,47.642440734972396,-122.14020897258399,122.25626373291016,3.2966363430023193,-8.737049102783203,0.007707307115197182
1772180372655240000,-0.010594483464956284,0.02490456961095333,-0.9066587686538696,-3.9995124340057373,-8.194137573242188,-10.034342765808105,47.64243257747199,-122.14020517281337,122.25660705566406,2.3105099201202393,-8.654160499572754,0.004599671345204115
1772180372674677000,-0.008616389706730843,0.024919509887695312,-0.8920196890830994,-3.857419013977051,-8.031132698059082,-10.059514045715332,47.64243257747199,-122.14020517281337,122.25660705566406,2.3105099201202393,-8.654160499572754,0.004599671345204115
1772180372694043000,0.12167078256607056,0.040211524814367294,-1.0829992294311523,9.395709037780762,-7.690606117248535,-10.088008880615234,47.64243257747199,-122.14020517281337,122.25660705566406,2.3105099201202393,-8.654160499572754,0.004599671345204115
1772180372707695000,0.07218466699123383,0.025895362719893456,-0.8800942897796631,9.768699645996094,-3.470082998275757,-9.849665641784668,47.64243257747199,-122.14020517281337,122.25660705566406,2.3105099201202393,-8.654160499572754,0.004599671345204115
1772180372736358000,0.07694963365793228,0.013502564281225204,-1.1418609619140625,13.56790828704834,-1.395991325378418,-9.84253215789795,47.64243257747199,-122.14020517281337,122.25660705566406,2.3105099201202393,-8.654160499572754,0.004599671345204115
1772180372744082000,0.049751635640859604,0.005108573008328676,-0.77741938829422,9.379901885986328,-0.4614894688129425,-9.76187801361084,47.642424385085576,-122.14020242697121,122.2538070678711,1.9720546007156372,-9.34714126586914,-0.036954980343580246
1772180372770064000,0.07688958197832108,-0.004688560962677002,-0.8110017776489258,9.690120697021484,0.6229323744773865,-9.548417091369629,47.642424385085576,-122.14020242697121,122.2538070678711,1.9720546007156372,-9.34714126586914,-0.036954980343580246
1772180372796772000,0.09642551094293594,-0.00545977707952261,-0.7807906866073608,9.983865737915039,-0.8482305407524109,-9.603696823120117,47.642424385085576,-122.14020242697121,122.2538070678711,1.9720546007156372,-9.34714126586914,-0.036954980343580246
1772180372809490000,0.09454657882452011,-0.007520254701375961,-0.7909231185913086,10.400640487670898,-1.5606369972229004,-9.63034725189209,47.642424385085576,-122.14020242697121,122.2538070678711,1.9720546007156372,-9.34714126586914,-0.036954980343580246
1772180372821089000,0.08749927580356598,-0.007124554831534624,-0.8085975050926208,10.939120292663574,-2.522951602935791,-9.532008171081543,47.642424385085576,-122.14020242697121,122.2538070678711,1.9720546007156372,-9.34714126586914,-0.036954980343580246
1772180372845525000,0.05659835413098335,-0.003980634268373251,-0.6911361217498779,9.607670783996582,-3.1646082401275635,-9.593650817871094,47.64241525365736,-122.1401996244089,122.25105285644531,2.0104730129241943,-10.416461944580078,-0.01071513257920742
1772180372876281000,0.025770800188183784,-0.00013084380771033466,-0.6612644195556641,8.509910583496094,-5.658408164978027,-9.618621826171875,47.64241525365736,-122.1401996244089,122.25105285644531,2.0104730129241943,-10.416461944580078,-0.01071513257920742
1772180372896259000,-0.01973923109471798,0.010693653486669064,-0.7058683037757874,7.371105194091797,-9.049691200256348,-9.581899642944336,47.64241525365736,-122.1401996244089,122.25105285644531,2.0104730129241943,-10.416461944580078,-0.01071513257920742
1772180372908875000,-0.033534009009599686,0.012994762510061264,-0.5566977262496948,5.3024396896362305,-7.783025741577148,-9.709514617919922,47.64241525365736,-122.1401996244089,122.25105285644531,2.0104730129241943,-10.416461944580078,-0.01071513257920742
1772180372922491000,-0.06659331172704697,0.025296734645962715,-0.6867533922195435,5.912722110748291,-10.422826766967773,-9.729740142822266,47.64241525365736,-122.1401996244089,122.25105285644531,2.0104730129241943,-10.416461944580078,-0.01071513257920742
1772180372950845000,-0.09098012745380402,0.03253662586212158,-0.5882298946380615,3.8937771320343018,-9.889878273010254,-9.847346305847168,47.642405340031026,-122.1401974187308,122.25184631347656,1.244896411895752,-11.167431831359863,0.013054188340902328
1772180372975816000,-0.133231982588768,0.04784603789448738,-0.6720115542411804,2.819003105163574,-11.739688873291016,-10.114541053771973,47.642405340031026,-122.1401974187308,122.25184631347656,1.244896411895752,-11.167431831359863,0.013054188340902328
1772180372988347000,-0.07949601858854294,0.025482147932052612,-0.5651566386222839,0.8283721208572388,-10.452245712280273,-9.42190170288086,47.642405340031026,-122.1401974187308,122.25184631347656,1.244896411895752,-11.167431831359863,0.013054188340902328
1772180373013685000,-0.062042489647865295,0.010630551725625992,-0.5723978281021118,0.3928276002407074,-10.88088607788086,-9.946149826049805,47.642405340031026,-122.1401974187308,122.25184631347656,1.244896411895752,-11.167431831359863,0.013054188340902328
1772180373025735000,-0.04571659490466118,0.008829416707158089,-0.4450731873512268,0.25058412551879883,-7.717364311218262,-9.989324569702148,47.642405340031026,-122.1401974187308,122.25184631347656,1.244896411895752,-11.167431831359863,0.013054188340902328
1772180373051622000,-0.027790695428848267,0.007404916454106569,-0.4194941520690918,0.02167729288339615,-2.026578426361084,-10.257267951965332,47.642394882200264,-122.14019652857752,122.25413513183594,0.33029764890670776,-11.31789493560791,0.017328409478068352
1772180373063614000,-0.01805618219077587,0.008686652407050133,-0.48993197083473206,-0.7076243162155151,-2.456094264984131,-10.274182319641113,47.642394882200264,-122.14019652857752,122.25413513183594,0.33029764890670776,-11.31789493560791,0.017328409478068352
1772180373087862000,0.004240789916366339,0.002495749155059457,-0.3751108944416046,7.8930511474609375,-2.235985279083252,-10.054292678833008,47.642394882200264,-122.14019652857752,122.25413513183594,0.33029764890670776,-11.31789493560791,0.017328409478068352
1772180373114519000,0.028161348775029182,-0.003881830256432295,-0.309704452753067,8.4339017868042,-1.556067943572998,-10.001263618469238,47.642394882200264,-122.14019652857752,122.25413513183594,0.33029764890670776,-11.31789493560791,0.017328409478068352
1772180373139193000,0.047340165823698044,-0.008695166558027267,-0.3491557538509369,10.26891803741455,-2.415947198867798,-9.958274841308594,47.642394882200264,-122.14019652857752,122.25413513183594,0.33029764890670776,-11.31789493560791,0.017328409478068352
1772180373156093000,0.049408748745918274,-0.010055587626993656,-0.3183855414390564,9.62069320678711,-2.5434868335723877,-9.957822799682617,47.64238431300282,-122.14019627405114,122.25446319580078,0.06943443417549133,-12.093938827514648,-0.002076069125905633
1772180373175734000,0.05125494301319122,-0.012241240590810776,-0.32153284549713135,10.52005386352539,-3.422532796859741,-9.862817764282227,47.64238431300282,-122.14019627405114,122.25446319580078,0.06943443417549133,-12.093938827514648,-0.002076069125905633
1772180373188574000,0.04236236587166786,-0.010438305325806141,-0.2676927149295807,9.104262351989746,-3.0180909633636475,-9.902719497680664,47.64238431300282,-122.14019627405114,122.25446319580078,0.06943443417549133,-12.093938827514648,-0.002076069125905633
1772180373214701000,0.04118917137384415,-0.009801371023058891,-0.2502090632915497,9.313139915466309,-3.331500768661499,-9.838225364685059,47.64238431300282,-122.14019627405114,122.25446319580078,0.06943443417549133,-12.093938827514648,-0.002076069125905633
1772180373238992000,0.038573648780584335,-0.00973842665553093,-0.2449425309896469,10.199520111083984,-3.5900046825408936,-9.853006362915039,47.64238431300282,-122.14019627405114,122.25446319580078,0.06943443417549133,-12.093938827514648,-0.002076069125905633
1772180373251250000,0.03281433880329132,-0.007485860958695412,-0.21116890013217926,9.277748107910156,-3.2965452671051025,-9.886441230773926,47.64238431300282,-122.14019627405114,122.25446319580078,0.06943443417549133,-12.093938827514648,-0.002076069125905633
1772180373275747000,0.02706078812479973,-0.00963233970105648,-0.17380262911319733,8.653144836425781,-3.1416680812835693,-9.935029029846191,47.642371497723325,-122.14019651299452,122.25393676757812,-0.36395132541656494,-13.16146183013916,0.000715961738023907
1772180373294482000,0.030717168003320694,-0.00889037735760212,-0.19322003424167633,10.229557037353516,-3.6815345287323,-9.914374351501465,47.642371497723325,-122.14019651299452,122.25393676757812,-0.36395132541656494,-13.16146183013916,0.000715961738023907
1772180373315842000,0.026482073590159416,-0.007925496436655521,-0.15207995474338531,9.321464538574219,-3.2014803886413574,-9.90606689453125,47.642371497723325,-122.14019651299452,122.25393676757812,-0.36395132541656494,-13.16146183013916,0.000715961738023907
1772180373329375000,0.022683192044496536,-0.0063045271672308445,-0.11034804582595825,7.489831924438477,-2.3887126445770264,-9.87621021270752,47.642371497723325,-122.14019651299452,122.25393676757812,-0.36395132541656494,-13.16146183013916,0.000715961738023907
1772180373355101000,0.02856980636715889,-0.00915574375540018,-0.1132863312959671,9.495769500732422,-2.6144845485687256,-9.930234909057617,47.642371497723325,-122.14019651299452,122.25393676757812,-0.36395132541656494,-13.16146183013916,0.000715961738023907
1772180373379009000,0.027571257203817368,-0.008379173465073109,-0.08573900163173676,9.069211959838867,-2.4202077388763428,-9.94767951965332,47.642358770669865,-122.14019730895687,122.25409698486328,-0.7396106719970703,-14.091492652893066,-0.0004912501317448914
1772180373391730000,0.03081558458507061,-0.00996481254696846,-0.07799692451953888,9.231487274169922,-2.3494231700897217,-9.900803565979004,47.642358770669865,-122.14019730895687,122.25409698486328,-0.7396106719970703,-14.091492652893066,-0.0004912501317448914
1772180373417556000,0.031196288764476776,-0.009865080006420612,-0.05568108707666397,8.378561973571777,-1.936166524887085,-9.868706703186035,47.642358770669865,-122.14019730895687,122.25409698486328,-0.7396106719970703,-14.091492652893066,-0.0004912501317448914
1772180373429760000,0.03336314484477043,-0.010178550146520138,-0.04754703491926193,8.379110336303711,-1.7285436391830444,-9.896108627319336,47.642358770669865,-122.14019730895687,122.25409698486328,-0.7396106719970703,-14.091492652893066,-0.0004912501317448914
1772180373455123000,0.03596578165888786,-0.01177301537245512,-0.031537335366010666,8.372801780700684,-1.4558312892913818,-9.903870582580566,47.642358770669865,-122.14019730895687,122.25409698486328,-0.7396106719970703,-14.091492652893066,-0.0004912501317448914
1772180373466950000,0.03484417498111725,-0.009800226427614689,-0.022277487441897392,7.784421920776367,-1.2085180282592773,-9.901204109191895,47.642358770669865,-122.14019730895687,122.25409698486328,-0.7396106719970703,-14.091492652893066,-0.0004912501317448914
1772180373497075000,0.03652273118495941,-0.00948525033891201,-0.010463590733706951,7.373429298400879,-0.8822755813598633,-9.910752296447754,47.6423439746386,-122.14019865678577,122.25358581542969,-1.0171318054199219,-15.039590835571289,-0.004038666840642691
1772180373516640000,0.03801383450627327,-0.009879115968942642,-0.001103299087844789,7.267384052276611,-0.6834937334060669,-9.884572982788086,47.6423439746386,-122.14019865678577,122.25358581542969,-1.0171318054199219,-15.039590835571289,-0.004038666840642691
1772180373541383000,0.036957498639822006,-0.009123539552092552,0.0023924463894218206,7.168374061584473,-1.9179725646972656,-9.814446449279785,47.6423439746386,-122.14019865678577,122.25358581542969,-1.0171318054199219,-15.039590835571289,-0.004038666840642691
1772180373554785000,0.03030821681022644,-0.00764264352619648,-0.006923176348209381,6.322958946228027,-3.7418439388275146,-9.799285888671875,47.6423439746386,-122.14019865678577,122.25358581542969,-1.0171318054199219,-15.039590835571289,-0.004038666840642691
1772180373579447000,-0.007793016266077757,0.005497969686985016,-0.0552176795899868,-0.02027413249015808,-5.881717205047607,-9.815037727355957,47.6423439746386,-122.14019865678577,122.25358581542969,-1.0171318054199219,-15.039590835571289,-0.004038666840642691
1772180373596655000,-0.022417914122343063,0.010843095369637012,-0.07879428565502167,-0.5120258331298828,-5.384726524353027,-9.844930648803711,47.642328445979686,-122.14020038382118,122.2533950805664,-1.3711416721343994,-15.611750602722168,-0.002764179604128003
1772180373617780000,-0.051229529082775116,0.02145208604633808,-0.15426795184612274,-1.547055959701538,-5.752730846405029,-9.89426040649414,47.642328445979686,-122.14020038382118,122.2533950805664,-1.3711416721343994,-15.611750602722168,-0.002764179604128003
1772180373630825000,-0.060935959219932556,0.026561055332422256,-0.194871723651886,-2.0472357273101807,-5.876711368560791,-9.898126602172852,47.642328445979686,-122.14020038382118,122.2533950805664,-1.3711416721343994,-15.611750602722168,-0.002764179604128003
1772180373655592000,-0.08339138329029083,0.0375908687710762,-0.30550479888916016,-3.017280340194702,-6.423037528991699,-9.991127967834473,47.642328445979686,-122.14020038382118,122.2533950805664,-1.3711416721343994,-15.611750602722168,-0.002764179604128003
1772180373680566000,-0.09457078576087952,0.04546352103352547,-0.39198407530784607,-3.664365291595459,-6.431235313415527,-10.000711441040039,47.642328445979686,-122.14020038382118,122.2533950805664,-1.3711416721343994,-15.611750602722168,-0.002764179604128003
1772180373702207000,-0.08004216849803925,0.040693242102861404,-0.3599172830581665,-3.2647101879119873,-5.410210609436035,-9.955753326416016,47.64231450237273,-122.14020267565586,122.2528305053711,-1.94605553150177,-15.316182136535645,-0.010891303420066833
1772180373718186000,-0.1004914864897728,0.05115764960646629,-0.49109289050102234,-4.3133649826049805,-6.418132781982422,-9.972262382507324,47.64231450237273,-122.14020267565586,122.2528305053711,-1.94605553150177,-15.316182136535645,-0.010891303420066833
1772180373730768000,-0.08375613391399384,0.04540235921740532,-0.4407971501350403,-3.840447187423706,-5.548915863037109,-9.957857131958008,47.64231450237273,-122.14020267565586,122.2528305053711,-1.94605553150177,-15.316182136535645,-0.010891303420066833
1772180373757566000,-0.03639903664588928,0.03944459557533264,-0.5151240229606628,-5.781010150909424,-6.496705055236816,-8.942788124084473,47.64231450237273,-122.14020267565586,122.2528305053711,-1.94605553150177,-15.316182136535645,-0.010891303420066833
1772180373771931000,0.009847891516983509,0.025768565014004707,-0.5256215929985046,-5.882160186767578,-6.737121105194092,-9.105098724365234,47.64231450237273,-122.14020267565586,122.2528305053711,-1.94605553150177,-15.316182136535645,-0.010891303420066833
1772180373801694000,0.005642975680530071,0.02411211095750332,-0.6482390761375427,-5.969449996948242,-8.138570785522461,-9.891669273376465,47.64231450237273,-122.14020267565586,122.2528305053711,-1.94605553150177,-15.316182136535645,-0.010891303420066833
1772180373819275000,-0.01055173110216856,0.019284695386886597,-0.6926915645599365,-6.11928129196167,-8.646105766296387,-9.912671089172363,47.642298794038574,-122.14020634766459,122.25254821777344,-2.6662631034851074,-14.630725860595703,0.01211710087954998
1772180373841290000,-0.019042078405618668,0.012164606712758541,-0.5788140296936035,-5.041160583496094,-7.109285831451416,-9.968536376953125,47.642298794038574,-122.14020634766459,122.25254821777344,-2.6662631034851074,-14.630725860595703,0.01211710087954998
1772180373852674000,-0.027497529983520508,0.01351233385503292,-0.6713230013847351,-5.729676246643066,-8.34776496887207,-9.956014633178711,47.642298794038574,-122.14020634766459,122.25254821777344,-2.6662631034851074,-14.630725860595703,0.01211710087954998
1772180373877778000,-0.029927538707852364,0.008954101242125034,-0.5897518992424011,-4.931607723236084,-7.276290416717529,-9.927262306213379,47.642298794038574,-122.14020634766459,122.25254821777344,-2.6662631034851074,-14.630725860595703,0.01211710087954998
1772180373889963000,-0.03406341001391411,0.0075313737615942955,-0.5959411859512329,-4.624485969543457,-7.548691749572754,-9.968746185302734,47.642298794038574,-122.14020634766459,122.25254821777344,-2.6662631034851074,-14.630725860595703,0.01211710087954998
1772180373916502000,-0.04181092232465744,0.00731880497187376,-0.6147745847702026,-4.34429407119751,-7.855616569519043,-10.021384239196777,47.64228681839043,-122.14021011353402,122.2538833618164,-3.2988505363464355,-14.017009735107422,0.01098567247390747
1772180373940128000,-0.061481863260269165,0.003951556980609894,-0.8584697842597961,-5.974247932434082,-9.269963264465332,-10.135631561279297,47.64228681839043,-122.14021011353402,122.2538833618164,-3.2988505363464355,-14.017009735107422,0.01098567247390747
1772180373953629000,-0.031487058848142624,0.00482484744861722,-0.5305724740028381,-3.7032155990600586,-4.412489414215088,-10.068761825561523,47.64228681839043,-122.14021011353402,122.2538833618164,-3.2988505363464355,-14.017009735107422,0.01098567247390747
1772180373979143000,0.006113784853368998,0.009102215990424156,-0.6204701066017151,-4.379911422729492,0.4511910080909729,-10.10855484008789,47.64228681839043,-122.14021011353402,122.2538833618164,-3.2988505363464355,-14.017009735107422,0.01098567247390747
1772180373991137000,0.016496887430548668,0.012827715836465359,-0.5780616402626038,-4.318694114685059,-1.3116093873977661,-10.096187591552734,47.64228681839043,-122.14021011353402,122.2538833618164,-3.2988505363464355,-14.017009735107422,0.01098567247390747
1772180374015832000,0.007365151774138212,0.014627089723944664,-0.4829552173614502,-3.8359687328338623,-5.026270389556885,-9.977702140808105,47.64227292679063,-122.14021552195483,122.25394439697266,-3.681065559387207,-13.410418510437012,-0.008990956470370293
1772180374040928000,-0.002708631567656994,0.007763178553432226,-0.47704243659973145,-4.1302056312561035,-7.9976372718811035,-9.817608833312988,47.64227292679063,-122.14021552195483,122.25394439697266,-3.681065559387207,-13.410418510437012,-0.008990956470370293
1772180374053537000,-0.006996383424848318,0.005598750431090593,-0.454929381608963,-4.069950580596924,-8.314788818359375,-9.7732572555542,47.64227292679063,-122.14021552195483,122.25394439697266,-3.681065559387207,-13.410418510437012,-0.008990956470370293
1772180374078569000,-0.011930527165532112,0.009927296079695225,-0.4592599868774414,-4.372105121612549,-9.207592964172363,-9.789234161376953,47.64227292679063,-122.14021552195483,122.25394439697266,-3.681065559387207,-13.410418510437012,-0.008990956470370293
1772180374101868000,-0.020245283842086792,0.010507834143936634,-0.4848007559776306,-4.783691883087158,-9.722699165344238,-9.900729179382324,47.64227292679063,-122.14021552195483,122.25394439697266,-3.681065559387207,-13.410418510437012,-0.008990956470370293
1772180374123334000,-0.01980631984770298,0.010186852887272835,-0.4332423806190491,-4.328537464141846,-8.51336669921875,-9.898079872131348,47.64226136865463,-122.14022088706103,122.25405883789062,-4.386632919311523,-12.722562789916992,0.009904459118843079
1772180374137860000,-0.02496914751827717,0.013106110505759716,-0.49597039818763733,-5.105643272399902,-9.308116912841797,-9.995030403137207,47.64226136865463,-122.14022088706103,122.25405883789062,-4.386632919311523,-12.722562789916992,0.009904459118843079
1772180374162748000,-0.025572579354047775,0.012076389975845814,-0.49222999811172485,-5.218771934509277,-8.690252304077148,-10.042078018188477,47.64226136865463,-122.14022088706103,122.25405883789062,-4.386632919311523,-12.722562789916992,0.009904459118843079
1772180374174873000,-0.020070159807801247,0.009053151123225689,-0.4148569405078888,-4.386902332305908,-6.9849934577941895,-9.995067596435547,47.64226136865463,-122.14022088706103,122.25405883789062,-4.386632919311523,-12.722562789916992,0.009904459118843079
1772180374199805000,-0.020338034257292747,0.010823908261954784,-0.461457759141922,-5.021190166473389,-7.2381439208984375,-10.031486511230469,47.64226136865463,-122.14022088706103,122.25405883789062,-4.386632919311523,-12.722562789916992,0.009904459118843079
1772180374211680000,-0.019285548478364944,0.011037463322281837,-0.5013120174407959,-5.433455944061279,-7.759383201599121,-10.055813789367676,47.64226136865463,-122.14022088706103,122.25405883789062,-4.386632919311523,-12.722562789916992,0.009904459118843079
1772180374235949000,-0.015058579854667187,0.012087732553482056,-0.4879322052001953,-4.971296787261963,-7.211318492889404,-10.02729606628418,47.642249262955666,-122.14022788193289,122.25547790527344,-5.038242816925049,-11.891763687133789,0.008240584284067154
1772180374260989000,-0.013129006139934063,0.013361315242946148,-0.5193902850151062,-4.724727630615234,-7.500500679016113,-10.031216621398926,47.642249262955666,-122.14022788193289,122.25547790527344,-5.038242816925049,-11.891763687133789,0.008240584284067154
1772180374273701000,-0.012249450199306011,0.012028120458126068,-0.5059930682182312,-4.2905988693237305,-7.218528747558594,-10.031421661376953,47.642249262955666,-122.14022788193289,122.25547790527344,-5.038242816925049,-11.891763687133789,0.008240584284067154
1772180374299325000,-0.012232544831931591,0.013890049420297146,-0.548076868057251,0.30790168046951294,-7.457717418670654,-10.002777099609375,47.642249262955666,-122.14022788193289,122.25547790527344,-5.038242816925049,-11.891763687133789,0.008240584284067154
1772180374311029000,-0.005350517109036446,0.015626749023795128,-0.5846173167228699,6.67598819732666,-5.325119495391846,-10.14737606048584,47.642249262955666,-122.14022788193289,122.25547790527344,-5.038242816925049,-11.891763687133789,0.008240584284067154
1772180374338098000,0.029467197135090828,0.00642880005761981,-0.5192760229110718,9.258156776428223,-0.42303353548049927,-10.068848609924316,47.642238951035715,-122.14023497683095,122.25543975830078,-5.630842685699463,-11.541516304016113,-0.0005723073845729232
1772180374360188000,0.06240514665842056,-0.003182658925652504,-0.48226067423820496,9.058635711669922,0.14652854204177856,-9.977126121520996,47.642238951035715,-122.14023497683095,122.25543975830078,-5.630842685699463,-11.541516304016113,-0.0005723073845729232
1772180374385694000,0.08731231093406677,-0.011458824388682842,-0.4954504072666168,9.894277572631836,-1.4067444801330566,-9.947113037109375,47.642238951035715,-122.14023497683095,122.25543975830078,-5.630842685699463,-11.541516304016113,-0.0005723073845729232
1772180374398238000,0.07923386245965958,-0.011522733606398106,-0.43929314613342285,9.312591552734375,-2.0563244819641113,-9.805197715759277,47.642238951035715,-122.14023497683095,122.25543975830078,-5.630842685699463,-11.541516304016113,-0.0005723073845729232
1772180374423145000,0.06976380199193954,-0.011467564851045609,-0.40275830030441284,9.132116317749023,-3.032785177230835,-9.797125816345215,47.642238951035715,-122.14023497683095,122.25543975830078,-5.630842685699463,-11.541516304016113,-0.0005723073845729232
1772180374440815000,0.06307978928089142,-0.010633528232574463,-0.3857457637786865,9.020200729370117,-3.3313119411468506,-9.819583892822266,47.64222688864648,-122.14024379521864,122.25415802001953,-6.265621662139893,-12.39579963684082,-0.007861173711717129
1772180374460168000,0.05579078197479248,-0.008288592100143433,-0.3793388605117798,9.748163223266602,-4.117570877075195,-9.83069133758545,47.64222688864648,-122.14024379521864,122.25415802001953,-6.265621662139893,-12.39579963684082,-0.007861173711717129
1772180374485880000,0.03340732306241989,-0.004430771805346012,-0.2839164435863495,7.85925817489624,-3.6833455562591553,-9.85042667388916,47.64222688864648,-122.14024379521864,122.25415802001953,-6.265621662139893,-12.39579963684082,-0.007861173711717129
1772180374498616000,0.031338341534137726,-0.005382143426686525,-0.29145151376724243,8.545767784118652,-4.063817024230957,-9.897263526916504,47.64222688864648,-122.14024379521864,122.25415802001953,-6.265621662139893,-12.39579963684082,-0.007861173711717129
1772180374511369000,0.027477271854877472,-0.005119935609400272,-0.2743055820465088,8.603951454162598,-3.9841020107269287,-9.846624374389648,47.64222688864648,-122.14024379521864,122.25415802001953,-6.265621662139893,-12.39579963684082,-0.007861173711717129
1772180374541128000,0.018265018239617348,-0.003171202726662159,-0.23560753464698792,8.236665725708008,-3.8945860862731934,-9.852822303771973,47.64221539799329,-122.14025277206792,122.25459289550781,-7.041521072387695,-12.952584266662598,-0.002199161797761917
1772180374562853000,0.011394446715712547,-0.0010234799701720476,-0.19527466595172882,7.765877723693848,-3.612640619277954,-9.91367244720459,47.64221539799329,-122.14025277206792,122.25459289550781,-7.041521072387695,-12.952584266662598,-0.002199161797761917
1772180374574926000,0.012627637013792992,-0.0007134107872843742,-0.1999918669462204,8.527570724487305,-3.950421094894409,-9.927061080932617,47.64221539799329,-122.14025277206792,122.25459289550781,-7.041521072387695,-12.952584266662598,-0.002199161797761917
1772180374599513000,0.009211519733071327,0.0008165904437191784,-0.15092477202415466,7.441212177276611,-3.2483627796173096,-9.893739700317383,47.64221539799329,-122.14025277206792,122.25459289550781,-7.041521072387695,-12.952584266662598,-0.002199161797761917
1772180374624820000,0.007814210839569569,1.5919380530249327e-05,-0.12424416840076447,7.003870010375977,-2.867948293685913,-9.900065422058105,47.64221539799329,-122.14025277206792,122.25459289550781,-7.041521072387695,-12.952584266662598,-0.002199161797761917
1772180374642578000,0.011681551113724709,-0.000546044553630054,-0.1323283314704895,7.928707599639893,-3.3076324462890625,-9.92081069946289,47.64220336871405,-122.14026283268606,122.25416564941406,-7.775413513183594,-13.463324546813965,-0.002999583724886179
1772180374662045000,0.012960742227733135,-0.000333823001710698,-0.1070491150021553,7.706564426422119,-2.8343026638031006,-9.930805206298828,47.64220336871405,-122.14026283268606,122.25416564941406,-7.775413513183594,-13.463324546813965,-0.002999583724886179
1772180374674584000,0.01608176715672016,-0.0014330926351249218,-0.09878258407115936,7.761590003967285,-2.6924824714660645,-9.962491035461426,47.64220336871405,-122.14026283268606,122.25416564941406,-7.775413513183594,-13.463324546813965,-0.002999583724886179
1772180374700123000,0.017431825399398804,-0.0007452801801264286,-0.06776063144207001,6.650915622711182,-2.104929208755493,-9.919341087341309,47.64220336871405,-122.14026283268606,122.25416564941406,-7.775413513183594,-13.463324546813965,-0.002999583724886179
1772180374713181000,0.025327224284410477,-0.002598873805254698,-0.07729995995759964,8.461831092834473,-2.490307569503784,-9.924141883850098,47.64220336871405,-122.14026283268606,122.25416564941406,-7.775413513183594,-13.463324546813965,-0.002999583724886179
1772180374743057000,0.028929678723216057,-0.0028818920254707336,-0.05261087417602539,7.310901165008545,-1.958950161933899,-9.894685745239258,47.64219093234908,-122.14027373488086,122.25347900390625,-8.378496170043945,-13.974283218383789,-0.0062693143263459206
1772180374764270000,0.02697240561246872,-0.004022080451250076,-0.03205589950084686,6.129543781280518,-1.3318511247634888,-9.847567558288574,47.64219093234908,-122.14027373488086,122.25347900390625,-8.378496170043945,-13.974283218383789,-0.0062693143263459206
1772180374788285000,0.03559466823935509,-0.006848266813904047,-0.025137195363640785,7.3074517250061035,-1.2254595756530762,-9.86889362335205,47.64219093234908,-122.14027373488086,122.25347900390625,-8.378496170043945,-13.974283218383789,-0.0062693143263459206
1772180374800338000,0.03149145096540451,-0.006330015603452921,-0.017184793949127197,5.961059093475342,-0.9568377137184143,-9.854146003723145,47.64219093234908,-122.14027373488086,122.25347900390625,-8.378496170043945,-13.974283218383789,-0.0062693143263459206
1772180374826278000,0.03195624426007271,-0.006186524406075478,-0.007996589876711369,5.472696304321289,-0.7351976633071899,-9.845696449279785,47.64219093234908,-122.14027373488086,122.25347900390625,-8.378496170043945,-13.974283218383789,-0.0062693143263459206
1772180374844206000,0.048852283507585526,-0.010129439644515514,-0.006643324624747038,7.6858296394348145,-0.8906028866767883,-9.908225059509277,47.64217792176379,-122.1402854319631,122.25284576416016,-8.84315299987793,-14.488425254821777,-0.008523689582943916
1772180374863924000,0.03993050009012222,-0.00897612888365984,0.0010257377289235592,5.787192344665527,-0.5326892733573914,-9.848031044006348,47.64217792176379,-122.1402854319631,122.25284576416016,-8.84315299987793,-14.488425254821777,-0.008523689582943916
1772180374875637000,0.04048594459891319,-0.009268770925700665,0.005589001812040806,4.058464050292969,-0.4968850016593933,-9.8767671585083,47.64217792176379,-122.1402854319631,122.25284576416016,-8.84315299987793,-14.488425254821777,-0.008523689582943916
1772180374902091000,0.027346283197402954,-0.0032663505990058184,0.003918241709470749,-2.4926624298095703,-0.1502121239900589,-9.885050773620605,47.64217792176379,-122.1402854319631,122.25284576416016,-8.84315299987793,-14.488425254821777,-0.008523689582943916
1772180374915722000,0.03663637861609459,0.0005461255786940455,0.006003291346132755,-3.68442964553833,-0.14304830133914948,-9.944143295288086,47.64217792176379,-122.1402854319631,122.25284576416016,-8.84315299987793,-14.488425254821777,-0.008523689582943916
1772180374944405000,0.030687503516674042,0.005350793711841106,0.0039394511841237545,-4.23382568359375,0.03119444102048874,-9.900819778442383,47.64216466293158,-122.14029746860724,122.25132751464844,-8.892611503601074,-14.504664421081543,-0.01513602677732706
1772180374964805000,0.023923059925436974,0.009720725007355213,0.0031433769036084414,-3.9119763374328613,0.06645465642213821,-9.827254295349121,47.64216466293158,-122.14029746860724,122.25132751464844,-8.892611503601074,-14.504664421081543,-0.01513602677732706
1772180374976966000,0.019873347133398056,0.012741727754473686,0.0018552629044279456,-3.717155933380127,0.018217705190181732,-9.849364280700684,47.64216466293158,-122.14029746860724,122.25132751464844,-8.892611503601074,-14.504664421081543,-0.01513602677732706
1772180375002414000,0.020134054124355316,0.018310507759451866,0.0011071227490901947,-4.067028999328613,0.05382676050066948,-9.795910835266113,47.64216466293158,-122.14029746860724,122.25132751464844,-8.892611503601074,-14.504664421081543,-0.01513602677732706
1772180375026654000,0.004599557723850012,0.02362792193889618,-0.010052192956209183,-4.309815883636475,-2.1313765048980713,-9.78042221069336,47.64216466293158,-122.14029746860724,122.25132751464844,-8.892611503601074,-14.504664421081543,-0.01513602677732706
1772180375039449000,-0.01522529311478138,0.02741432376205921,-0.02899843454360962,-4.323888301849365,-3.5238704681396484,-9.792155265808105,47.64216466293158,-122.14029746860724,122.25132751464844,-8.892611503601074,-14.504664421081543,-0.01513602677732706
1772180375064485000,-0.05474576726555824,0.032700441777706146,-0.08535458147525787,-4.354892253875732,-5.128016948699951,-9.834099769592285,47.64215043536507,-122.14031045526224,122.2494888305664,-8.761367797851562,-14.056140899658203,-0.01677871309220791
1772180375088715000,-0.015564972534775734,0.03849279135465622,-0.09929895401000977,-4.68585729598999,2.7442026138305664,-9.7691068649292,47.64215043536507,-122.14031045526224,122.2494888305664,-8.761367797851562,-14.056140899658203,-0.01677871309220791
1772180375103127000,0.0025853055994957685,0.0375874899327755,-0.0869920626282692,-4.415592193603516,1.720706582069397,-9.751200675964355,47.64215043536507,-122.14031045526224,122.2494888305664,-8.761367797851562,-14.056140899658203,-0.01677871309220791
1772180375127021000,0.023593418300151825,0.05196201056241989,-0.10194457322359085,-5.766989707946777,0.7537055015563965,-9.785650253295898,47.64215043536507,-122.14031045526224,122.2494888305664,-8.761367797851562,-14.056140899658203,-0.01677871309220791
1772180375145773000,0.01767249032855034,0.03902852535247803,-0.0709599182009697,-4.20852518081665,0.16072842478752136,-9.732834815979004,47.64215043536507,-122.14031045526224,122.2494888305664,-8.761367797851562,-14.056140899658203,-0.01677871309220791
1772180375168142000,0.016141464933753014,0.04642603546380997,-0.07267574965953827,-4.78610897064209,-0.3114463686943054,-9.76142692565918,47.642136467442164,-122.14032343870049,122.24809265136719,-8.508673667907715,-13.619603157043457,-0.012747352942824364
1772180375188531000,0.06861807405948639,0.03124869242310524,-0.049269046634435654,-4.723758697509766,-0.13291172683238983,-9.147534370422363,47.642136467442164,-122.14032343870049,122.24809265136719,-8.508673667907715,-13.619603157043457,-0.012747352942824364
1772180375201750000,0.08801261335611343,0.03345503658056259,-0.05302264168858528,-5.3560566902160645,-0.8890389204025269,-9.590592384338379,47.642136467442164,-122.14032343870049,122.24809265136719,-8.508673667907715,-13.619603157043457,-0.012747352942824364
1772180375227897000,0.06370070576667786,0.027251044288277626,-0.03343348577618599,-5.066868782043457,-0.6222643852233887,-9.624335289001465,47.642136467442164,-122.14032343870049,122.24809265136719,-8.508673667907715,-13.619603157043457,-0.012747352942824364
1772180375239522000,0.018273381516337395,0.011443284340202808,-0.01352817751467228,-5.16202974319458,0.18518298864364624,-9.099885940551758,47.642136467442164,-122.14032343870049,122.24809265136719,-8.508673667907715,-13.619603157043457,-0.012747352942824364
1772180375270073000,-0.0028415650594979525,0.010010150261223316,-0.004728090018033981,-4.027101039886475,-0.4878266751766205,-9.94021224975586,47.64212443978266,-122.14033461420769,122.2483901977539,-8.28617000579834,-13.186333656311035,0.014655974693596363
1772180375289257000,-0.0008609086507931352,0.011210870929062366,0.0008375997422263026,-4.753347396850586,-0.3759961724281311,-9.784211158752441,47.64212443978266,-122.14033461420769,122.2483901977539,-8.28617000579834,-13.186333656311035,0.014655974693596363
1772180375301276000,-0.0007787071517668664,0.008553893305361271,0.00034187023993581533,-4.371182441711426,-0.3625029921531677,-9.843043327331543,47.64212443978266,-122.14033461420769,122.2483901977539,-8.28617000579834,-13.186333656311035,0.014655974693596363
1772180375325929000,-0.0008810496656224132,0.008991142734885216,-0.0010447449749335647,-4.0020647048950195,-0.21578313410282135,-9.910320281982422,47.64212443978266,-122.14033461420769,122.2483901977539,-8.28617000579834,-13.186333656311035,0.014655974693596363
1772180375337935000,-0.0002755806490313262,0.01054603885859251,-0.0004982937825843692,-5.176805019378662,-0.2405785620212555,-9.905843734741211,47.64212443978266,-122.14033461420769,122.2483901977539,-8.28617000579834,-13.186333656311035,0.014655974693596363
1772180375361965000,0.0013366304337978363,0.00603832071647048,-0.0019117366755381227,-4.201871395111084,-0.15062633156776428,-9.842350006103516,47.64212443978266,-122.14033461420769,122.2483901977539,-8.28617000579834,-13.186333656311035,0.014655974693596363
1772180375385709000,-0.00016712199430912733,0.006169458385556936,0.0007313712267205119,-4.002634525299072,-0.09490257501602173,-9.926401138305664,47.64211154345236,-122.1403466732666,122.2498779296875,-8.042678833007812,-12.74665641784668,0.009296049363911152
1772180375410322000,0.0004689378256443888,0.006237199530005455,0.0004560604284051806,-4.086642742156982,-0.042345765978097916,-9.856919288635254,47.64211154345236,-122.1403466732666,122.2498779296875,-8.042678833007812,-12.74665641784668,0.009296049363911152
1772180375422669000,0.0007615683134645224,0.0034261313267052174,-0.00014709250535815954,-4.112369060516357,-0.02228190377354622,-9.857958793640137,47.64211154345236,-122.1403466732666,122.2498779296875,-8.042678833007812,-12.74665641784668,0.009296049363911152
1772180375447980000,0.0003110749239567667,0.003954650368541479,0.00024049790226854384,-3.887887954711914,0.0071047767996788025,-9.844381332397461,47.64211154345236,-122.1403466732666,122.2498779296875,-8.042678833007812,-12.74665641784668,0.009296049363911152
1772180375462703000,-4.8137084377231076e-05,0.004234100226312876,-0.0002569582429714501,-5.071386337280273,-0.027181746438145638,-9.889846801757812,47.64211154345236,-122.1403466732666,122.2498779296875,-8.042678833007812,-12.74665641784668,0.009296049363911152
1772180375488712000,-0.0022094487212598324,0.0012424333253875375,0.010584617964923382,-4.540409564971924,2.450080156326294,-9.808684349060059,47.642100552812266,-122.14035697077324,122.25052642822266,-7.818432331085205,-12.382521629333496,0.004479298833757639
1772180375501896000,0.003988462965935469,0.00162408035248518,0.025767948478460312,-4.373334884643555,3.677046060562134,-9.835886001586914,47.642100552812266,-122.14035697077324,122.25052642822266,-7.818432331085205,-12.382521629333496,0.004479298833757639
1772180375528382000,0.01442255824804306,-0.002530887024477124,0.07082890719175339,-4.118131637573242,4.673781871795654,-9.763113975524902,47.642100552812266,-122.14035697077324,122.25052642822266,-7.818432331085205,-12.382521629333496,0.004479298833757639
1772180375540211000,0.01888415776193142,-0.002618013648316264,0.1001879870891571,-4.106957912445068,4.942886829376221,-9.817197799682617,47.642100552812266,-122.14035697077324,122.25052642822266,-7.818432331085205,-12.382521629333496,0.004479298833757639
1772180375565973000,0.026411475613713264,-0.0049566179513931274,0.16165299713611603,-4.151046276092529,5.101898193359375,-9.831637382507324,47.642100552812266,-122.14035697077324,122.25052642822266,-7.818432331085205,-12.382521629333496,0.004479298833757639
1772180375589328000,0.037935398519039154,-0.009423622861504555,0.2753555476665497,-5.014233112335205,6.238475322723389,-9.817641258239746,47.64208900279179,-122.14036741250352,122.250732421875,-7.195407390594482,-12.251675605773926,0.005549867637455463
1772180375602357000,0.035114970058202744,-0.009223566390573978,0.27541670203208923,-4.477297306060791,5.434957504272461,-9.840328216552734,47.64208900279179,-122.14036741250352,122.250732421875,-7.195407390594482,-12.251675605773926,0.005549867637455463
1772180375627872000,0.0426715612411499,-0.011107465252280235,0.33585649728775024,-4.352966785430908,5.397171497344971,-9.804733276367188,47.64208900279179,-122.14036741250352,122.250732421875,-7.195407390594482,-12.251675605773926,0.005549867637455463
1772180375653552000,0.05166826397180557,-0.011019816622138023,0.4379357397556305,-5.02543830871582,5.978448390960693,-9.858799934387207,47.64208900279179,-122.14036741250352,122.250732421875,-7.195407390594482,-12.251675605773926,0.005549867637455463
1772180375664981000,0.04162779077887535,-0.011008950881659985,0.3657306730747223,-4.0585856437683105,4.723632335662842,-9.868720054626465,47.64208900279179,-122.14036741250352,122.250732421875,-7.195407390594482,-12.251675605773926,0.005549867637455463
1772180375677619000,0.06583670526742935,-0.01644512452185154,0.5913800001144409,-6.276389122009277,7.288782119750977,-9.828585624694824,47.64208900279179,-122.14036741250352,122.250732421875,-7.195407390594482,-12.251675605773926,0.005549867637455463
1772180375713075000,0.06044750660657883,-0.013278402388095856,0.5809286832809448,-5.222877502441406,6.80864143371582,-9.908759117126465,47.64207669867288,-122.14037750619202,122.25165557861328,-6.379395484924316,-12.120755195617676,0.004561285953968763
1772180375726251000,0.055294219404459,-0.01316460408270359,0.5388540029525757,-4.673935890197754,6.2613091468811035,-9.894681930541992,47.64207669867288,-122.14037750619202,122.25165557861328,-6.379395484924316,-12.120755195617676,0.004561285953968763
1772180375751829000,0.06914248317480087,-0.01463954895734787,0.6530144214630127,-5.226205348968506,7.459281921386719,-9.893843650817871,47.64207669867288,-122.14037750619202,122.25165557861328,-6.379395484924316,-12.120755195617676,0.004561285953968763
1772180375769348000,0.06153262034058571,-0.013061510398983955,0.5905448794364929,-4.585173606872559,6.72556209564209,-9.935708999633789,47.64207669867288,-122.14037750619202,122.25165557861328,-6.379395484924316,-12.120755195617676,0.004561285953968763
1772180375788216000,0.0610542893409729,-0.010905555449426174,0.6078442335128784,-4.448322772979736,6.905345916748047,-9.938431739807129,47.64207669867288,-122.14037750619202,122.25165557861328,-6.379395484924316,-12.120755195617676,0.004561285953968763
1772180375812022000,0.07133232057094574,-0.011000496335327625,0.6934323310852051,-4.834870338439941,7.904058933258057,-10.002644538879395,47.64206464851048,-122.14038617490317,122.25177001953125,-5.4255218505859375,-11.994504928588867,0.0033181151375174522
1772180375826489000,0.0741332545876503,-0.012810666114091873,0.713516116142273,-4.911021709442139,8.09621524810791,-9.941404342651367,47.64206464851048,-122.14038617490317,122.25177001953125,-5.4255218505859375,-11.994504928588867,0.0033181151375174522
1772180375852165000,0.0850939080119133,-0.013573437929153442,0.8098559379577637,-5.3911285400390625,9.209331512451172,-9.901297569274902,47.64206464851048,-122.14038617490317,122.25177001953125,-5.4255218505859375,-11.994504928588867,0.0033181151375174522
1772180375864447000,0.07294780761003494,-0.010443566367030144,0.6985077857971191,-4.7576069831848145,8.08383846282959,-9.947736740112305,47.64206464851048,-122.14038617490317,122.25177001953125,-5.4255218505859375,-11.994504928588867,0.0033181151375174522
1772180375890767000,0.03298940509557724,0.008245600387454033,0.6180888414382935,-4.888988971710205,7.437290668487549,-9.494071960449219,47.64206464851048,-122.14038617490317,122.25177001953125,-5.4255218505859375,-11.994504928588867,0.0033181151375174522
1772180375914789000,0.03482460603117943,0.01612941175699234,0.7164912819862366,-4.706696033477783,8.887950897216797,-9.95995044708252,47.6420536586252,-122.14039281472128,122.25238037109375,-4.434450149536133,-11.865017890930176,0.014371942728757858
1772180375925978000,0.03263626620173454,0.01458444818854332,0.7029473781585693,-4.450576305389404,8.60103988647461,-9.955140113830566,47.6420536586252,-122.14039281472128,122.25238037109375,-4.434450149536133,-11.865017890930176,0.014371942728757858
1772180375950147000,0.028172582387924194,0.01420820876955986,0.6326385140419006,0.038597702980041504,6.8510003089904785,-10.04948902130127,47.6420536586252,-122.14039281472128,122.25238037109375,-4.434450149536133,-11.865017890930176,0.014371942728757858
1772180375961695000,0.025920502841472626,0.01537388376891613,0.7223882079124451,6.316775798797607,4.622033596038818,-10.15808391571045,47.6420536586252,-122.14039281472128,122.25238037109375,-4.434450149536133,-11.865017890930176,0.014371942728757858
1772180375988491000,-0.015758784487843513,0.003664619056507945,0.5750740766525269,8.504408836364746,-0.30844688415527344,-10.077044486999512,47.6420536586252,-122.14039281472128,122.25238037109375,-4.434450149536133,-11.865017890930176,0.014371942728757858
1772180376001142000,-0.03543782979249954,-0.0015978931915014982,0.6112930178642273,9.336170196533203,0.16966849565505981,-10.102190971374512,47.6420536586252,-122.14039281472128,122.25238037109375,-4.434450149536133,-11.865017890930176,0.014371942728757858
1772180376026689000,-0.05088997632265091,-0.008229661732912064,0.5736814141273499,9.326720237731934,1.9030510187149048,-9.926259994506836,47.64204175826747,-122.14039879482245,122.25360107421875,-4.078984260559082,-12.411322593688965,0.00047409668331965804
1772180376051705000,-0.04879261553287506,-0.00736663956195116,0.5532353520393372,9.358101844787598,3.411949634552002,-9.86233901977539,47.64204175826747,-122.14039879482245,122.25360107421875,-4.078984260559082,-12.411322593688965,0.00047409668331965804
1772180376075863000,-0.039554908871650696,-0.004780259449034929,0.5697368383407593,9.940369606018066,4.687955379486084,-9.839869499206543,47.64204175826747,-122.14039879482245,122.25360107421875,-4.078984260559082,-12.411322593688965,0.00047409668331965804
1772180376087846000,-0.024218088015913963,-0.0015008705668151379,0.4274331033229828,6.964674949645996,4.341352939605713,-9.856722831726074,47.64204175826747,-122.14039879482245,122.25360107421875,-4.078984260559082,-12.411322593688965,0.00047409668331965804
1772180376113008000,0.010485412552952766,0.007653771433979273,0.42901772260665894,3.688408613204956,8.140399932861328,-9.845704078674316,47.64204175826747,-122.14039879482245,122.25360107421875,-4.078984260559082,-12.411322593688965,0.00047409668331965804
1772180376129676000,0.04114224389195442,0.016523024067282677,0.5155170559883118,3.476952314376831,10.792022705078125,-9.87474536895752,47.64202860345704,-122.14040477468808,122.25323486328125,-3.7156496047973633,-13.383529663085938,0.006727735977619886
1772180376149329000,0.07288888096809387,0.0288124680519104,0.46655958890914917,1.483634352684021,10.430235862731934,-9.998950958251953,47.64202860345704,-122.14040477468808,122.25323486328125,-3.7156496047973633,-13.383529663085938,0.006727735977619886
1772180376174577000,0.09756426513195038,0.038598112761974335,0.4592805802822113,0.11160831898450851,10.145097732543945,-10.103333473205566,47.64202860345704,-122.14040477468808,122.25323486328125,-3.7156496047973633,-13.383529663085938,0.006727735977619886
1772180376192619000,0.09763649851083755,0.04048965871334076,0.4351215958595276,-0.5046297311782837,9.280367851257324,-10.14191722869873,47.64202860345704,-122.14040477468808,122.25323486328125,-3.7156496047973633,-13.383529663085938,0.006727735977619886
1772180376212457000,0.04075903072953224,0.020465046167373657,0.4512791931629181,-2.895375967025757,9.877335548400879,-9.286059379577637,47.64202860345704,-122.14040477468808,122.25323486328125,-3.7156496047973633,-13.383529663085938,0.006727735977619886
1772180376224924000,0.030487770214676857,0.012673708610236645,0.40442439913749695,-2.223933219909668,8.6065092086792,-9.982804298400879,47.64202860345704,-122.14040477468808,122.25323486328125,-3.7156496047973633,-13.383529663085938,0.006727735977619886
1772180376250391000,0.03445714712142944,0.008017747662961483,0.40901273488998413,-2.791759967803955,8.134016990661621,-10.066125869750977,47.642015058567395,-122.14040935732898,122.25495910644531,-2.6159486770629883,-13.549092292785645,0.015681296586990356
1772180376275792000,0.028416277840733528,0.012753537856042385,0.4526795744895935,-3.8671646118164062,8.293054580688477,-10.107163429260254,47.642015058567395,-122.14040935732898,122.25495910644531,-2.6159486770629883,-13.549092292785645,0.015681296586990356
1772180376288269000,0.02309529110789299,0.01110444962978363,0.41561973094940186,-3.764953851699829,7.297026634216309,-10.0785551071167,47.642015058567395,-122.14040935732898,122.25495910644531,-2.6159486770629883,-13.549092292785645,0.015681296586990356
1772180376312071000,0.02007156051695347,0.012386680580675602,0.4863046705722809,-4.5782694816589355,8.031189918518066,-10.076690673828125,47.642015058567395,-122.14040935732898,122.25495910644531,-2.6159486770629883,-13.549092292785645,0.015681296586990356
1772180376337071000,0.014479150995612144,0.01296247635036707,0.44756537675857544,-4.160788536071777,6.932281970977783,-10.089208602905273,47.642015058567395,-122.14040935732898,122.25495910644531,-2.6159486770629883,-13.549092292785645,0.015681296586990356
1772180376353877000,0.013126853853464127,0.014112335629761219,0.5203399062156677,-4.829166412353516,7.8635406494140625,-10.110947608947754,47.642001531852515,-122.14041242192542,122.25599670410156,-1.6278727054595947,-13.247292518615723,0.006271430756896734
1772180376372629000,0.009665950201451778,0.013766046613454819,0.5016506910324097,-4.583172798156738,7.234584331512451,-10.053466796875,47.642001531852515,-122.14041242192542,122.25599670410156,-1.6278727054595947,-13.247292518615723,0.006271430756896734
1772180376385378000,0.008136458694934845,0.016539394855499268,0.5313743352890015,-4.800315856933594,7.491168022155762,-10.086849212646484,47.642001531852515,-122.14041242192542,122.25599670410156,-1.6278727054595947,-13.247292518615723,0.006271430756896734
1772180376407662000,0.00572890043258667,0.01785481534898281,0.6182667016983032,-5.446476459503174,8.43224048614502,-10.092414855957031,47.642001531852515,-122.14041242192542,122.25599670410156,-1.6278727054595947,-13.247292518615723,0.006271430756896734
1772180376434200000,0.002470541512593627,0.011044925078749657,0.4321136176586151,-3.7254106998443604,5.646920204162598,-9.995278358459473,47.642001531852515,-122.14041242192542,122.25599670410156,-1.6278727054595947,-13.247292518615723,0.006271430756896734
1772180376447342000,0.001707294606603682,0.018883567303419113,0.6765952706336975,-5.712778568267822,8.884899139404297,-10.091205596923828,47.642001531852515,-122.14041242192542,122.25599670410156,-1.6278727054595947,-13.247292518615723,0.006271430756896734
1772180376472641000,0.002059201942756772,0.017031729221343994,0.6171159148216248,-5.090427875518799,7.809906482696533,-10.03216552734375,47.64198873934897,-122.14041406089592,122.25630950927734,-0.7330165505409241,-12.816362380981445,1.627802885195706e-05
1772180376497075000,-0.0010698577389121056,0.018087077885866165,0.6124900579452515,-4.916754722595215,7.684268474578857,-10.049570083618164,47.64198873934897,-122.14041406089592,122.25630950927734,-0.7330165505409241,-12.816362380981445,1.627802885195706e-05
1772180376510143000,-0.0021572387777268887,0.019443508237600327,0.6792721152305603,-5.36397647857666,8.414382934570312,-10.082992553710938,47.64198873934897,-122.14041406089592,122.25630950927734,-0.7330165505409241,-12.816362380981445,1.627802885195706e-05
1772180376534149000,-0.0016527252737432718,0.02046130783855915,0.6961093544960022,-5.3411173820495605,8.518672943115234,-10.069784164428711,47.64198873934897,-122.14041406089592,122.25630950927734,-0.7330165505409241,-12.816362380981445,1.627802885195706e-05
1772180376545916000,-0.0009574852883815765,0.0174091849476099,0.6151584982872009,-4.675703525543213,7.473231315612793,-10.005876541137695,47.64198873934897,-122.14041406089592,122.25630950927734,-0.7330165505409241,-12.816362380981445,1.627802885195706e-05
1772180376577315000,0.0007510246941819787,0.017074961215257645,0.5697678327560425,-4.303936004638672,6.784985542297363,-9.96049690246582,47.64197614292798,-122.14041439704572,122.25617980957031,0.1729721575975418,-12.310270309448242,-0.0007250925991684198
1772180376584221000,0.00029303738847374916,0.02111779898405075,0.6872497200965881,-5.104772567749023,8.251063346862793,-9.99638843536377,47.64197614292798,-122.14041439704572,122.25617980957031,0.1729721575975418,-12.310270309448242,-0.0007250925991684198
1772180376608128000,-0.0014412440359592438,0.01996917463839054,0.640251636505127,-4.408380031585693,7.72603178024292,-10.044829368591309,47.64197614292798,-122.14041439704572,122.25617980957031,0.1729721575975418,-12.310270309448242,-0.0007250925991684198
1772180376633815000,0.00011532136704772711,0.016923390328884125,0.5813827514648438,-3.765306234359741,6.8038330078125,-9.964421272277832,47.64197614292798,-122.14041439704572,122.25617980957031,0.1729721575975418,-12.310270309448242,-0.0007250925991684198
1772180376658684000,-0.004932365380227566,0.018839171156287193,0.6672899723052979,-4.13718318939209,5.7029290199279785,-10.099163055419922,47.64197614292798,-122.14041439704572,122.25617980957031,0.1729721575975418,-12.310270309448242,-0.0007250925991684198
1772180376677955000,-0.013677948154509068,0.019047068431973457,0.6621515154838562,-4.044711112976074,3.202011823654175,-10.151467323303223,47.64196529111985,-122.14041357252927,122.2560806274414,0.8886311054229736,-11.849162101745605,-0.005318833515048027
1772180376696115000,-0.08249003440141678,0.027436111122369766,0.7192153930664062,-4.14857816696167,-2.342045307159424,-10.086503982543945,47.64196529111985,-122.14041357252927,122.2560806274414,0.8886311054229736,-11.849162101745605,-0.005318833515048027
1772180376708759000,-0.07259776443243027,0.019708145409822464,0.5740773677825928,3.8094732761383057,-0.004366753622889519,-9.999236106872559,47.64196529111985,-122.14041357252927,122.2560806274414,0.8886311054229736,-11.849162101745605,-0.005318833515048027
1772180376732940000,-0.07072851806879044,0.00585209671407938,0.5313965082168579,10.177763938903809,1.1752734184265137,-10.076753616333008,47.64196529111985,-122.14041357252927,122.2560806274414,0.8886311054229736,-11.849162101745605,-0.005318833515048027
1772180376758336000,-0.05444905534386635,-0.006722639314830303,0.46434834599494934,9.651639938354492,1.8146768808364868,-9.964354515075684,47.64196529111985,-122.14041357252927,122.2560806274414,0.8886311054229736,-11.849162101745605,-0.005318833515048027
1772180376770912000,-0.05175063759088516,-0.014421704225242138,0.48834800720214844,10.333694458007812,2.4512338638305664,-10.024165153503418,47.64196529111985,-122.14041357252927,122.2560806274414,0.8886311054229736,-11.849162101745605,-0.005318833515048027
1772180376795470000,-0.06880046427249908,-0.006948413327336311,0.440652459859848,9.650973320007324,3.5279805660247803,-9.48116397857666,47.64195314973365,-122.14041217727205,122.25392150878906,1.0904567241668701,-12.490601539611816,-0.020964277908205986
1772180376814032000,-0.06367447227239609,-0.005706320982426405,0.4324560761451721,9.835413932800293,3.728863000869751,-9.688192367553711,47.64195314973365,-122.14041217727205,122.25392150878906,1.0904567241668701,-12.490601539611816,-0.020964277908205986
1772180376836828000,-0.04243902862071991,-0.0024221756029874086,0.36121225357055664,8.212959289550781,4.143558979034424,-9.77090072631836,47.64195314973365,-122.14041217727205,122.25392150878906,1.0904567241668701,-12.490601539611816,-0.020964277908205986
1772180376859929000,-0.013709552586078644,0.00490448996424675,0.4656390845775604,7.247873783111572,9.865950584411621,-9.728485107421875,47.64195314973365,-122.14041217727205,122.25392150878906,1.0904567241668701,-12.490601539611816,-0.020964277908205986
1772180376873508000,0.007220474071800709,0.009278306737542152,0.3031492829322815,3.8630897998809814,7.132340431213379,-9.778716087341309,47.64195314973365,-122.14041217727205,122.25392150878906,1.0904567241668701,-12.490601539611816,-0.020964277908205986
1772180376897409000,0.05055881664156914,0.024050908163189888,0.35895171761512756,2.6955552101135254,9.686188697814941,-9.825002670288086,47.64194133877077,-122.14041024585497,122.25338745117188,1.7786922454833984,-13.148469924926758,-0.00022013067791704088
1772180376909570000,0.07578658312559128,0.033573053777217865,0.4137723445892334,1.9845805168151855,11.191763877868652,-9.954378128051758,47.64194133877077,-122.14041024585497,122.25338745117188,1.7786922454833984,-13.148469924926758,-0.00022013067791704088
1772180376933903000,0.07948152720928192,0.035769712179899216,0.35353127121925354,0.07306574285030365,8.85484790802002,-10.053993225097656,47.64194133877077,-122.14041024585497,122.25338745117188,1.7786922454833984,-13.148469924926758,-0.00022013067791704088
1772180376957275000,0.02955378033220768,0.017222559079527855,0.36245301365852356,-2.3426389694213867,8.93956470489502,-9.192855834960938,47.64194133877077,-122.14041024585497,122.25338745117188,1.7786922454833984,-13.148469924926758,-0.00022013067791704088
1772180376969531000,0.024766594171524048,0.011936699040234089,0.3639145493507385,-1.9311245679855347,8.462701797485352,-9.915721893310547,47.64194133877077,-122.14041024585497,122.25338745117188,1.7786922454833984,-13.148469924926758,-0.00022013067791704088
1772180377000668000,0.03248753026127815,0.0069125499576330185,0.3991571366786957,-2.5478296279907227,8.104969024658203,-10.086004257202148,47.64192847020688,-122.14040680591974,122.25371551513672,2.7431743144989014,-12.9287691116333,0.011142897419631481
1772180377005375000,0.0241202712059021,0.008315027691423893,0.3798869252204895,-2.8579628467559814,7.275986671447754,-9.952919960021973,47.64192847020688,-122.14040680591974,122.25371551513672,2.7431743144989014,-12.9287691116333,0.011142897419631481
1772180377030671000,0.019878821447491646,0.010067461989820004,0.3975040018558502,-3.209479570388794,6.697184085845947,-10.064180374145508,47.64192847020688,-122.14040680591974,122.25371551513672,2.7431743144989014,-12.9287691116333,0.011142897419631481
1772180377056479000,0.016480598598718643,0.011118585243821144,0.4587327539920807,-3.9518022537231445,6.856405258178711,-10.035602569580078,47.64192847020688,-122.14040680591974,122.25371551513672,2.7431743144989014,-12.9287691116333,0.011142897419631481
1772180377069791000,0.015527788549661636,0.013641380704939365,0.4850631654262543,-4.178754806518555,6.992055892944336,-10.068120002746582,47.64192847020688,-122.14040680591974,122.25371551513672,2.7431743144989014,-12.9287691116333,0.011142897419631481
1772180377082252000,0.013802154920995235,0.012045836076140404,0.4821116328239441,-4.1121392250061035,6.739689826965332,-10.029476165771484,47.64191708858952,-122.14040263423871,122.25469207763672,3.383603096008301,-12.392600059509277,0.005776269361376762
1772180377118858000,0.011052320711314678,0.016633663326501846,0.6392489075660706,-5.2367024421691895,8.23938274383545,-10.024511337280273,47.64191708858952,-122.14040263423871,122.25469207763672,3.383603096008301,-12.392600059509277,0.005776269361376762
1772180377131724000,0.00850952323526144,0.01426340825855732,0.5160208344459534,-4.193470001220703,6.511696815490723,-10.01573657989502,47.64191708858952,-122.14040263423871,122.25469207763672,3.383603096008301,-12.392600059509277,0.005776269361376762
1772180377157253000,0.008487565442919731,0.015239812433719635,0.5841332674026489,-4.62741231918335,7.1566996574401855,-10.008835792541504,47.64191708858952,-122.14040263423871,122.25469207763672,3.383603096008301,-12.392600059509277,0.005776269361376762
1772180377181098000,0.007363977842032909,0.017572561278939247,0.6012685298919678,-4.624288082122803,7.156101703643799,-9.989142417907715,47.64191708858952,-122.14040263423871,122.25469207763672,3.383603096008301,-12.392600059509277,0.005776269361376762
1772180377193484000,0.007444932125508785,0.019524550065398216,0.6830145120620728,-5.15822172164917,8.12962532043457,-9.981510162353516,47.64191708858952,-122.14040263423871,122.25469207763672,3.383603096008301,-12.392600059509277,0.005776269361376762
1772180377217311000,0.005892601329833269,0.017361100763082504,0.6420863270759583,-4.725584030151367,7.4947710037231445,-10.030768394470215,47.64190508041093,-122.14039705406988,122.25528717041016,4.042879581451416,-11.671175003051758,0.002580080647021532
1772180377242434000,0.005904021207243204,0.015660861507058144,0.6018111705780029,-4.368814945220947,6.97633171081543,-9.972482681274414,47.64190508041093,-122.14039705406988,122.25528717041016,4.042879581451416,-11.671175003051758,0.002580080647021532
1772180377254734000,0.0070572406984865665,0.017513854429125786,0.6829935312271118,-4.886499404907227,7.896195888519287,-10.035597801208496,47.64190508041093,-122.14039705406988,122.25528717041016,4.042879581451416,-11.671175003051758,0.002580080647021532
1772180377279977000,0.006297587882727385,0.017397962510585785,0.6679450273513794,-4.666119575500488,7.644874095916748,-9.985302925109863,47.64190508041093,-122.14039705406988,122.25528717041016,4.042879581451416,-11.671175003051758,0.002580080647021532
1772180377292170000,0.005472336895763874,0.017113253474235535,0.6706666946411133,-4.635208606719971,7.610659599304199,-9.984326362609863,47.64190508041093,-122.14039705406988,122.25528717041016,4.042879581451416,-11.671175003051758,0.002580080647021532
1772180377318996000,0.005526454653590918,0.015756649896502495,0.5804014205932617,-3.936123847961426,6.556472301483154,-9.99938678741455,47.641895061692736,-122.14039128378661,122.25544738769531,4.625497817993164,-10.96571159362793,0.0029958433005958796
1772180377332662000,0.007804269902408123,0.02150309830904007,0.8373729586601257,-5.619540691375732,9.588447570800781,-10.05324935913086,47.641895061692736,-122.14039128378661,122.25544738769531,4.625497817993164,-10.96571159362793,0.0029958433005958796
1772180377358344000,0.008853469975292683,0.020897600799798965,0.7857938408851624,-5.196419715881348,8.895181655883789,-10.031042098999023,47.641895061692736,-122.14039128378661,122.25544738769531,4.625497817993164,-10.96571159362793,0.0029958433005958796
1772180377383134000,0.008866433054208755,0.02216557413339615,0.7903584241867065,-5.162904262542725,8.92585277557373,-10.03700065612793,47.641895061692736,-122.14039128378661,122.25544738769531,4.625497817993164,-10.96571159362793,0.0029958433005958796
1772180377395983000,0.00886468030512333,0.019119655713438988,0.7048464417457581,-4.538088321685791,7.9129109382629395,-10.006462097167969,47.641895061692736,-122.14039128378661,122.25544738769531,4.625497817993164,-10.96571159362793,0.0029958433005958796
1772180377418906000,0.009047583676874638,0.018211979418992996,0.7584614753723145,-4.86199951171875,8.588178634643555,-10.03748607635498,47.64188530059851,-122.14038444961928,122.25568389892578,5.212984085083008,-10.180377960205078,0.0034613697789609432
1772180377443138000,0.007676932495087385,0.01817173697054386,0.6454204320907593,-4.0495524406433105,7.112360954284668,-10.011982917785645,47.64188530059851,-122.14038444961928,122.25568389892578,5.212984085083008,-10.180377960205078,0.0034613697789609432
1772180377457181000,0.007918291725218296,0.023513242602348328,0.7945167422294617,-4.960757732391357,8.855886459350586,-10.032790184020996,47.64188530059851,-122.14038444961928,122.25568389892578,5.212984085083008,-10.180377960205078,0.0034613697789609432
1772180377480676000,0.010187532752752304,0.026853227987885475,0.9287360310554504,-5.761962890625,10.34233570098877,-10.054984092712402,47.64188530059851,-122.14038444961928,122.25568389892578,5.212984085083008,-10.180377960205078,0.0034613697789609432
1772180377492592000,0.00584512110799551,0.018889516592025757,0.6558660864830017,-4.017848968505859,7.1885247230529785,-10.032562255859375,47.64188530059851,-122.14038444961928,122.25568389892578,5.212984085083008,-10.180377960205078,0.0034613697789609432
1772180377523188000,0.006880180444568396,0.01941404677927494,0.6744466423988342,-4.0877909660339355,7.349099636077881,-10.007194519042969,47.641875764447114,-122.1403763499485,122.25615692138672,5.7902984619140625,-9.304030418395996,0.0030738806817680597
1772180377542464000,0.00719534931704402,0.019324926659464836,0.7302370667457581,-4.33947229385376,7.915572166442871,-10.046870231628418,47.641875764447114,-122.1403763499485,122.25615692138672,5.7902984619140625,-9.304030418395996,0.0030738806817680597
1772180377554652000,0.00689126318320632,0.021614959463477135,0.7557432651519775,-4.47988748550415,8.217774391174316,-10.046713829040527,47.641875764447114,-122.1403763499485,122.25615692138672,5.7902984619140625,-9.304030418395996,0.0030738806817680597
1772180377579526000,0.006248374003916979,0.022376922890543938,0.7499200105667114,-4.456435680389404,8.053503036499023,-10.059813499450684,47.641875764447114,-122.1403763499485,122.25615692138672,5.7902984619140625,-9.304030418395996,0.0030738806817680597
1772180377592671000,0.005698099732398987,0.022245997563004494,0.754784107208252,-4.406301498413086,8.120574951171875,-10.060447692871094,47.641875764447114,-122.1403763499485,122.25615692138672,5.7902984619140625,-9.304030418395996,0.0030738806817680597
1772180377625021000,0.0056986031122505665,0.022622933611273766,0.7706283330917358,-4.4340715408325195,8.246105194091797,-10.042973518371582,47.64186782674599,-122.14036826526974,122.25641632080078,6.2623724937438965,-8.473028182983398,0.0021887144539505243
1772180377630599000,0.007410510443150997,0.022085784003138542,0.7901802062988281,-4.531037330627441,8.46474838256836,-10.00759220123291,47.64186782674599,-122.14036826526974,122.25641632080078,6.2623724937438965,-8.473028182983398,0.0021887144539505243
1772180377656306000,0.006359034683555365,0.021082719787955284,0.7077904343605042,-3.9928083419799805,7.392815113067627,-10.03966236114502,47.64186782674599,-122.14036826526974,122.25641632080078,6.2623724937438965,-8.473028182983398,0.0021887144539505243
1772180377682097000,0.006163686513900757,0.02401602640748024,0.8014094829559326,-4.458934307098389,8.339521408081055,-10.050647735595703,47.64186782674599,-122.14036826526974,122.25641632080078,6.2623724937438965,-8.473028182983398,0.0021887144539505243
1772180377693728000,0.003565029473975301,0.020805103704333305,0.696987509727478,-3.8757083415985107,7.2003397941589355,-10.086615562438965,47.64186782674599,-122.14036826526974,122.25641632080078,6.2623724937438965,-8.473028182983398,0.0021887144539505243
1772180377724356000,0.004459114745259285,0.02119951695203781,0.7257393002510071,-3.730527877807617,7.35589599609375,-10.055424690246582,47.64186782674599,-122.14036826526974,122.25641632080078,6.2623724937438965,-8.473028182983398,0.0021887144539505243
1772180377742592000,-0.002168301958590746,0.025203917175531387,0.8476129174232483,-4.08455753326416,6.154894828796387,-10.177085876464844,47.64185970542124,-122.14035834032332,122.25624084472656,6.723904132843018,-7.510873794555664,0.00018868088955059648
1772180377754899000,-0.01070527546107769,0.024303698912262917,0.7558103799819946,-3.386993408203125,3.343249559402466,-10.153857231140137,47.64185970542124,-122.14035834032332,122.25624084472656,6.723904132843018,-7.510873794555664,0.00018868088955059648
1772180377779589000,-0.050516802817583084,0.014771771617233753,0.731332540512085,8.204179763793945,-0.7916324734687805,-10.103515625,47.64185970542124,-122.14035834032332,122.25624084472656,6.723904132843018,-7.510873794555664,0.00018868088955059648
1772180377802322000,-0.08870326727628708,-0.001518355798907578,0.745285153388977,11.37663459777832,-0.9373520016670227,-10.042203903198242,47.64185970542124,-122.14035834032332,122.25624084472656,6.723904132843018,-7.510873794555664,0.00018868088955059648
1772180377815235000,-0.08603809028863907,-0.005127337295562029,0.6634502410888672,10.423229217529297,-0.10019881278276443,-9.982457160949707,47.64185970542124,-122.14035834032332,122.25624084472656,6.723904132843018,-7.510873794555664,0.00018868088955059648
1772180377839210000,-0.10655920952558517,-0.008087375201284885,0.6740579009056091,11.144611358642578,1.4255754947662354,-9.826931953430176,47.64185319628752,-122.14034950759844,122.2553482055664,7.1743597984313965,-7.828587055206299,-0.018979890272021294
1772180377865074000,-0.07670847326517105,-0.005694232881069183,0.527565598487854,8.988662719726562,2.101285696029663,-9.824978828430176,47.64185319628752,-122.14034950759844,122.2553482055664,7.1743597984313965,-7.828587055206299,-0.018979890272021294
1772180377877841000,-0.08859073370695114,-0.008572010323405266,0.6309741735458374,10.951571464538574,3.0207626819610596,-9.806288719177246,47.64185319628752,-122.14034950759844,122.2553482055664,7.1743597984313965,-7.828587055206299,-0.018979890272021294
1772180377903768000,-0.06642915308475494,-0.00642741285264492,0.5666694641113281,10.255481719970703,3.5314738750457764,-9.757881164550781,47.64185319628752,-122.14034950759844,122.2553482055664,7.1743597984313965,-7.828587055206299,-0.018979890272021294
1772180377915717000,-0.04914480820298195,-0.004693631548434496,0.4718115031719208,8.65440559387207,3.220104455947876,-9.784296989440918,47.64185319628752,-122.14034950759844,122.2553482055664,7.1743597984313965,-7.828587055206299,-0.018979890272021294
1772180377941145000,-0.036192554980516434,-0.0017196610569953918,0.45568615198135376,8.719449043273926,3.6227524280548096,-9.794715881347656,47.64184576717917,-122.1403391187262,122.25406646728516,8.115951538085938,-8.327381134033203,-0.007058816961944103
1772180377966362000,-0.0213943924754858,8.510093903169036e-05,0.4518863558769226,8.998537063598633,4.129456996917725,-9.79825210571289,47.64184576717917,-122.1403391187262,122.25406646728516,8.115951538085938,-8.327381134033203,-0.007058816961944103
1772180377979080000,-0.01796293631196022,0.001989504788070917,0.4818551540374756,9.746326446533203,4.775423049926758,-9.847128868103027,47.64184576717917,-122.1403391187262,122.25406646728516,8.115951538085938,-8.327381134033203,-0.007058816961944103
1772180378004169000,-0.005755111109465361,0.0017216274281963706,0.4486859440803528,9.477835655212402,4.912025451660156,-9.858014106750488,47.64184576717917,-122.1403391187262,122.25406646728516,8.115951538085938,-8.327381134033203,-0.007058816961944103
1772180378016942000,-0.00046404777094721794,0.004022995941340923,0.4242974817752838,9.189913749694824,4.850819110870361,-9.879392623901367,47.64184576717917,-122.1403391187262,122.25406646728516,8.115951538085938,-8.327381134033203,-0.007058816961944103
1772180378045807000,0.011190656572580338,0.009559879079461098,0.4212389588356018,9.009323120117188,5.913961410522461,-9.904848098754883,47.64183713097398,-122.14032592239852,122.25401306152344,9.269209861755371,-8.615497589111328,0.0017642470775172114
1772180378064974000,0.029648344963788986,0.011637609452009201,0.3864080309867859,6.750391483306885,6.101836681365967,-9.911630630493164,47.64183713097398,-122.14032592239852,122.25401306152344,9.269209861755371,-8.615497589111328,0.0017642470775172114
1772180378076859000,0.021402552723884583,0.010469499975442886,0.3265307545661926,5.746103286743164,4.0535502433776855,-9.997142791748047,47.64183713097398,-122.14032592239852,122.25401306152344,9.269209861755371,-8.615497589111328,0.0017642470775172114
1772180378102532000,0.004346142057329416,0.006252397783100605,0.24076244235038757,3.963325023651123,0.9203288555145264,-10.071722030639648,47.64183713097398,-122.14032592239852,122.25401306152344,9.269209861755371,-8.615497589111328,0.0017642470775172114
1772180378127199000,-0.02707763947546482,0.0015160442562773824,0.16378207504749298,2.050377368927002,-1.105463981628418,-10.02120590209961,47.64183713097398,-122.14032592239852,122.25401306152344,9.269209861755371,-8.615497589111328,0.0017642470775172114
1772180378138338000,-0.048290714621543884,0.002746917773038149,0.11960674077272415,1.1663918495178223,-1.8514348268508911,-9.991922378540039,47.64183713097398,-122.14032592239852,122.25401306152344,9.269209861755371,-8.615497589111328,0.0017642470775172114
1772180378162580000,-0.06231199577450752,-0.0015066618798300624,0.0037715453654527664,-0.44665613770484924,-2.349630832672119,-9.849771499633789,47.64182854082987,-122.14031172887614,122.2535171508789,9.737607955932617,-8.75509262084961,-0.013825123198330402
1772180378186468000,-0.08794437348842621,0.0025362628512084484,-0.11067546904087067,-1.5592707395553589,-3.0240137577056885,-9.854598999023438,47.64182854082987,-122.14031172887614,122.2535171508789,9.737607955932617,-8.75509262084961,-0.013825123198330402
1772180378198721000,-0.10318101942539215,0.00279940920881927,-0.18326300382614136,-2.1804840564727783,-3.5300400257110596,-9.822220802307129,47.64182854082987,-122.14031172887614,122.2535171508789,9.737607955932617,-8.75509262084961,-0.013825123198330402
1772180378223948000,-0.11243312060832977,0.006054502446204424,-0.30528128147125244,-2.8692660331726074,-3.7236382961273193,-9.805838584899902,47.64182854082987,-122.14031172887614,122.2535171508789,9.737607955932617,-8.75509262084961,-0.013825123198330402
1772180378247138000,-0.13279147446155548,0.009120098315179348,-0.480567067861557,-3.843226194381714,-4.394124984741211,-9.807908058166504,47.64182854082987,-122.14031172887614,122.2535171508789,9.737607955932617,-8.75509262084961,-0.013825123198330402
1772180378247138000,-0.13279147446155548,0.009120098315179348,-0.480567067861557,-3.843226194381714,-4.394124984741211,-9.807908058166504,47.64182854082987,-122.14031172887614,122.2535171508789,9.737607955932617,-8.75509262084961,-0.013825123198330402
1772180378283904000,-0.12305397540330887,0.01694108359515667,-0.6061204075813293,-4.02589225769043,-4.628769397735596,-9.797300338745117,47.641819914923886,-122.14029797264612,122.25151824951172,9.315860748291016,-8.883626937866211,-0.02140745334327221
1772180378308645000,-0.1143418699502945,0.020939096808433533,-0.6464245915412903,-3.95302152633667,-4.997474193572998,-9.773128509521484,47.641819914923886,-122.14029797264612,122.25151824951172,9.315860748291016,-8.883626937866211,-0.02140745334327221
1772180378321140000,-0.1184052973985672,0.021092524752020836,-0.6869741082191467,-4.024919509887695,-5.41180419921875,-9.794414520263672,47.641819914923886,-122.14029797264612,122.25151824951172,9.315860748291016,-8.883626937866211,-0.02140745334327221
1772180378347216000,-0.12821923196315765,0.02833579108119011,-0.7699123024940491,-4.189202785491943,-6.406188488006592,-9.830246925354004,47.641819914923886,-122.14029797264612,122.25151824951172,9.315860748291016,-8.883626937866211,-0.02140745334327221
1772180378358333000,-0.1314730942249298,0.02856576256453991,-0.7837759256362915,-4.127350807189941,-6.7409892082214355,-9.864277839660645,47.641819914923886,-122.14029797264612,122.25151824951172,9.315860748291016,-8.883626937866211,-0.02140745334327221
1772180378383633000,-0.09700716286897659,0.02373829483985901,-0.7262876629829407,-4.30676794052124,-6.638761043548584,-9.384069442749023,47.6418109045144,-122.14028474403332,122.24922943115234,8.541539192199707,-9.053549766540527,-0.018811121582984924
1772180378408139000,-0.028499295935034752,0.012970970943570137,-0.8077826499938965,-4.897636413574219,-7.939740180969238,-9.467367172241211,47.6418109045144,-122.14028474403332,122.24922943115234,8.541539192199707,-9.053549766540527,-0.018811121582984924
1772180378420066000,-0.03426256403326988,0.013205235823988914,-0.888483464717865,-5.229742050170898,-8.812995910644531,-9.636569023132324,47.6418109045144,-122.14028474403332,122.24922943115234,8.541539192199707,-9.053549766540527,-0.018811121582984924
1772180378444563000,-0.03803389519453049,0.01258315984159708,-0.8005929589271545,-4.591996669769287,-8.086509704589844,-9.820895195007324,47.6418109045144,-122.14028474403332,122.24922943115234,8.541539192199707,-9.053549766540527,-0.018811121582984924
1772180378456443000,-0.04268159344792366,0.013002273626625538,-0.8582059741020203,-4.872958183288574,-8.726131439208984,-9.785733222961426,47.6418109045144,-122.14028474403332,122.24922943115234,8.541539192199707,-9.053549766540527,-0.018811121582984924
1772180378485269000,-0.04513566195964813,0.014406255446374416,-0.8201013803482056,-4.690638065338135,-8.510454177856445,-9.874064445495605,47.64180190741975,-122.14027318805545,122.25077819824219,7.4927659034729,-9.27480697631836,0.022112712264060974
1772180378505764000,-0.0484318844974041,0.01494455337524414,-0.7791991233825684,-4.424832820892334,-8.170654296875,-9.930886268615723,47.64180190741975,-122.14027318805545,122.25077819824219,7.4927659034729,-9.27480697631836,0.022112712264060974
1772180378530252000,-0.04914397373795509,0.01495161559432745,-0.7988764643669128,-4.523148059844971,-8.5103759765625,-9.968441009521484,47.64180190741975,-122.14027318805545,122.25077819824219,7.4927659034729,-9.27480697631836,0.022112712264060974
1772180378542310000,-0.05048450827598572,0.01645992137491703,-0.8143235445022583,-4.675676345825195,-8.751115798950195,-9.935506820678711,47.64180190741975,-122.14027318805545,122.25077819824219,7.4927659034729,-9.27480697631836,0.022112712264060974
1772180378566745000,-0.04857232794165611,0.016377486288547516,-0.7918655872344971,-4.540645122528076,-8.552361488342285,-9.977701187133789,47.64180190741975,-122.14027318805545,122.25077819824219,7.4927659034729,-9.27480697631836,0.022112712264060974
1772180378578270000,-0.05154094472527504,0.017446449026465416,-0.8515235185623169,-4.869904518127441,-9.292553901672363,-10.000288009643555,47.64180190741975,-122.14027318805545,122.25077819824219,7.4927659034729,-9.27480697631836,0.022112712264060974
1772180378603946000,-0.04009277746081352,0.016197973862290382,-0.7213146090507507,-4.157950401306152,-7.983242988586426,-10.0241060256958,47.64179261505538,-122.14026310635678,122.2536392211914,6.390583515167236,-9.465628623962402,0.022740017622709274
1772180378629526000,-0.043031126260757446,0.016971785575151443,-0.7624712586402893,-4.38191032409668,-8.38029670715332,-10.038928985595703,47.64179261505538,-122.14026310635678,122.2536392211914,6.390583515167236,-9.465628623962402,0.022740017622709274
1772180378641617000,-0.04577188193798065,0.020455820485949516,-0.856291651725769,-4.93338680267334,-9.576221466064453,-10.093123435974121,47.64179261505538,-122.14026310635678,122.2536392211914,6.390583515167236,-9.465628623962402,0.022740017622709274
1772180378667648000,-0.03485012426972389,0.01737930066883564,-0.7256784439086914,-4.186239719390869,-8.0986328125,-10.051522254943848,47.64179261505538,-122.14026310635678,122.2536392211914,6.390583515167236,-9.465628623962402,0.022740017622709274
1772180378685204000,-0.039617374539375305,0.021151192486286163,-0.8215118050575256,-4.763964653015137,-9.233806610107422,-10.125843048095703,47.64179261505538,-122.14026310635678,122.2536392211914,6.390583515167236,-9.465628623962402,0.022740017622709274
1772180378704357000,-0.031000494956970215,0.018839245662093163,-0.7386070489883423,-3.8766770362854004,-8.367201805114746,-10.081992149353027,47.64178398875571,-122.14025531892732,122.25550842285156,5.371192455291748,-9.57242488861084,0.016723010689020157
1772180378729898000,-0.02815256081521511,0.02095005288720131,-0.7777833938598633,-3.9954819679260254,-7.837690830230713,-10.144035339355469,47.64178398875571,-122.14025531892732,122.25550842285156,5.371192455291748,-9.57242488861084,0.016723010689020157
1772180378743340000,-0.021204033866524696,0.020028382539749146,-0.7141746282577515,-3.5739831924438477,-5.60053825378418,-10.190733909606934,47.64178398875571,-122.14025531892732,122.25550842285156,5.371192455291748,-9.57242488861084,0.016723010689020157
1772180378767768000,0.022155215963721275,0.023974064737558365,-0.7523499131202698,-3.440730571746826,0.007045820355415344,-10.204837799072266,47.64178398875571,-122.14025531892732,122.25550842285156,5.371192455291748,-9.57242488861084,0.016723010689020157
1772180378780067000,0.049586597830057144,0.024042362347245216,-0.7039332389831543,-3.2625744342803955,1.3986178636550903,-10.12269115447998,47.64178398875571,-122.14025531892732,122.25550842285156,5.371192455291748,-9.57242488861084,0.016723010689020157
1772180378805853000,0.053531453013420105,0.02378634735941887,-0.5580315589904785,-2.968684673309326,-1.5061391592025757,-10.086618423461914,47.64177539170033,-122.14024870412513,122.2560806274414,4.817999362945557,-9.464771270751953,-0.008036212995648384
1772180378831772000,0.029270175844430923,0.02506256476044655,-0.5216076970100403,-3.0174264907836914,-5.50807523727417,-10.025497436523438,47.64177539170033,-122.14024870412513,122.2560806274414,4.817999362945557,-9.464771270751953,-0.008036212995648384
1772180378843436000,0.03290688246488571,0.017237188294529915,-0.5130470991134644,-3.6642019748687744,-7.35181999206543,-9.63848876953125,47.64177539170033,-122.14024870412513,122.2560806274414,4.817999362945557,-9.464771270751953,-0.008036212995648384
1772180378867797000,0.006755155511200428,0.008051109500229359,-0.45738789439201355,-3.2753469944000244,-8.271787643432617,-9.852071762084961,47.64177539170033,-122.14024870412513,122.2560806274414,4.817999362945557,-9.464771270751953,-0.008036212995648384
1772180378892006000,-0.013380331918597221,0.0014627284836024046,-0.4636995494365692,-3.4924421310424805,-8.928109169006348,-9.887935638427734,47.64177539170033,-122.14024870412513,122.2560806274414,4.817999362945557,-9.464771270751953,-0.008036212995648384
1772180378909165000,-0.02408457174897194,0.0003196223988197744,-0.4695475697517395,-3.5837061405181885,-8.964031219482422,-9.919068336486816,47.64176589314617,-122.14024210835814,122.25544738769531,3.948937177658081,-9.440292358398438,-0.003878628136590123
1772180378930380000,-0.03669534996151924,-0.004005596041679382,-0.4744866192340851,-3.6297121047973633,-8.518147468566895,-9.98093318939209,47.64176589314617,-122.14024210835814,122.25544738769531,3.948937177658081,-9.440292358398438,-0.003878628136590123
1772180378942991000,-0.015213102102279663,0.00666873250156641,-0.4333145320415497,-3.8486125469207764,-7.60711669921875,-9.652480125427246,47.64176589314617,-122.14024210835814,122.25544738769531,3.948937177658081,-9.440292358398438,-0.003878628136590123
1772180378967722000,-0.008096198551356792,0.010840293951332569,-0.49554914236068726,-3.968998670578003,-7.77546501159668,-9.965088844299316,47.64176589314617,-122.14024210835814,122.25544738769531,3.948937177658081,-9.440292358398438,-0.003878628136590123
1772180378992401000,-0.008741693571209908,0.014188040979206562,-0.5349962711334229,-4.108699798583984,-7.428935527801514,-10.009675025939941,47.64176589314617,-122.14024210835814,122.25544738769531,3.948937177658081,-9.440292358398438,-0.003878628136590123
1772180379010603000,-0.007746241986751556,0.012588935904204845,-0.5025187134742737,-3.8185322284698486,-6.582431316375732,-10.007743835449219,47.64175746246657,-122.1402375580229,122.25516510009766,3.058704376220703,-9.373286247253418,0.0031670909374952316
1772180379031608000,-0.00583281135186553,0.013788968324661255,-0.5650286674499512,-4.1039557456970215,-6.733027458190918,-10.034571647644043,47.64175746246657,-122.1402375580229,122.25516510009766,3.058704376220703,-9.373286247253418,0.0031670909374952316
1772180379044941000,-0.004648064728826284,0.012459552846848965,-0.5030038356781006,-3.4773566722869873,-5.711857318878174,-9.964472770690918,47.64175746246657,-122.1402375580229,122.25516510009766,3.058704376220703,-9.373286247253418,0.0031670909374952316
1772180379071549000,-0.0024671799037605524,0.01545505877584219,-0.6062574982643127,-3.911158561706543,-6.531811714172363,-10.031549453735352,47.64175746246657,-122.1402375580229,122.25516510009766,3.058704376220703,-9.373286247253418,0.0031670909374952316
1772180379090130000,-0.0028184745460748672,0.019137807190418243,-0.7172201871871948,-4.4775214195251465,-7.510503768920898,-10.027115821838379,47.64175746246657,-122.1402375580229,122.25516510009766,3.058704376220703,-9.373286247253418,0.0031670909374952316
1772180379096115000,-0.0009503712644800544,0.01762588694691658,-0.6743303537368774,-4.122982978820801,-6.948401927947998,-10.002259254455566,47.64175746246657,-122.1402375580229,122.25516510009766,3.058704376220703,-9.373286247253418,0.0031670909374952316
1772180379132671000,-0.0019364829640835524,0.022313227877020836,-0.8446400761604309,-4.688393592834473,-8.29001522064209,-10.01787281036377,47.64174876738206,-122.14023396499333,122.2557373046875,2.221245765686035,-9.198772430419922,0.000400163815356791
1772180379144991000,-0.0005437886575236917,0.016453269869089127,-0.6856642961502075,-3.7254765033721924,-6.588988780975342,-9.972831726074219,47.64174876738206,-122.14023396499333,122.2557373046875,2.221245765686035,-9.198772430419922,0.000400163815356791
1772180379169598000,-0.002384669380262494,0.018753781914711,-0.7165157198905945,-3.778101921081543,-6.754573345184326,-9.991849899291992,47.64174876738206,-122.14023396499333,122.2557373046875,2.221245765686035,-9.198772430419922,0.000400163815356791
1772180379182885000,-0.0038908496499061584,0.022266630083322525,-0.9053506255149841,-4.6612324714660645,-8.442693710327148,-10.026663780212402,47.64174876738206,-122.14023396499333,122.2557373046875,2.221245765686035,-9.198772430419922,0.000400163815356791
1772180379208202000,-0.004238163121044636,0.022335631772875786,-0.83107590675354,-4.105672836303711,-7.648410320281982,-9.983377456665039,47.64174876738206,-122.14023396499333,122.2557373046875,2.221245765686035,-9.198772430419922,0.000400163815356791
1772180379231355000,-0.003994348458945751,0.021005332469940186,-0.9007383584976196,-4.318321228027344,-8.186144828796387,-10.012022972106934,47.641739695386626,-122.14023143284683,122.25550079345703,1.303234577178955,-8.961429595947266,0.0012026631738990545
1772180379243417000,-0.004380521364510059,0.021084390580654144,-0.8298095464706421,-3.977796792984009,-7.486108303070068,-9.978863716125488,47.641739695386626,-122.14023143284683,122.25550079345703,1.303234577178955,-8.961429595947266,0.0012026631738990545
1772180379270699000,-0.00450853118672967,0.01829773187637329,-0.7336537837982178,-3.411513328552246,-6.485751152038574,-9.930806159973145,47.641739695386626,-122.14023143284683,122.25550079345703,1.303234577178955,-8.961429595947266,0.0012026631738990545
1772180379282538000,-0.006623853929340839,0.025117546319961548,-0.9378443956375122,-4.24971342086792,-8.31766128540039,-9.989070892333984,47.641739695386626,-122.14023143284683,122.25550079345703,1.303234577178955,-8.961429595947266,0.0012026631738990545
1772180379306250000,-0.004652418661862612,0.024087412282824516,-0.88052898645401,-3.930474281311035,-7.711827278137207,-9.9573974609375,47.641739695386626,-122.14023143284683,122.25550079345703,1.303234577178955,-8.961429595947266,0.0012026631738990545
1772180379319144000,-0.00801807176321745,0.023071782663464546,-0.913030207157135,-4.030889511108398,-7.910053730010986,-9.967207908630371,47.641739695386626,-122.14023143284683,122.25550079345703,1.303234577178955,-8.961429595947266,0.0012026631738990545
1772180379343916000,-0.0060012927278876305,0.02295534498989582,-0.8883287310600281,-3.842872381210327,-7.65333890914917,-9.981696128845215,47.641730974728354,-122.14023028739584,122.25625610351562,0.37128737568855286,-8.658573150634766,0.002627479610964656
1772180379368549000,-0.004201311152428389,0.02286173775792122,-0.853938102722168,-3.3621675968170166,-6.005588531494141,-10.0648193359375,47.641730974728354,-122.14023028739584,122.25625610351562,0.37128737568855286,-8.658573150634766,0.002627479610964656
1772180379393948000,0.011727472767233849,0.024280548095703125,-0.8797526955604553,-2.781141996383667,-2.0658886432647705,-10.131400108337402,47.641730974728354,-122.14023028739584,122.25625610351562,0.37128737568855286,-8.658573150634766,0.002627479610964656
1772180379406819000,0.0322500616312027,0.025315776467323303,-0.8449108600616455,-2.2763941287994385,0.1279168576002121,-10.061095237731934,47.641730974728354,-122.14023028739584,122.25625610351562,0.37128737568855286,-8.658573150634766,0.002627479610964656
1772180379419729000,0.054203711450099945,0.021663721650838852,-0.8267386555671692,4.05975866317749,1.0820022821426392,-10.062254905700684,47.641730974728354,-122.14023028739584,122.25625610351562,0.37128737568855286,-8.658573150634766,0.002627479610964656
1772180379444224000,0.08515245467424393,0.004285098984837532,-0.7581891417503357,10.073275566101074,1.7454761266708374,-9.952804565429688,47.64172327241514,-122.14023021074763,122.2552261352539,0.009987089782953262,-8.607813835144043,-0.01420016773045063
1772180379469337000,0.07954626530408859,-0.006413239054381847,-0.6734662652015686,9.968056678771973,0.2867644131183624,-9.95301342010498,47.64172327241514,-122.14023021074763,122.2552261352539,0.009987089782953262,-8.607813835144043,-0.01420016773045063
1772180379482036000,0.0867946669459343,-0.01481377799063921,-0.7298266887664795,10.999821662902832,-0.27813848853111267,-9.964546203613281,47.64172327241514,-122.14023021074763,122.2552261352539,0.009987089782953262,-8.607813835144043,-0.01420016773045063
1772180379507126000,0.08709517121315002,-0.01524597592651844,-0.6748124957084656,10.25232982635498,-1.7150816917419434,-9.394465446472168,47.64172327241514,-122.14023021074763,122.2552261352539,0.009987089782953262,-8.607813835144043,-0.01420016773045063
1772180379530759000,0.0800749883055687,-0.01120060309767723,-0.6707382202148438,10.820680618286133,-2.4414405822753906,-9.676566123962402,47.64172327241514,-122.14023021074763,122.2552261352539,0.009987089782953262,-8.607813835144043,-0.01420016773045063
1772180379554994000,0.05782456696033478,-0.010003982111811638,-0.5787513852119446,9.560696601867676,-2.7843291759490967,-9.771644592285156,47.641713938056384,-122.14023020569023,122.25322723388672,-0.12738044559955597,-9.786869049072266,-0.008400607854127884
1772180379567309000,0.05954717472195625,-0.008643562905490398,-0.665448784828186,11.1935453414917,-3.631808042526245,-9.750134468078613,47.641713938056384,-122.14023020569023,122.25322723388672,-0.12738044559955597,-9.786869049072266,-0.008400607854127884
1772180379592396000,0.03697484731674194,-0.005156510975211859,-0.5674625635147095,9.867085456848145,-3.7087931632995605,-9.757750511169434,47.641713938056384,-122.14023020569023,122.25322723388672,-0.12738044559955597,-9.786869049072266,-0.008400607854127884
1772180379616955000,0.022455627098679543,-0.004253234714269638,-0.5954701900482178,10.726980209350586,-4.329684257507324,-9.792073249816895,47.641713938056384,-122.14023020569023,122.25322723388672,-0.12738044559955597,-9.786869049072266,-0.008400607854127884
1772180379629651000,0.01371580921113491,-0.0006438667187467217,-0.48789656162261963,8.898860931396484,-3.775669813156128,-9.818580627441406,47.641713938056384,-122.14023020569023,122.25322723388672,-0.12738044559955597,-9.786869049072266,-0.008400607854127884
1772180379642556000,0.008553939871490002,-0.001432626391761005,-0.530822217464447,9.831249237060547,-4.402927875518799,-9.841651916503906,47.641713938056384,-122.14023020569023,122.25322723388672,-0.12738044559955597,-9.786869049072266,-0.008400607854127884
1772180379666948000,-0.003961923066526651,0.0019910160917788744,-0.5317217111587524,10.304692268371582,-4.801609039306641,-9.897457122802734,47.64170363294238,-122.14023080234139,122.25309753417969,-0.6678805351257324,-10.842977523803711,0.004312466364353895
1772180379689905000,-0.011149412021040916,0.005428622476756573,-0.49174803495407104,9.926351547241211,-4.965851783752441,-9.870941162109375,47.64170363294238,-122.14023080234139,122.25309753417969,-0.6678805351257324,-10.842977523803711,0.004312466364353895
1772180379715116000,-0.01630261354148388,0.005061290226876736,-0.3895317018032074,8.165746688842773,-4.3104119300842285,-9.893532752990723,47.64170363294238,-122.14023080234139,122.25309753417969,-0.6678805351257324,-10.842977523803711,0.004312466364353895
1772180379727536000,-0.023941645398736,0.007441435940563679,-0.4727006256580353,10.141066551208496,-5.478166580200195,-9.907774925231934,47.64170363294238,-122.14023080234139,122.25309753417969,-0.6678805351257324,-10.842977523803711,0.004312466364353895
1772180379752527000,-0.025075485929846764,0.008052312768995762,-0.40565481781959534,9.217487335205078,-5.042397499084473,-9.92624568939209,47.64170363294238,-122.14023080234139,122.25309753417969,-0.6678805351257324,-10.842977523803711,0.004312466364353895
1772180379777478000,-0.029632683843374252,0.009174201637506485,-0.4014451503753662,9.710891723632812,-5.367212772369385,-9.93625259399414,47.64169235902498,-122.14023235433672,122.253662109375,-1.36745023727417,-11.789457321166992,0.006625504232943058
1772180379790697000,-0.0255750622600317,0.008096522651612759,-0.335197389125824,8.33078670501709,-4.598784923553467,-9.941492080688477,47.64169235902498,-122.14023235433672,122.253662109375,-1.36745023727417,-11.789457321166992,0.006625504232943058
1772180379817867000,-0.029363777488470078,0.009096617810428143,-0.33201661705970764,9.011033058166504,-4.926615238189697,-9.958700180053711,47.64169235902498,-122.14023235433672,122.253662109375,-1.36745023727417,-11.789457321166992,0.006625504232943058
1772180379831026000,-0.02799898386001587,0.011311485432088375,-0.32024139165878296,9.032756805419922,-4.915375709533691,-9.939701080322266,47.64169235902498,-122.14023235433672,122.253662109375,-1.36745023727417,-11.789457321166992,0.006625504232943058
1772180379856262000,-0.03100603073835373,0.010855346918106079,-0.29825764894485474,8.660863876342773,-5.665590286254883,-9.959118843078613,47.64169235902498,-122.14023235433672,122.253662109375,-1.36745023727417,-11.789457321166992,0.006625504232943058
1772180379874416000,-0.038297075778245926,0.013638127595186234,-0.2857329547405243,7.4964213371276855,-6.7699151039123535,-9.968600273132324,47.64168093743916,-122.14023481112444,122.25459289550781,-2.0949528217315674,-12.584556579589844,0.004310740623623133
1772180379891195000,-0.06041398271918297,0.021865345537662506,-0.2541954219341278,5.034271717071533,-8.825772285461426,-9.949358940124512,47.64168093743916,-122.14023481112444,122.25459289550781,-2.0949528217315674,-12.584556579589844,0.004310740623623133
1772180379917045000,-0.06952226907014847,0.024391304701566696,-0.208940327167511,2.946934938430786,-8.024181365966797,-10.016738891601562,47.64168093743916,-122.14023481112444,122.25459289550781,-2.0949528217315674,-12.584556579589844,0.004310740623623133
1772180379928939000,-0.09486686438322067,0.035940349102020264,-0.2525513172149658,2.619028091430664,-9.82586669921875,-10.016785621643066,47.64168093743916,-122.14023481112444,122.25459289550781,-2.0949528217315674,-12.584556579589844,0.004310740623623133
1772180379954111000,-0.09112447500228882,0.035551659762859344,-0.23720425367355347,0.8404144644737244,-8.13064193725586,-10.139503479003906,47.64168093743916,-122.14023481112444,122.25459289550781,-2.0949528217315674,-12.584556579589844,0.004310740623623133
1772180379966447000,-0.10698184370994568,0.04429091513156891,-0.2855544686317444,0.2342548370361328,-9.03042984008789,-10.173775672912598,47.64168093743916,-122.14023481112444,122.25459289550781,-2.0949528217315674,-12.584556579589844,0.004310740623623133
1772180379991743000,-0.018845871090888977,0.01751920022070408,-0.23818828165531158,-2.4316904544830322,-6.941689491271973,-9.010725975036621,47.64166839582848,-122.14023876087602,122.25533294677734,-3.1062874794006348,-12.638651847839355,-0.0029087760485708714
1772180380016262000,-0.004795941058546305,0.011847972869873047,-0.26477569341659546,-1.4554164409637451,-5.134177207946777,-10.150857925415039,47.64166839582848,-122.14023876087602,122.25533294677734,-3.1062874794006348,-12.638651847839355,-0.0029087760485708714
1772180380029358000,0.0028868750669062138,0.015604368411004543,-0.3608638346195221,-1.9015977382659912,-3.881119966506958,-10.218558311462402,47.64166839582848,-122.14023876087602,122.25533294677734,-3.1062874794006348,-12.638651847839355,-0.0029087760485708714
1772180380054725000,0.058877285569906235,0.016669433563947678,-0.30659615993499756,-2.2105531692504883,2.9786617755889893,-10.092215538024902,47.64166839582848,-122.14023876087602,122.25533294677734,-3.1062874794006348,-12.638651847839355,-0.0029087760485708714
1772180380078853000,0.08078513294458389,0.01763910800218582,-0.2661609649658203,-2.8007619380950928,0.2699102759361267,-10.06036376953125,47.64166839582848,-122.14023876087602,122.25533294677734,-3.1062874794006348,-12.638651847839355,-0.0029087760485708714
1772180380099028000,0.078287772834301,0.01707008108496666,-0.25284138321876526,-3.0490076541900635,-0.7012141346931458,-10.057367324829102,47.64165575458212,-122.14024376989258,122.25508880615234,-3.325201988220215,-12.329166412353516,-0.012173550203442574
1772180380104393000,0.060128118842840195,0.01595359854400158,-0.1994137167930603,-2.719097137451172,-1.0364140272140503,-9.999208450317383,47.64165575458212,-122.14024376989258,122.25508880615234,-3.325201988220215,-12.329166412353516,-0.012173550203442574
1772180380129681000,0.05487753450870514,0.019511016085743904,-0.19215251505374908,-3.1873457431793213,-1.7611401081085205,-9.922966957092285,47.64165575458212,-122.14024376989258,122.25508880615234,-3.325201988220215,-12.329166412353516,-0.012173550203442574
1772180380155109000,0.05646057799458504,0.016485972329974174,-0.15719276666641235,-3.2489614486694336,-1.6095527410507202,-9.679442405700684,47.64165575458212,-122.14024376989258,122.25508880615234,-3.325201988220215,-12.329166412353516,-0.012173550203442574
1772180380179848000,0.06262006610631943,0.014537354931235313,-0.13381683826446533,-3.290133476257324,-1.8610137701034546,-9.788402557373047,47.64165575458212,-122.14024376989258,122.25508880615234,-3.325201988220215,-12.329166412353516,-0.012173550203442574
1772180380197514000,0.06353076547384262,0.013404427096247673,-0.13103455305099487,-3.5340416431427,-1.9484801292419434,-9.807968139648438,47.64165575458212,-122.14024376989258,122.25508880615234,-3.325201988220215,-12.329166412353516,-0.012173550203442574
1772180380216272000,0.06682360172271729,0.011015336029231548,-0.12513324618339539,-3.972564697265625,-1.9565223455429077,-9.82048225402832,47.64164351071173,-122.14024882363776,122.25322723388672,-3.4272308349609375,-11.910951614379883,-0.015551473945379257
1772180380228782000,0.054330140352249146,0.010333985090255737,-0.09761952608823776,-3.4105355739593506,-1.5462512969970703,-9.777190208435059,47.64164351071173,-122.14024882363776,122.25322723388672,-3.4272308349609375,-11.910951614379883,-0.015551473945379257
1772180380255180000,0.05053365230560303,0.00961949210613966,-0.08090754598379135,-3.3371071815490723,-1.3423587083816528,-9.807432174682617,47.64164351071173,-122.14024882363776,122.25322723388672,-3.4272308349609375,-11.910951614379883,-0.015551473945379257
1772180380280535000,0.053560830652713776,0.008207747712731361,-0.07625926285982132,-3.754187822341919,-1.3240094184875488,-9.793054580688477,47.64164351071173,-122.14024882363776,122.25322723388672,-3.4272308349609375,-11.910951614379883,-0.015551473945379257
1772180380298692000,0.04657388851046562,0.008145526051521301,-0.06074463948607445,-3.2995800971984863,-1.0280301570892334,-9.778461456298828,47.64164351071173,-122.14024882363776,122.25322723388672,-3.4272308349609375,-11.910951614379883,-0.015551473945379257
1772180380305461000,0.043994564563035965,0.008868532255291939,-0.05603368580341339,-3.230846881866455,-0.9115548729896545,-9.810440063476562,47.64163293492118,-122.14025344382391,122.25121307373047,-3.4652624130249023,-11.532551765441895,-0.013050595298409462
1772180380329481000,0.04176507517695427,0.008194240741431713,-0.04228227585554123,-3.1093947887420654,-0.7767513990402222,-9.705949783325195,47.64163293492118,-122.14025344382391,122.25121307373047,-3.4652624130249023,-11.532551765441895,-0.013050595298409462
1772180380354564000,0.038647230714559555,0.008049258962273598,-0.03740086778998375,-3.1711387634277344,-0.5848433971405029,-9.752662658691406,47.64163293492118,-122.14025344382391,122.25121307373047,-3.4652624130249023,-11.532551765441895,-0.013050595298409462
1772180380378863000,0.04481976851820946,0.008223150856792927,-0.0355750136077404,-3.669921875,-0.5503479838371277,-9.753252983093262,47.64163293492118,-122.14025344382391,122.25121307373047,-3.4652624130249023,-11.532551765441895,-0.013050595298409462
1772180380391804000,0.03791426494717598,0.007071241736412048,-0.02713090181350708,-3.0895349979400635,-0.429598867893219,-9.781081199645996,47.64163293492118,-122.14025344382391,122.25121307373047,-3.4652624130249023,-11.532551765441895,-0.013050595298409462
1772180380416223000,0.0370749831199646,0.0076595935970544815,-0.020261194556951523,-3.1084940433502197,-0.3410376012325287,-9.77420425415039,47.64162291548599,-122.14025795363277,122.25032806396484,-3.4324944019317627,-11.190885543823242,-0.010216904804110527
1772180380440919000,0.031171564012765884,0.0067237364128232,-0.013893766328692436,-2.9091787338256836,-0.27818331122398376,-9.78223991394043,47.64162291548599,-122.14025795363277,122.25032806396484,-3.4324944019317627,-11.190885543823242,-0.010216904804110527
1772180380453140000,0.03609783574938774,0.005968863610178232,-0.015613604336977005,-3.347641944885254,-0.2953665554523468,-9.807283401489258,47.64162291548599,-122.14025795363277,122.25032806396484,-3.4324944019317627,-11.190885543823242,-0.010216904804110527
1772180380477589000,0.037041109055280685,0.007152320351451635,-0.011278847232460976,-3.5820846557617188,-0.20111389458179474,-9.806877136230469,47.64162291548599,-122.14025795363277,122.25032806396484,-3.4324944019317627,-11.190885543823242,-0.010216904804110527
1772180380502391000,0.03703273832798004,0.007624413352459669,-0.007019199896603823,-3.503852367401123,-0.1659741848707199,-9.84274673461914,47.64162291548599,-122.14025795363277,122.25032806396484,-3.4324944019317627,-11.190885543823242,-0.010216904804110527
1772180380502391000,0.03703273832798004,0.007624413352459669,-0.007019199896603823,-3.503852367401123,-0.1659741848707199,-9.84274673461914,47.64162291548599,-122.14025795363277,122.25032806396484,-3.4324944019317627,-11.190885543823242,-0.010216904804110527
1772180380538684000,0.004706024657934904,-1.8730643205344677e-06,-0.0023287504445761442,-3.085254669189453,0.08591552078723907,-9.565364837646484,47.6416119569046,-122.14026295838158,122.24906158447266,-3.350736618041992,-10.828207015991211,-0.006763095501810312
1772180380552064000,0.00158296013250947,-0.0007552943425253034,-0.0007355088600888848,-4.150989055633545,0.06169496849179268,-9.748577117919922,47.6416119569046,-122.14026295838158,122.24906158447266,-3.350736618041992,-10.828207015991211,-0.006763095501810312
1772180380579381000,0.00045782915549352765,-0.0002672154223546386,0.00012214353773742914,-3.228771924972534,0.013867920264601707,-9.814142227172852,47.6416119569046,-122.14026295838158,122.24906158447266,-3.350736618041992,-10.828207015991211,-0.006763095501810312
1772180380592223000,0.0005861665704287589,7.146934513002634e-05,-0.0001356093998765573,-3.1953341960906982,0.030810777097940445,-9.788378715515137,47.6416119569046,-122.14026295838158,122.24906158447266,-3.350736618041992,-10.828207015991211,-0.006763095501810312
1772180380604484000,0.0014296779409050941,0.0002389238215982914,0.0008039209642447531,-3.353834867477417,-0.016690203920006752,-9.878249168395996,47.6416119569046,-122.14026295838158,122.24906158447266,-3.350736618041992,-10.828207015991211,-0.006763095501810312
1772180380631065000,1.3646971638081595e-05,-0.0013876319862902164,0.000249833392444998,-2.902491807937622,0.022533124312758446,-9.81718635559082,47.64160102306232,-122.14026797635898,122.24959564208984,-3.237995147705078,-10.464423179626465,-0.000501446716953069
1772180380655815000,-0.0005238876328803599,-0.00045277769095264375,-0.0006151729030534625,-3.306946277618408,0.017388656735420227,-9.830131530761719,47.64160102306232,-122.14026797635898,122.24959564208984,-3.237995147705078,-10.464423179626465,-0.000501446716953069
1772180380680124000,0.0033877999521791935,-0.00044960714876651764,0.017787910997867584,-2.7474539279937744,2.727281332015991,-9.751473426818848,47.64160102306232,-122.14026797635898,122.24959564208984,-3.237995147705078,-10.464423179626465,-0.000501446716953069
1772180380692607000,0.013871416449546814,-0.004651706200093031,0.055447857826948166,-4.078164577484131,5.092597007751465,-9.750280380249023,47.64160102306232,-122.14026797635898,122.24959564208984,-3.237995147705078,-10.464423179626465,-0.000501446716953069
1772180380706109000,0.011450168676674366,-0.0027919348794966936,0.054962679743766785,-2.693708896636963,3.583665609359741,-9.796144485473633,47.64160102306232,-122.14026797635898,122.24959564208984,-3.237995147705078,-10.464423179626465,-0.000501446716953069
1772180380742284000,0.031972918659448624,-0.007583718281239271,0.1715202033519745,-3.508237361907959,5.07094144821167,-9.776307106018066,47.64159042898737,-122.14027262525452,122.24916076660156,-2.7999050617218018,-10.215176582336426,0.0042513650842010975
1772180380755445000,0.03630010411143303,-0.008834105916321278,0.21469783782958984,-3.665234327316284,5.391606330871582,-9.799555778503418,47.64159042898737,-122.14027262525452,122.24916076660156,-2.7999050617218018,-10.215176582336426,0.0042513650842010975
1772180380780436000,0.042351268231868744,-0.010994701646268368,0.29600510001182556,-3.8055601119995117,5.5148773193359375,-9.809195518493652,47.64159042898737,-122.14027262525452,122.24916076660156,-2.7999050617218018,-10.215176582336426,0.0042513650842010975
1772180380792187000,0.042758263647556305,-0.011531439609825611,0.2994082272052765,-3.3361973762512207,5.0090012550354,-9.806960105895996,47.64159042898737,-122.14027262525452,122.24916076660156,-2.7999050617218018,-10.215176582336426,0.0042513650842010975
1772180380816821000,0.04409869760274887,-0.010031282901763916,0.3493938148021698,-3.2804107666015625,4.791359901428223,-9.82403564453125,47.64159042898737,-122.14027262525452,122.24916076660156,-2.7999050617218018,-10.215176582336426,0.0042513650842010975
1772180380841406000,0.05241261050105095,-0.013556834310293198,0.4594230651855469,-3.7536096572875977,5.436737537384033,-9.816143035888672,47.64159042898737,-122.14027262525452,122.24916076660156,-2.7999050617218018,-10.215176582336426,0.0042513650842010975
1772180380855074000,0.051019515842199326,-0.0109980758279562,0.45396798849105835,-3.5514345169067383,5.043804168701172,-9.846049308776855,47.641580473705446,-122.14027616478235,122.2502212524414,-2.127633810043335,-9.987788200378418,0.006123776081949472
1772180380880062000,0.06767170131206512,-0.01395354326814413,0.6433758735656738,-4.455094337463379,6.632654666900635,-9.841320991516113,47.641580473705446,-122.14027616478235,122.2502212524414,-2.127633810043335,-9.987788200378418,0.006123776081949472
1772180380903508000,0.06980952620506287,-0.013584916479885578,0.6962301135063171,-4.382586479187012,6.942359447479248,-9.889906883239746,47.641580473705446,-122.14027616478235,122.2502212524414,-2.127633810043335,-9.987788200378418,0.006123776081949472
1772180380916672000,0.06254350394010544,-0.013627523556351662,0.6720243692398071,-4.030605316162109,6.632131576538086,-9.852766036987305,47.641580473705446,-122.14027616478235,122.2502212524414,-2.127633810043335,-9.987788200378418,0.006123776081949472
1772180380941642000,0.06911610811948776,-0.006643303204327822,0.7213640809059143,-4.010345935821533,6.989020824432373,-9.879135131835938,47.641580473705446,-122.14027616478235,122.2502212524414,-2.127633810043335,-9.987788200378418,0.006123776081949472
1772180380964897000,0.08216439932584763,-0.011234242469072342,0.8856543302536011,-4.618834972381592,8.483092308044434,-9.952856063842773,47.641570441578196,-122.14027868171497,122.2505111694336,-1.301018476486206,-9.708735466003418,0.0050688087940216064
1772180380976397000,0.05940691754221916,-0.006576875224709511,0.6510955691337585,-3.345977783203125,6.201858997344971,-9.934651374816895,47.641570441578196,-122.14027868171497,122.2505111694336,-1.301018476486206,-9.708735466003418,0.0050688087940216064
1772180381000948000,0.06996399909257889,-0.008016434498131275,0.7505905628204346,-3.801462411880493,7.154147624969482,-9.923874855041504,47.641570441578196,-122.14027868171497,122.2505111694336,-1.301018476486206,-9.708735466003418,0.0050688087940216064
1772180381024763000,0.0375930480659008,0.011369885876774788,0.8433283567428589,-4.710773944854736,8.131034851074219,-9.638373374938965,47.641570441578196,-122.14027868171497,122.2505111694336,-1.301018476486206,-9.708735466003418,0.0050688087940216064
1772180381042820000,0.031822994351387024,0.01313515193760395,0.7604818344116211,-3.9702370166778564,7.281222820281982,-9.81678581237793,47.641570441578196,-122.14027868171497,122.2505111694336,-1.301018476486206,-9.708735466003418,0.0050688087940216064
1772180381060605000,0.03755633160471916,0.015674224123358727,0.8702290058135986,-4.364459991455078,8.224425315856934,-9.93942928314209,47.641570441578196,-122.14027868171497,122.2505111694336,-1.301018476486206,-9.708735466003418,0.0050688087940216064
1772180381084715000,0.035427674651145935,0.015607262961566448,0.8455179929733276,-4.121431827545166,7.945078372955322,-9.906533241271973,47.64156130672881,-122.1402798083785,122.25173950195312,-0.4114837646484375,-9.377310752868652,0.016679774969816208
1772180381097420000,0.035200003534555435,0.01602037437260151,0.8456302285194397,-4.077778339385986,7.906733512878418,-9.958860397338867,47.64156130672881,-122.1402798083785,122.25173950195312,-0.4114837646484375,-9.377310752868652,0.016679774969816208
1772180381122788000,0.035155218094587326,0.01906699873507023,0.8746742010116577,-4.131560802459717,8.085291862487793,-9.936543464660645,47.64156130672881,-122.1402798083785,122.25173950195312,-0.4114837646484375,-9.377310752868652,0.016679774969816208
1772180381134606000,0.03447787091135979,0.017482275143265724,0.8407437801361084,-3.9210574626922607,7.698395252227783,-9.997607231140137,47.64156130672881,-122.1402798083785,122.25173950195312,-0.4114837646484375,-9.377310752868652,0.016679774969816208
1772180381159892000,0.028993675485253334,0.017519071698188782,0.8015109300613403,-3.727536678314209,7.30984354019165,-10.043843269348145,47.64156130672881,-122.1402798083785,122.25173950195312,-0.4114837646484375,-9.377310752868652,0.016679774969816208
1772180381183791000,0.0356937013566494,0.02181858941912651,0.9820102453231812,-4.403496265411377,8.873677253723145,-10.03586196899414,47.64155212346895,-122.14027963049564,122.25383758544922,0.5178733468055725,-8.964468002319336,0.014907249249517918
1772180381196568000,0.027786901220679283,0.01804213784635067,0.8125401735305786,-3.6247618198394775,7.268008708953857,-10.033292770385742,47.64155212346895,-122.14027963049564,122.25383758544922,0.5178733468055725,-8.964468002319336,0.014907249249517918
1772180381220486000,0.031722426414489746,0.02404709719121456,0.9746283888816833,-4.273006439208984,8.676380157470703,-10.054588317871094,47.64155212346895,-122.14027963049564,122.25383758544922,0.5178733468055725,-8.964468002319336,0.014907249249517918
1772180381244625000,0.026654571294784546,0.022183600813150406,0.8886394500732422,-3.8321945667266846,7.816340446472168,-10.016592025756836,47.64155212346895,-122.14027963049564,122.25383758544922,0.5178733468055725,-8.964468002319336,0.014907249249517918
1772180381263126000,0.026267733424901962,0.024754339829087257,0.9789077639579773,-4.205906867980957,8.596657752990723,-10.051528930664062,47.64155212346895,-122.14027963049564,122.25383758544922,0.5178733468055725,-8.964468002319336,0.014907249249517918
1772180381281372000,0.02634669654071331,0.027729567140340805,1.0295709371566772,-4.338938236236572,8.956578254699707,-10.048073768615723,47.64155212346895,-122.14027963049564,122.25383758544922,0.5178733468055725,-8.964468002319336,0.014907249249517918
1772180381305074000,0.02381357178092003,0.02542039379477501,1.0494424104690552,-4.386267185211182,9.054328918457031,-10.076650619506836,47.64154362357065,-122.14027814867362,122.25563049316406,1.395646333694458,-8.48474407196045,0.01007161382585764
1772180381316964000,0.01928059756755829,0.022534362971782684,0.8707098960876465,-3.5976717472076416,7.456642150878906,-10.059056282043457,47.64154362357065,-122.14027814867362,122.25563049316406,1.395646333694458,-8.48474407196045,0.01007161382585764
1772180381341866000,0.0163568202406168,0.02301780693233013,0.8916175961494446,-3.6178996562957764,7.545620441436768,-10.075675964355469,47.64154362357065,-122.14027814867362,122.25563049316406,1.395646333694458,-8.48474407196045,0.01007161382585764
1772180381360431000,0.01778271235525608,0.026535112410783768,0.9935809969902039,-4.04307746887207,8.39720630645752,-10.048723220825195,47.64154362357065,-122.14027814867362,122.25563049316406,1.395646333694458,-8.48474407196045,0.01007161382585764
1772180381377288000,0.016486160457134247,0.02826778218150139,1.0911409854888916,-4.3406291007995605,9.18519401550293,-10.087014198303223,47.64154362357065,-122.14027814867362,122.25563049316406,1.395646333694458,-8.48474407196045,0.01007161382585764
1772180381401225000,0.012945408001542091,0.024363452568650246,0.9001604318618774,-3.525418281555176,7.459000110626221,-10.048855781555176,47.64153563377552,-122.14027543804438,122.2557373046875,2.222367763519287,-7.928336143493652,0.005555920302867889
1772180381425920000,0.010121116414666176,0.024879418313503265,0.8960282206535339,-3.5007386207580566,7.3080973625183105,-10.08680534362793,47.64153563377552,-122.14027543804438,122.2557373046875,2.222367763519287,-7.928336143493652,0.005555920302867889
1772180381438164000,0.010401107370853424,0.027225028723478317,1.002867579460144,-3.9012484550476074,8.157228469848633,-10.026485443115234,47.64153563377552,-122.14027543804438,122.2557373046875,2.222367763519287,-7.928336143493652,0.005555920302867889
1772180381463195000,0.007974921725690365,0.027130769565701485,1.0172889232635498,-3.873258113861084,8.256285667419434,-10.06128978729248,47.64153563377552,-122.14027543804438,122.2557373046875,2.222367763519287,-7.928336143493652,0.005555920302867889
1772180381487517000,0.008218531496822834,0.029950903728604317,1.0985482931137085,-4.100970268249512,8.79965591430664,-10.062560081481934,47.64153563377552,-122.14027543804438,122.2557373046875,2.222367763519287,-7.928336143493652,0.005555920302867889
1772180381500434000,0.0073529500514268875,0.02817784808576107,0.9642612338066101,-3.627920150756836,7.62359619140625,-10.017130851745605,47.64153563377552,-122.14027543804438,122.2557373046875,2.222367763519287,-7.928336143493652,0.005555920302867889
1772180381525080000,0.005329134874045849,0.030443843454122543,1.0511411428451538,-3.8808040618896484,8.244376182556152,-10.027515411376953,47.641528128785474,-122.14027152582818,122.25597381591797,2.9875359535217285,-7.293261528015137,0.0019350122893229127
1772180381537442000,0.0046883984468877316,0.029212430119514465,1.0233955383300781,-3.75040602684021,7.979280471801758,-10.039009094238281,47.641528128785474,-122.14027152582818,122.25597381591797,2.9875359535217285,-7.293261528015137,0.0019350122893229127
1772180381550087000,0.006147630512714386,0.028444921597838402,1.0106450319290161,-3.653899908065796,7.835309028625488,-10.027663230895996,47.641528128785474,-122.14027152582818,122.25597381591797,2.9875359535217285,-7.293261528015137,0.0019350122893229127
1772180381573964000,0.0021237090695649385,0.029539233073592186,1.0410710573196411,-3.6992478370666504,7.961240768432617,-9.950580596923828,47.641528128785474,-122.14027152582818,122.25597381591797,2.9875359535217285,-7.293261528015137,0.0019350122893229127
1772180381599116000,0.0028786733746528625,0.027610398828983307,0.9592450261116028,-3.355534791946411,7.236687183380127,-10.040308952331543,47.641528128785474,-122.14027152582818,122.25597381591797,2.9875359535217285,-7.293261528015137,0.0019350122893229127
1772180381623740000,-0.0028305095620453358,0.030871836468577385,1.067223310470581,-3.4495997428894043,6.6848225593566895,-10.077082633972168,47.641521200076994,-122.14026649164155,122.25611114501953,3.657555103302002,-6.600531578063965,-0.001805560546927154
1772180381647563000,-0.02197267860174179,0.03185232728719711,1.0858612060546875,-2.5404653549194336,1.9892293214797974,-10.194031715393066,47.641521200076994,-122.14026649164155,122.25611114501953,3.657555103302002,-6.600531578063965,-0.001805560546927154
1772180381659861000,-0.033655669540166855,0.027353910729289055,0.9033121466636658,-1.86696195602417,0.21585813164710999,-10.076817512512207,47.641521200076994,-122.14026649164155,122.25611114501953,3.657555103302002,-6.600531578063965,-0.001805560546927154
1772180381683268000,-0.07678298652172089,0.02985340729355812,0.8955270051956177,-1.7392953634262085,-1.7424057722091675,-10.002124786376953,47.641521200076994,-122.14026649164155,122.25611114501953,3.657555103302002,-6.600531578063965,-0.001805560546927154
1772180381707431000,-0.10111834108829498,0.026156563311815262,0.7322805523872375,-1.7456833124160767,-2.4749841690063477,-9.927075386047363,47.641521200076994,-122.14026649164155,122.25611114501953,3.657555103302002,-6.600531578063965,-0.001805560546927154
1772180381719300000,-0.10951781272888184,0.024698304012417793,0.6853369474411011,-1.8278934955596924,-1.7913551330566406,-9.926703453063965,47.641521200076994,-122.14026649164155,122.25611114501953,3.657555103302002,-6.600531578063965,-0.001805560546927154
1772180381744907000,-0.08265843987464905,0.021644046530127525,0.5262143611907959,-1.8034100532531738,0.6837428212165833,-9.867361068725586,47.64151489297921,-122.14026124034675,122.25435638427734,3.5512607097625732,-6.418130874633789,-0.024273144081234932
1772180381757214000,-0.09315475076436996,0.029175661504268646,0.6457853317260742,-2.4336085319519043,2.1289737224578857,-9.964024543762207,47.64151489297921,-122.14026124034675,122.25435638427734,3.5512607097625732,-6.418130874633789,-0.024273144081234932
1772180381782284000,-0.031700730323791504,0.026241721585392952,0.5028302073478699,-2.046645402908325,5.302116394042969,-9.973554611206055,47.64151489297921,-122.14026124034675,122.25435638427734,3.5512607097625732,-6.418130874633789,-0.024273144081234932
1772180381795165000,-0.032591599971055984,0.015725689008831978,0.44884562492370605,-2.163787364959717,6.017615795135498,-9.502799034118652,47.64151489297921,-122.14026124034675,122.25435638427734,3.5512607097625732,-6.418130874633789,-0.024273144081234932
1772180381819195000,-0.021046148613095284,0.006430212873965502,0.46629828214645386,-2.4538462162017822,8.291184425354004,-9.588618278503418,47.64151489297921,-122.14026124034675,122.25435638427734,3.5512607097625732,-6.418130874633789,-0.024273144081234932
1772180381844421000,0.0047288513742387295,-0.001851842156611383,0.39792802929878235,-2.2691855430603027,7.099977970123291,-9.739209175109863,47.64150869470298,-122.14025572501147,122.25192260742188,3.9406898021698,-5.877956390380859,-0.009170209057629108
1772180381869802000,0.021830905228853226,-0.00563894072547555,0.4259183704853058,-2.4873266220092773,6.962552070617676,-9.825297355651855,47.64150869470298,-122.14025572501147,122.25192260742188,3.9406898021698,-5.877956390380859,-0.009170209057629108
1772180381882772000,0.029510580003261566,-0.006566299591213465,0.45630282163619995,-2.6400539875030518,6.990164756774902,-9.910338401794434,47.64150869470298,-122.14025572501147,122.25192260742188,3.9406898021698,-5.877956390380859,-0.009170209057629108
1772180381894983000,0.03239795193076134,-0.00809822790324688,0.4651711583137512,-2.6850240230560303,6.612028121948242,-9.906229019165039,47.64150869470298,-122.14025572501147,122.25192260742188,3.9406898021698,-5.877956390380859,-0.009170209057629108
1772180381919840000,0.03672501817345619,-0.008786843158304691,0.5063000321388245,-2.9124577045440674,6.114682197570801,-9.892862319946289,47.64150869470298,-122.14025572501147,122.25192260742188,3.9406898021698,-5.877956390380859,-0.009170209057629108
1772180381945204000,0.014555154368281364,0.005538922734558582,0.5381330847740173,-3.4706835746765137,5.862116813659668,-9.5217866897583,47.64150370012727,-122.14025008607688,122.2516098022461,4.349481582641602,-5.248285293579102,0.00039717613253742456
1772180381957903000,0.00657241977751255,0.009760858491063118,0.5988578200340271,-3.0739145278930664,4.97330379486084,-9.806049346923828,47.64150370012727,-122.14025008607688,122.2516098022461,4.349481582641602,-5.248285293579102,0.00039717613253742456
1772180381982865000,0.0006143157370388508,0.013229889795184135,0.6222723722457886,-2.8286960124969482,4.378664970397949,-9.882972717285156,47.64150370012727,-122.14025008607688,122.2516098022461,4.349481582641602,-5.248285293579102,0.00039717613253742456
1772180381994831000,0.00011488489690236747,0.01250816322863102,0.6186705827713013,-2.783024787902832,5.113680839538574,-9.88314437866211,47.64150370012727,-122.14025008607688,122.2516098022461,4.349481582641602,-5.248285293579102,0.00039717613253742456
1772180382019489000,0.003512738738209009,0.010142471641302109,0.6024348139762878,-2.7164411544799805,5.227782726287842,-9.830180168151855,47.64150370012727,-122.14025008607688,122.2516098022461,4.349481582641602,-5.248285293579102,0.00039717613253742456
1772180382043440000,0.006145063322037458,0.013231880031526089,0.6700584292411804,-3.041440486907959,5.755503177642822,-9.892496109008789,47.64150370012727,-122.14025008607688,122.2516098022461,4.349481582641602,-5.248285293579102,0.00039717613253742456
1772180382067435000,0.007450485602021217,0.015727190300822258,0.7455840110778809,-3.135646343231201,5.701053142547607,-9.884869575500488,47.6414987633694,-122.14024339689536,122.25186920166016,4.616706848144531,-4.6209235191345215,0.0028629882726818323
1772180382080059000,0.007164846174418926,0.0154348099604249,0.767379105091095,-3.1338605880737305,5.612346649169922,-9.921536445617676,47.6414987633694,-122.14024339689536,122.25186920166016,4.616706848144531,-4.6209235191345215,0.0028629882726818323
1772180382104761000,0.008973510004580021,0.016411058604717255,0.8283687233924866,-3.1476247310638428,5.658002853393555,-9.949883460998535,47.6414987633694,-122.14024339689536,122.25186920166016,4.616706848144531,-4.6209235191345215,0.0028629882726818323
1772180382128444000,0.00444520078599453,0.015450231730937958,0.8789536356925964,-3.1530709266662598,5.73911714553833,-9.964890480041504,47.6414987633694,-122.14024339689536,122.25186920166016,4.616706848144531,-4.6209235191345215,0.0028629882726818323
1772180382141323000,0.007589885499328375,0.017124004662036896,0.856008768081665,-2.9964828491210938,5.412118911743164,-9.915681838989258,47.6414987633694,-122.14024339689536,122.25186920166016,4.616706848144531,-4.6209235191345215,0.0028629882726818323
1772180382166619000,0.007155775558203459,0.01741127297282219,0.9215062260627747,-3.054088592529297,5.669764041900635,-9.913569450378418,47.641494578394735,-122.1402364295713,122.25189971923828,4.853426456451416,-3.948211193084717,0.0023183918092399836
1772180382184554000,0.005665751174092293,0.01598189026117325,0.8549437522888184,-2.796262264251709,5.199310302734375,-9.919711112976074,47.641494578394735,-122.1402364295713,122.25189971923828,4.853426456451416,-3.948211193084717,0.0023183918092399836
1772180382202540000,0.003365908283740282,0.015139246359467506,0.8354809284210205,-2.5910885334014893,4.996882915496826,-9.913236618041992,47.641494578394735,-122.1402364295713,122.25189971923828,4.853426456451416,-3.948211193084717,0.0023183918092399836
1772180382227650000,0.003045477904379368,0.016863422468304634,0.877436637878418,-2.662992000579834,5.108677864074707,-9.93422794342041,47.641494578394735,-122.1402364295713,122.25189971923828,4.853426456451416,-3.948211193084717,0.0023183918092399836
1772180382246151000,-0.008848195895552635,0.01989709958434105,0.870750367641449,-1.6986596584320068,0.8890092372894287,-10.044903755187988,47.641494578394735,-122.1402364295713,122.25189971923828,4.853426456451416,-3.948211193084717,0.0023183918092399836
1772180382266695000,-0.037593480199575424,0.018646011129021645,0.8333008885383606,-1.2745342254638672,-1.045672059059143,-9.9641695022583,47.64149114473145,-122.14022951054768,122.2519302368164,4.928833961486816,-3.50469970703125,-0.0065297759138047695
1772180382290075000,-0.05754067376255989,0.016848668456077576,0.6971563100814819,-1.0859724283218384,-1.7944886684417725,-9.914749145507812,47.64149114473145,-122.14022951054768,122.2519302368164,4.928833961486816,-3.50469970703125,-0.0065297759138047695
1772180382303627000,-0.07312420755624771,0.017685893923044205,0.6750448346138,-1.1111352443695068,-2.2767324447631836,-9.875292778015137,47.64149114473145,-122.14022951054768,122.2519302368164,4.928833961486816,-3.50469970703125,-0.0065297759138047695
1772180382316034000,-0.08072026818990707,0.013312445022165775,0.5937668681144714,2.7431588172912598,-2.3273935317993164,-9.858920097351074,47.64149114473145,-122.14022951054768,122.2519302368164,4.928833961486816,-3.50469970703125,-0.0065297759138047695
1772180382340300000,-0.09295689314603806,0.0022998973727226257,0.5957744121551514,10.376093864440918,-1.2208622694015503,-9.824553489685059,47.64149114473145,-122.14022951054768,122.2519302368164,4.928833961486816,-3.50469970703125,-0.0065297759138047695
1772180382366988000,-0.07537513971328735,-0.012411834672093391,0.5523988604545593,10.732781410217285,-0.3300343155860901,-9.844182014465332,47.64148803258541,-122.14022325738604,122.25110626220703,5.2471184730529785,-3.9183669090270996,-0.015572862699627876
1772180382390772000,-0.07372723519802094,-0.031946055591106415,0.636417806148529,12.903057098388672,0.31394416093826294,-9.879212379455566,47.64148803258541,-122.14022325738604,122.25110626220703,5.2471184730529785,-3.9183669090270996,-0.015572862699627876
1772180382402710000,-0.05262041464447975,-0.036388348788022995,0.5910196304321289,12.101258277893066,0.6727049350738525,-9.813753128051758,47.64148803258541,-122.14022325738604,122.25110626220703,5.2471184730529785,-3.9183669090270996,-0.015572862699627876
1772180382427589000,-0.03351720795035362,-0.03914660960435867,0.4923645853996277,10.25753402709961,1.2618465423583984,-9.74140739440918,47.64148803258541,-122.14022325738604,122.25110626220703,5.2471184730529785,-3.9183669090270996,-0.015572862699627876
1772180382451517000,-0.05393131077289581,-0.019856007769703865,0.48652273416519165,10.311059951782227,3.3446621894836426,-9.489768981933594,47.64148803258541,-122.14022325738604,122.25110626220703,5.2471184730529785,-3.9183669090270996,-0.015572862699627876
1772180382464206000,-0.0399765707552433,-0.01662307418882847,0.4913989007472992,10.339776992797852,4.382885932922363,-9.586713790893555,47.64148803258541,-122.14022325738604,122.25110626220703,5.2471184730529785,-3.9183669090270996,-0.015572862699627876
1772180382490888000,-0.006079847924411297,-0.007707830518484116,0.42077142000198364,8.460894584655762,5.350610256195068,-9.681890487670898,47.641483781277444,-122.14021458403974,122.25016021728516,6.356050968170166,-4.392787933349609,0.008480786345899105
1772180382503341000,0.012418893165886402,-0.003863035934045911,0.4663081765174866,9.066765785217285,6.733071327209473,-9.680732727050781,47.641483781277444,-122.14021458403974,122.25016021728516,6.356050968170166,-4.392787933349609,0.008480786345899105
1772180382528396000,0.04659989848732948,0.00609231973066926,0.4360463321208954,7.441619396209717,7.576115608215332,-9.793889999389648,47.641483781277444,-122.14021458403974,122.25016021728516,6.356050968170166,-4.392787933349609,0.008480786345899105
1772180382552544000,0.07572100311517715,0.014132766984403133,0.4562899172306061,6.451959133148193,8.560656547546387,-9.875527381896973,47.641483781277444,-122.14021458403974,122.25016021728516,6.356050968170166,-4.392787933349609,0.008480786345899105
1772180382564429000,0.08357211202383041,0.01908070407807827,0.44725489616394043,5.541222095489502,8.478717803955078,-9.880533218383789,47.641483781277444,-122.14021458403974,122.25016021728516,6.356050968170166,-4.392787933349609,0.008480786345899105
1772180382577015000,0.094697505235672,0.023147009313106537,0.46655672788619995,4.868600368499756,8.722060203552246,-9.973913192749023,47.641483781277444,-122.14021458403974,122.25016021728516,6.356050968170166,-4.392787933349609,0.008480786345899105
1772180382602111000,0.09949439764022827,0.028372878208756447,0.4510516822338104,3.0426340103149414,7.7796406745910645,-9.970892906188965,47.641479478664785,-122.14020403503261,122.25212097167969,7.466339588165283,-4.052030563354492,0.018580429255962372
1772180382626687000,0.10780028998851776,0.03475861996412277,0.517586886882782,1.5261951684951782,7.754112243652344,-10.13465404510498,47.641479478664785,-122.14020403503261,122.25212097167969,7.466339588165283,-4.052030563354492,0.018580429255962372
1772180382638043000,0.10807551443576813,0.038999225944280624,0.5449241399765015,0.7527722120285034,7.599854469299316,-10.144756317138672,47.641479478664785,-122.14020403503261,122.25212097167969,7.466339588165283,-4.052030563354492,0.018580429255962372
1772180382662649000,0.0956963524222374,0.039455950260162354,0.541168212890625,-0.5213104486465454,6.54233455657959,-10.172188758850098,47.641479478664785,-122.14020403503261,122.25212097167969,7.466339588165283,-4.052030563354492,0.018580429255962372
1772180382686615000,0.06705082207918167,0.03832387551665306,0.6471720337867737,-2.3961174488067627,7.062610626220703,-9.601911544799805,47.641479478664785,-122.14020403503261,122.25212097167969,7.466339588165283,-4.052030563354492,0.018580429255962372
1772180382712417000,0.015205156989395618,0.02111387625336647,0.6703562140464783,-2.6574532985687256,6.857386112213135,-9.9771146774292,47.64147587985461,-122.14019261638937,122.25308227539062,7.877498626708984,-3.3105251789093018,0.014727624133229256
1772180382724306000,0.014339991845190525,0.01789528876543045,0.6233457326889038,-2.4716367721557617,6.105992794036865,-10.024550437927246,47.64147587985461,-122.14019261638937,122.25308227539062,7.877498626708984,-3.3105251789093018,0.014727624133229256
1772180382750319000,0.018122930079698563,0.016885900869965553,0.720244288444519,-2.997285842895508,6.605039119720459,-10.088687896728516,47.64147587985461,-122.14019261638937,122.25308227539062,7.877498626708984,-3.3105251789093018,0.014727624133229256
1772180382772997000,0.030069494619965553,0.020663470029830933,0.9907839894294739,-4.16641902923584,8.741508483886719,-10.13347339630127,47.64147587985461,-122.14019261638937,122.25308227539062,7.877498626708984,-3.3105251789093018,0.014727624133229256
1772180382786289000,0.02015000395476818,0.013720693998038769,0.7246300578117371,-3.0832488536834717,6.249977111816406,-10.058327674865723,47.64147587985461,-122.14019261638937,122.25308227539062,7.877498626708984,-3.3105251789093018,0.014727624133229256
1772180382810584000,0.028216099366545677,0.018139436841011047,0.8923476934432983,-3.762977123260498,7.536744117736816,-10.057703018188477,47.64147333308206,-122.14018224259257,122.2542495727539,7.87993860244751,-2.5497615337371826,0.004860113374888897
1772180382834793000,0.014610426500439644,0.021177425980567932,0.8733314275741577,-3.8272438049316406,7.254992485046387,-9.889472007751465,47.64147333308206,-122.14018224259257,122.2542495727539,7.87993860244751,-2.5497615337371826,0.004860113374888897
1772180382846542000,0.011202703230082989,0.020139703527092934,0.8457116484642029,-3.6119306087493896,7.009383678436279,-9.954035758972168,47.64147333308206,-122.14018224259257,122.2542495727539,7.87993860244751,-2.5497615337371826,0.004860113374888897
1772180382860087000,0.011107994243502617,0.022132640704512596,0.9243819713592529,-3.836350917816162,7.551244258880615,-10.023406028747559,47.64147333308206,-122.14018224259257,122.2542495727539,7.87993860244751,-2.5497615337371826,0.004860113374888897
1772180382895297000,0.009288844652473927,0.02210516855120659,0.9548289179801941,-3.8162078857421875,7.6237359046936035,-10.022199630737305,47.64147333308206,-122.14018224259257,122.2542495727539,7.87993860244751,-2.5497615337371826,0.004860113374888897
1772180382907614000,0.007386913988739252,0.021366959437727928,0.877115786075592,-3.4872548580169678,6.986771106719971,-10.001189231872559,47.64147131259848,-122.14017073415427,122.25467681884766,7.763565540313721,-1.641183853149414,0.003701474517583847
1772180382932581000,0.009211423806846142,0.024026954546570778,0.9536874890327454,-3.680219888687134,7.461792945861816,-9.954341888427734,47.64147131259848,-122.14017073415427,122.25467681884766,7.763565540313721,-1.641183853149414,0.003701474517583847
1772180382945360000,0.008602374233305454,0.023559629917144775,0.8994086384773254,-3.404770612716675,6.9702324867248535,-9.98162841796875,47.64147131259848,-122.14017073415427,122.25467681884766,7.763565540313721,-1.641183853149414,0.003701474517583847
1772180382970709000,0.006835062522441149,0.02396562695503235,0.976098358631134,-3.65364146232605,7.481362342834473,-9.974730491638184,47.64147131259848,-122.14017073415427,122.25467681884766,7.763565540313721,-1.641183853149414,0.003701474517583847
1772180382994168000,0.009188350290060043,0.026313036680221558,0.9848863482475281,-3.710197925567627,7.4386396408081055,-10.049857139587402,47.64147131259848,-122.14017073415427,122.25467681884766,7.763565540313721,-1.641183853149414,0.003701474517583847
1772180383010858000,0.007334194611757994,0.027737494558095932,1.1429164409637451,-4.169998645782471,8.660628318786621,-10.001002311706543,47.641470262233106,-122.14016049237694,122.25479888916016,7.5857744216918945,-0.8136271238327026,0.002514883875846863
1772180383031113000,0.007397442124783993,0.023617101833224297,0.9431707262992859,-3.4094929695129395,7.025092124938965,-9.979379653930664,47.641470262233106,-122.14016049237694,122.25479888916016,7.5857744216918945,-0.8136271238327026,0.002514883875846863
1772180383055569000,0.003564821556210518,0.02538795955479145,0.9911993741989136,-3.193699598312378,6.070137977600098,-10.073237419128418,47.641470262233106,-122.14016049237694,122.25479888916016,7.5857744216918945,-0.8136271238327026,0.002514883875846863
1772180383069208000,-0.0029937331564724445,0.025441981852054596,1.0366313457489014,-2.898844003677368,4.1939802169799805,-10.109797477722168,47.641470262233106,-122.14016049237694,122.25479888916016,7.5857744216918945,-0.8136271238327026,0.002514883875846863
1772180383080465000,-0.011399129405617714,0.02013777196407318,0.8557294607162476,4.279763221740723,1.7603840827941895,-10.134331703186035,47.641470262233106,-122.14016049237694,122.25479888916016,7.5857744216918945,-0.8136271238327026,0.002514883875846863
1772180383117005000,-0.07524167746305466,0.005629804916679859,1.0232733488082886,11.827327728271484,-0.861818253993988,-9.998035430908203,47.64146980366072,-122.140149332102,122.2545394897461,7.898073673248291,-0.4007732570171356,-0.011977391317486763
1772180383129199000,-0.08147689700126648,0.0003361201088409871,0.9113823175430298,10.663138389587402,-1.1083743572235107,-9.92773151397705,47.64146980366072,-122.140149332102,122.2545394897461,7.898073673248291,-0.4007732570171356,-0.011977391317486763
1772180383153453000,-0.10009312629699707,-0.008600750006735325,0.8847888112068176,10.672176361083984,-0.9615128040313721,-9.845014572143555,47.64146980366072,-122.140149332102,122.2545394897461,7.898073673248291,-0.4007732570171356,-0.011977391317486763
1772180383165353000,-0.10055730491876602,-0.010734881274402142,0.8480860590934753,10.482181549072266,-0.33525553345680237,-9.784459114074707,47.64146980366072,-122.140149332102,122.2545394897461,7.898073673248291,-0.4007732570171356,-0.011977391317486763
1772180383189790000,-0.0906386524438858,-0.011448439210653305,0.7779664397239685,10.073667526245117,0.7634270191192627,-9.716254234313965,47.64146980366072,-122.140149332102,122.2545394897461,7.898073673248291,-0.4007732570171356,-0.011977391317486763
1772180383214624000,-0.07749102264642715,-0.010627839714288712,0.7326131463050842,9.816715240478516,1.6173081398010254,-9.698004722595215,47.64146980366072,-122.140149332102,122.2545394897461,7.898073673248291,-0.4007732570171356,-0.011977391317486763
1772180383226656000,-0.08082634210586548,-0.0122678242623806,0.8209949135780334,11.144651412963867,2.4124605655670166,-9.762665748596191,47.64146935832227,-122.14013687840146,122.25326538085938,9.053976058959961,-0.3802194595336914,-0.007903298363089561
1772180383253657000,-0.04982523247599602,-0.007930262945592403,0.6562077403068542,9.099249839782715,2.5950255393981934,-9.736703872680664,47.64146935832227,-122.14013687840146,122.25326538085938,9.053976058959961,-0.3802194595336914,-0.007903298363089561
1772180383265726000,-0.04704728722572327,-0.00901956856250763,0.7358142137527466,10.264613151550293,3.2856435775756836,-9.765098571777344,47.64146935832227,-122.14013687840146,122.25326538085938,9.053976058959961,-0.3802194595336914,-0.007903298363089561
1772180383290420000,-0.028555653989315033,-0.004843166563659906,0.6806180477142334,9.710988998413086,3.582354784011841,-9.759654998779297,47.64146935832227,-122.14013687840146,122.25326538085938,9.053976058959961,-0.3802194595336914,-0.007903298363089561
1772180383314413000,-0.01077912375330925,-0.0019683395512402058,0.6731173992156982,9.489197731018066,4.572329044342041,-9.829662322998047,47.64146935832227,-122.14013687840146,122.25326538085938,9.053976058959961,-0.3802194595336914,-0.007903298363089561
1772180383337922000,0.004827754106372595,0.002414601854979992,0.6123700737953186,8.354138374328613,4.490695476531982,-9.831892967224121,47.64146922094035,-122.14012244308226,122.25328826904297,10.135567665100098,0.11452676355838776,0.0047586942091584206
1772180383349768000,0.01135382428765297,0.003809157758951187,0.6514638662338257,9.049348831176758,4.300348281860352,-9.923331260681152,47.64146922094035,-122.14012244308226,122.25328826904297,10.135567665100098,0.11452676355838776,0.0047586942091584206
1772180383371469000,0.006336574908345938,0.004850126802921295,0.6221799850463867,8.725799560546875,2.8862342834472656,-9.939510345458984,47.64146922094035,-122.14012244308226,122.25328826904297,10.135567665100098,0.11452676355838776,0.0047586942091584206
1772180383396481000,-0.00462165754288435,0.0008237875299528241,0.45340797305107117,6.163636684417725,0.982699453830719,-9.95637035369873,47.64146922094035,-122.14012244308226,122.25328826904297,10.135567665100098,0.11452676355838776,0.0047586942091584206
1772180383396481000,-0.00462165754288435,0.0008237875299528241,0.45340797305107117,6.163636684417725,0.982699453830719,-9.95637035369873,47.64146922094035,-122.14012244308226,122.25328826904297,10.135567665100098,0.11452676355838776,0.0047586942091584206
1772180383431665000,-0.029014168307185173,-0.0058320993557572365,0.34696635603904724,3.869027614593506,-0.9343509078025818,-10.008145332336426,47.64146922094035,-122.14012244308226,122.25328826904297,10.135567665100098,0.11452676355838776,0.0047586942091584206
1772180383457006000,-0.03587595000863075,-0.00451501552015543,0.2021975964307785,1.4907283782958984,-1.2903738021850586,-9.956218719482422,47.64146950083797,-122.14010740041246,122.25313568115234,10.78908920288086,0.32207342982292175,-0.00874541699886322
1772180383469600000,-0.0525033101439476,-0.006030606105923653,0.18305252492427826,0.9737041592597961,-1.8886244297027588,-9.957328796386719,47.64146950083797,-122.14010740041246,122.25313568115234,10.78908920288086,0.32207342982292175,-0.00874541699886322
1772180383494606000,-0.06501385569572449,-0.005526045337319374,0.05649617686867714,-0.6262878179550171,-2.286159038543701,-9.904186248779297,47.64146950083797,-122.14010740041246,122.25313568115234,10.78908920288086,0.32207342982292175,-0.00874541699886322
1772180383506300000,-0.06794274598360062,-0.0028871253598481417,-0.009879988618195057,-1.300260066986084,-2.4282138347625732,-9.90019702911377,47.64146950083797,-122.14010740041246,122.25313568115234,10.78908920288086,0.32207342982292175,-0.00874541699886322
1772180383531724000,-0.060272298753261566,-0.0006470988737419248,-0.11981482803821564,-1.8213131427764893,-1.9763426780700684,-9.837021827697754,47.64146950083797,-122.14010740041246,122.25313568115234,10.78908920288086,0.32207342982292175,-0.00874541699886322
1772180383556025000,-0.06410325318574905,0.002921855775639415,-0.26011064648628235,-2.612278461456299,-1.8748632669448853,-9.801680564880371,47.64146968193501,-122.14009149274261,122.25154113769531,10.72727108001709,0.08075087517499924,-0.019321125000715256
1772180383570078000,-0.05570397898554802,0.008569890633225441,-0.33850735425949097,-2.7902588844299316,-0.2999785542488098,-9.790523529052734,47.64146968193501,-122.14009149274261,122.25154113769531,10.72727108001709,0.08075087517499924,-0.019321125000715256
1772180383594805000,0.015091994777321815,0.012944153510034084,-0.44017574191093445,-2.456965208053589,6.2858734130859375,-9.853472709655762,47.64146968193501,-122.14009149274261,122.25154113769531,10.72727108001709,0.08075087517499924,-0.019321125000715256
1772180383607916000,0.0534803681075573,0.01359713077545166,-0.42282426357269287,-2.1990203857421875,7.447880268096924,-9.784981727600098,47.64146968193501,-122.14009149274261,122.25154113769531,10.72727108001709,0.08075087517499924,-0.019321125000715256
1772180383633411000,0.1025199443101883,0.02226833626627922,-0.44911104440689087,-2.6745071411132812,9.204202651977539,-9.487811088562012,47.64146968193501,-122.14009149274261,122.25154113769531,10.72727108001709,0.08075087517499924,-0.019321125000715256
1772180383658108000,0.11448043584823608,0.043971046805381775,-0.4533112049102783,-3.2359273433685303,9.220438003540039,-9.671419143676758,47.64146999204019,-122.14007718227744,122.2501220703125,10.413858413696289,0.6633812785148621,-0.008674835786223412
1772180383671651000,0.09084675461053848,0.03543055057525635,-0.3316769003868103,-2.524092674255371,5.500883102416992,-9.85172176361084,47.64146999204019,-122.14007718227744,122.2501220703125,10.413858413696289,0.6633812785148621,-0.008674835786223412
1772180383697443000,0.09206125885248184,0.04661347717046738,-0.34074872732162476,-3.2483763694763184,2.736701488494873,-9.85738468170166,47.64146999204019,-122.14007718227744,122.2501220703125,10.413858413696289,0.6633812785148621,-0.008674835786223412
1772180383709266000,0.058436036109924316,0.04136514291167259,-0.2737237215042114,-2.9489970207214355,1.0487679243087769,-9.821913719177246,47.64146999204019,-122.14007718227744,122.2501220703125,10.413858413696289,0.6633812785148621,-0.008674835786223412
1772180383733607000,0.015890374779701233,0.043469272553920746,-0.22997133433818817,-2.8512685298919678,-0.5716577172279358,-9.82286262512207,47.64146999204019,-122.14007718227744,122.2501220703125,10.413858413696289,0.6633812785148621,-0.008674835786223412
1772180383757738000,-0.06782349199056625,0.03304890915751457,-0.22515931725502014,-11.971558570861816,0.42561861872673035,-9.04025936126709,47.64146999204019,-122.14007718227744,122.2501220703125,10.413858413696289,0.6633812785148621,-0.008674835786223412
1772180383770214000,-0.07928026467561722,0.034573182463645935,-0.2317291647195816,-12.145235061645508,0.08546783775091171,-9.559175491333008,47.641470805115894,-122.14006201458882,122.24909973144531,9.729796409606934,0.7966397404670715,0.009228342212736607
1772180383794125000,-0.08605992048978806,0.03922382742166519,-0.23564843833446503,-12.497052192687988,0.018790926784276962,-9.722579956054688,47.641470805115894,-122.14006201458882,122.24909973144531,9.729796409606934,0.7966397404670715,0.009228342212736607
1772180383819288000,-0.08182821422815323,0.03921309858560562,-0.21827127039432526,-11.968323707580566,-0.016899649053812027,-9.737586975097656,47.641470805115894,-122.14006201458882,122.24909973144531,9.729796409606934,0.7966397404670715,0.009228342212736607
1772180383819288000,-0.08182821422815323,0.03921309858560562,-0.21827127039432526,-11.968323707580566,-0.016899649053812027,-9.737586975097656,47.641470805115894,-122.14006201458882,122.24909973144531,9.729796409606934,0.7966397404670715,0.009228342212736607
1772180383854974000,-0.06038929522037506,0.02952633798122406,-0.1595786064863205,-9.26973819732666,-0.059497274458408356,-9.76124382019043,47.641470805115894,-122.14006201458882,122.24909973144531,9.729796409606934,0.7966397404670715,0.009228342212736607
1772180383880881000,-0.04976719990372658,0.027410518378019333,-0.13844215869903564,-9.31397533416748,0.2799377143383026,-9.727754592895508,47.64147152888397,-122.14004889545697,122.25093841552734,8.456893920898438,0.7350128889083862,0.01935075782239437
1772180383892880000,-0.011267363093793392,0.02417377196252346,-0.1475469470024109,-12.33376693725586,1.0909860134124756,-9.046486854553223,47.64147152888397,-122.14004889545697,122.25093841552734,8.456893920898438,0.7350128889083862,0.01935075782239437
1772180383918718000,0.0003717255312949419,0.02107442542910576,-0.12787604331970215,-11.476712226867676,0.19236116111278534,-9.892931938171387,47.64147152888397,-122.14004889545697,122.25093841552734,8.456893920898438,0.7350128889083862,0.01935075782239437
1772180383930716000,0.0004151563625782728,0.019408132880926132,-0.1119525358080864,-10.476666450500488,0.15088699758052826,-9.895708084106445,47.64147152888397,-122.14004889545697,122.25093841552734,8.456893920898438,0.7350128889083862,0.01935075782239437
1772180383954816000,0.0016284079756587744,0.021947989240288734,-0.10076555609703064,-11.17294979095459,0.07311473041772842,-9.951976776123047,47.64147152888397,-122.14004889545697,122.25093841552734,8.456893920898438,0.7350128889083862,0.01935075782239437
1772180383979077000,0.0007408944074995816,0.01980130560696125,-0.0876951739192009,-11.552924156188965,0.03003089502453804,-9.95759105682373,47.64147152888397,-122.14004889545697,122.25093841552734,8.456893920898438,0.7350128889083862,0.01935075782239437
1772180383990828000,0.0013974085450172424,0.017865242436528206,-0.07610101997852325,-11.022854804992676,-0.03609788045287132,-9.974514961242676,47.641472255580965,-122.1400374313025,122.2540054321289,7.128544807434082,0.7092068195343018,0.027177030220627785
1772180384014767000,-0.0002050659677479416,0.018591707572340965,-0.06634058803319931,-11.834735870361328,-0.07253740727901459,-9.980371475219727,47.641472255580965,-122.1400374313025,122.2540054321289,7.128544807434082,0.7092068195343018,0.027177030220627785
1772180384026676000,0.00037471397081390023,0.017575064674019814,-0.054051946848630905,-10.786384582519531,-0.04352279752492905,-9.964899063110352,47.641472255580965,-122.1400374313025,122.2540054321289,7.128544807434082,0.7092068195343018,0.027177030220627785
1772180384055408000,0.0004985765554010868,0.015006021596491337,-0.03826078772544861,-11.279866218566895,-0.10192567855119705,-9.990938186645508,47.641472255580965,-122.1400374313025,122.2540054321289,7.128544807434082,0.7092068195343018,0.027177030220627785
1772180384076305000,0.0001494194002589211,0.012633958831429482,-0.022187896072864532,-10.696056365966797,-0.1506892889738083,-9.958820343017578,47.641472255580965,-122.1400374313025,122.2540054321289,7.128544807434082,0.7092068195343018,0.027177030220627785
1772180384101479000,0.0008050782489590347,0.012092413380742073,-0.006178860552608967,-11.597073554992676,-0.1334020346403122,-10.044440269470215,47.64147292920552,-122.14002805402129,122.25670623779297,5.848299026489258,0.6599686145782471,0.01844141259789467
1772180384113066000,-0.0005402960232459009,0.010898108594119549,-0.0035491713788360357,-11.047083854675293,-0.44869109988212585,-9.968035697937012,47.64147292920552,-122.14002805402129,122.25670623779297,5.848299026489258,0.6599686145782471,0.01844141259789467
1772180384138152000,0.00030260079074651003,0.009047542698681355,-0.001808250555768609,-10.874472618103027,-0.6562310457229614,-10.019848823547363,47.64147292920552,-122.14002805402129,122.25670623779297,5.848299026489258,0.6599686145782471,0.01844141259789467
1772180384150585000,0.0010079267667606473,0.010272201150655746,0.00012513308320194483,-11.16711139678955,-0.733134388923645,-9.972526550292969,47.64147292920552,-122.14002805402129,122.25670623779297,5.848299026489258,0.6599686145782471,0.01844141259789467
1772180384174815000,0.001310913823544979,0.008125432766973972,-0.0012132173869758844,-11.391357421875,-0.7722508311271667,-9.948068618774414,47.64147292920552,-122.14002805402129,122.25670623779297,5.848299026489258,0.6599686145782471,0.01844141259789467
1772180384199782000,0.0007918928167782724,0.0050362758338451385,4.412245471030474e-05,-10.81142807006836,-0.6650628447532654,-10.253122329711914,47.64147292920552,-122.14002805402129,122.25670623779297,5.848299026489258,0.6599686145782471,0.01844141259789467
1772180384213403000,-0.00026221724692732096,0.004071324598044157,-0.002036675810813904,-11.727078437805176,-0.7300715446472168,-9.996715545654297,47.64147352595606,-122.14002045113838,122.25775909423828,4.5630292892456055,0.5466274619102478,0.0062719061970710754
1772180384237363000,-0.0007077319314703345,0.004745000042021275,-0.0014705030480399728,-13.301663398742676,-0.897534966468811,-10.031835556030273,47.64147352595606,-122.14002045113838,122.25775909423828,4.5630292892456055,0.5466274619102478,0.0062719061970710754
1772180384261090000,-0.0021392572671175003,0.002505277283489704,-0.0012358883395791054,-12.218585968017578,-0.8307220935821533,-10.037338256835938,47.64147352595606,-122.14002045113838,122.25775909423828,4.5630292892456055,0.5466274619102478,0.0062719061970710754
1772180384277762000,0.00015462157898582518,0.0022532923612743616,-0.0023857997730374336,-11.601330757141113,-0.8382919430732727,-9.935676574707031,47.64147352595606,-122.14002045113838,122.25775909423828,4.5630292892456055,0.5466274619102478,0.0062719061970710754
1772180384297552000,0.0007549371221102774,0.002800488378852606,-0.0006197027396410704,-11.394142150878906,-0.8284395933151245,-9.946162223815918,47.64147352595606,-122.14002045113838,122.25775909423828,4.5630292892456055,0.5466274619102478,0.0062719061970710754
1772180384323106000,-0.0008345518726855516,0.002033222233876586,-0.002333486219868064,-10.87328815460205,-0.8327703475952148,-9.977959632873535,47.641473999182395,-122.14001479590219,122.25849914550781,3.290635347366333,0.4208175241947174,0.001759490929543972
1772180384334854000,-0.00011578349221963435,6.657675839960575e-05,-0.0023369072005152702,-11.373790740966797,-0.8801640272140503,-9.98294448852539,47.641473999182395,-122.14001479590219,122.25849914550781,3.290635347366333,0.4208175241947174,0.001759490929543972
1772180384360194000,0.0006753130001015961,-0.0008918915991671383,-0.0017293654382228851,-10.271387100219727,-0.7778878808021545,-9.869935035705566,47.641473999182395,-122.14001479590219,122.25849914550781,3.290635347366333,0.4208175241947174,0.001759490929543972
1772180384372134000,0.0011563134612515569,0.00034314030199311674,-0.0020008201245218515,-12.330581665039062,-0.9820039868354797,-9.979766845703125,47.641473999182395,-122.14001479590219,122.25849914550781,3.290635347366333,0.4208175241947174,0.001759490929543972
1772180384397508000,-0.0023849750868976116,-0.0009858341654762626,-0.0024772165343165398,-11.748403549194336,-0.9120447039604187,-9.930230140686035,47.641473999182395,-122.14001479590219,122.25849914550781,3.290635347366333,0.4208175241947174,0.001759490929543972
1772180384423357000,0.00025893509155139327,-0.0021314877085387707,-0.002620114479213953,-12.385492324829102,-1.0257492065429688,-10.019822120666504,47.6414743161034,-122.14001127407221,122.258544921875,2.135152816772461,0.2978202998638153,-0.0014431864256039262
1772180384435612000,-0.0005862333928234875,0.0006677783676423132,-9.461573790758848e-05,-10.942743301391602,-0.9110925197601318,-9.877641677856445,47.6414743161034,-122.14001127407221,122.258544921875,2.135152816772461,0.2978202998638153,-0.0014431864256039262
1772180384448390000,0.0005549996276386082,-0.002050196286290884,-0.0026665772311389446,-12.32201099395752,-0.9875867962837219,-9.966756820678711,47.6414743161034,-122.14001127407221,122.258544921875,2.135152816772461,0.2978202998638153,-0.0014431864256039262
1772180384473973000,-0.014963479712605476,-0.011431294493377209,-0.008398564532399178,10.076985359191895,-1.963677167892456,-10.115043640136719,47.6414743161034,-122.14001127407221,122.258544921875,2.135152816772461,0.2978202998638153,-0.0014431864256039262
1772180384498371000,-0.025037212297320366,-0.02900056727230549,-0.009413349442183971,10.180510520935059,-1.9021977186203003,-9.859127044677734,47.6414743161034,-122.14001127407221,122.258544921875,2.135152816772461,0.2978202998638153,-0.0014431864256039262
1772180384522314000,-0.030555400997400284,-0.04326235502958298,-0.009296812117099762,10.365415573120117,-1.682165265083313,-9.79781436920166,47.6414743161034,-122.14001127407221,122.258544921875,2.135152816772461,0.2978202998638153,-0.0014431864256039262
1772180384534494000,-0.03191419690847397,-0.05251658707857132,-0.010843516327440739,10.825538635253906,-1.4752156734466553,-9.982401847839355,47.64147451524057,-122.14000795958826,122.25668334960938,2.685014247894287,0.1251610815525055,-0.025547750294208527
1772180384557263000,-0.02571200020611286,-0.06231358274817467,-0.01639905758202076,10.32744026184082,-0.9551752805709839,-9.895110130310059,47.64147451524057,-122.14000795958826,122.25668334960938,2.685014247894287,0.1251610815525055,-0.025547750294208527
1772180384582643000,-0.0144773218780756,-0.06012190133333206,-0.019767241552472115,7.157431125640869,-0.4970298111438751,-9.802197456359863,47.64147451524057,-122.14000795958826,122.25668334960938,2.685014247894287,0.1251610815525055,-0.025547750294208527
1772180384599067000,-0.01234441064298153,-0.07816541194915771,-0.022772198542952538,7.363277435302734,-0.4202132225036621,-9.977823257446289,47.64147451524057,-122.14000795958826,122.25668334960938,2.685014247894287,0.1251610815525055,-0.025547750294208527
1772180384622190000,-0.006003092974424362,-0.070856973528862,-0.013159366324543953,2.1364080905914307,-0.14166930317878723,-9.82541561126709,47.64147451524057,-122.14000795958826,122.25668334960938,2.685014247894287,0.1251610815525055,-0.025547750294208527
1772180384636136000,-0.0020000669173896313,-0.06240786984562874,-0.009384367614984512,0.550552248954773,-0.09008272737264633,-9.820915222167969,47.641474599282866,-122.1400038715238,122.25431060791016,3.3208694458007812,0.0872877985239029,-0.03343527391552925
1772180384650399000,0.0010459811892360449,-0.07176607102155685,-0.007722617592662573,-0.26406675577163696,-0.04713049903512001,-9.940670013427734,47.641474599282866,-122.1400038715238,122.25431060791016,3.3208694458007812,0.0872877985239029,-0.03343527391552925
1772180384674350000,0.0054037803784012794,-0.0709175318479538,-0.004927051719278097,-0.9462847113609314,-0.0693427324295044,-9.760204315185547,47.641474599282866,-122.1400038715238,122.25431060791016,3.3208694458007812,0.0872877985239029,-0.03343527391552925
1772180384703618000,0.008556007407605648,-0.05146807059645653,-0.0031235304195433855,-0.824878454208374,-0.027444813400506973,-9.698973655700684,47.641474599282866,-122.1400038715238,122.25431060791016,3.3208694458007812,0.0872877985239029,-0.03343527391552925
1772180384723402000,0.009853659197688103,-0.05108916014432907,-0.0011508363531902432,-0.9807705879211426,0.020987942814826965,-9.6587495803833,47.641474599282866,-122.1400038715238,122.25431060791016,3.3208694458007812,0.0872877985239029,-0.03343527391552925
1772180384735709000,0.009177888743579388,-0.04427346587181091,-0.0006489826482720673,-0.9456011652946472,0.01802407205104828,-9.736865043640137,47.641474599282866,-122.1400038715238,122.25431060791016,3.3208694458007812,0.0872877985239029,-0.03343527391552925
1772180384760162000,0.052638933062553406,-0.021628152579069138,0.00700644263997674,-1.5428546667099,-0.31148797273635864,-8.8727388381958,47.641474684604844,-122.13999879136603,122.25019836425781,3.233116626739502,0.0791819766163826,-0.02702031470835209
1772180384784346000,0.04389217868447304,-0.00887344405055046,0.007316294591873884,-0.9733665585517883,-0.06858626008033752,-9.720742225646973,47.641474684604844,-122.13999879136603,122.25019836425781,3.233116626739502,0.0791819766163826,-0.02702031470835209
1772180384797812000,0.03906087949872017,-0.005720800720155239,0.007342485245317221,-0.9336369037628174,0.07821964472532272,-9.83377456665039,47.641474684604844,-122.13999879136603,122.25019836425781,3.233116626739502,0.0791819766163826,-0.02702031470835209
1772180384822295000,0.009788630530238152,0.007387727964669466,0.0025250243488699198,-1.292621374130249,0.28182557225227356,-9.704608917236328,47.641474684604844,-122.13999879136603,122.25019836425781,3.233116626739502,0.0791819766163826,-0.02702031470835209
1772180384846588000,0.008075148798525333,0.009763103909790516,-0.00043197430204600096,-0.8788059949874878,0.13374710083007812,-9.834238052368164,47.641474684604844,-122.13999879136603,122.25019836425781,3.233116626739502,0.0791819766163826,-0.02702031470835209
1772180384859150000,0.005967784207314253,0.009901972487568855,0.0004495428001973778,-0.8823003768920898,0.057006146758794785,-9.82568359375,47.64147476574151,-122.13999410136098,122.2492904663086,3.1209347248077393,0.0782259851694107,-0.00902626384049654
1772180384883424000,0.006354875862598419,0.011927441693842411,-0.0001413209392921999,-0.8652911186218262,0.035278864204883575,-9.81411075592041,47.64147476574151,-122.13999410136098,122.2492904663086,3.1209347248077393,0.0782259851694107,-0.00902626384049654
1772180384896889000,0.0012263195822015405,0.012796565890312195,-0.00026756295119412243,-0.9066199064254761,0.03586139529943466,-9.80620002746582,47.64147476574151,-122.13999410136098,122.2492904663086,3.1209347248077393,0.0782259851694107,-0.00902626384049654
1772180384925917000,0.0018088126089423895,0.015986155718564987,-0.0007471206481568515,-0.9542894959449768,0.019771315157413483,-9.90047836303711,47.64147476574151,-122.13999410136098,122.2492904663086,3.1209347248077393,0.0782259851694107,-0.00902626384049654
1772180384946670000,0.001199091668240726,0.016939207911491394,-0.0007686092285439372,-0.8880237936973572,-0.0007910714484751225,-9.717391014099121,47.64147476574151,-122.13999410136098,122.2492904663086,3.1209347248077393,0.0782259851694107,-0.00902626384049654
1772180384960158000,1.917674671858549e-05,0.014247388578951359,-0.00013520453649107367,-0.7486465573310852,-0.03734242916107178,-9.799351692199707,47.641474834701604,-122.1399900687372,122.24810791015625,3.036999225616455,0.07799375057220459,-0.00938111636787653
1772180384986781000,-0.0009673424065113068,0.018789639696478844,-9.003531886264682e-06,-0.8840630054473877,-0.008457659743726254,-9.79874324798584,47.641474834701604,-122.1399900687372,122.24810791015625,3.036999225616455,0.07799375057220459,-0.00938111636787653
1772180384999627000,-0.00031848307116888463,0.018565820530056953,-0.00039742595981806517,-0.8868135213851929,-0.0019311753567308187,-9.77918529510498,47.641474834701604,-122.1399900687372,122.24810791015625,3.036999225616455,0.07799375057220459,-0.00938111636787653
1772180385012148000,-0.0009439621353521943,0.020246151834726334,-0.0003842873265966773,-0.8892509937286377,0.01343371532857418,-9.764354705810547,47.641474834701604,-122.1399900687372,122.24810791015625,3.036999225616455,0.07799375057220459,-0.00938111636787653
1772180385036296000,-0.0009485454065725207,0.020994767546653748,0.00043738033855333924,-0.8667612075805664,0.03232525289058685,-9.70907974243164,47.641474834701604,-122.1399900687372,122.24810791015625,3.036999225616455,0.07799375057220459,-0.00938111636787653
1772180385060237000,-0.000940466474276036,0.01755477488040924,-0.0005754207377322018,-0.787128746509552,0.043746061623096466,-9.744730949401855,47.64147490603223,-122.13998595983368,122.2471923828125,2.9510507583618164,0.07611584663391113,-0.007199008483439684
1772180385083194000,-0.0012367950985208154,0.01892501302063465,-0.0005690678954124451,-0.7330681085586548,-0.04649101942777634,-9.65778923034668,47.64147490603223,-122.13998595983368,122.2471923828125,2.9510507583618164,0.07611584663391113,-0.007199008483439684
1772180385107537000,-0.0009114759741351008,0.017907174304127693,-0.00041339354356750846,-0.6854274272918701,-0.025595178827643394,-9.718478202819824,47.64147490603223,-122.13998595983368,122.2471923828125,2.9510507583618164,0.07611584663391113,-0.007199008483439684
1772180385120590000,-0.0022169160656630993,0.02434891276061535,-0.00025690789334475994,-0.9761533737182617,-0.0017090938054025173,-9.923842430114746,47.64147490603223,-122.13998595983368,122.2471923828125,2.9510507583618164,0.07611584663391113,-0.007199008483439684
1772180385144227000,-0.0003761742264032364,0.023769840598106384,-0.0014036457287147641,-0.7547526955604553,0.0015000738203525543,-9.934046745300293,47.64147490603223,-122.13998595983368,122.2471923828125,2.9510507583618164,0.07611584663391113,-0.007199008483439684
1772180385168252000,-0.0018397225067019463,0.020013323053717613,-0.0004484762903302908,-0.777498185634613,-0.003858600277453661,-9.737974166870117,47.641474979303226,-122.13998178794688,122.24675750732422,2.863703966140747,0.07374858111143112,-0.0044164955615997314
1772180385180622000,-0.0020475713536143303,0.020170150324702263,0.000837861851323396,-0.8132279515266418,0.013576656579971313,-9.829437255859375,47.641474979303226,-122.13998178794688,122.24675750732422,2.863703966140747,0.07374858111143112,-0.0044164955615997314
1772180385206136000,-0.001186832902021706,0.018806712701916695,-0.0005507477326318622,-0.7985716462135315,-0.027451999485492706,-9.779772758483887,47.641474979303226,-122.13998178794688,122.24675750732422,2.863703966140747,0.07374858111143112,-0.0044164955615997314
1772180385217673000,-0.0013715128879994154,0.018793324008584023,-0.0004610625619534403,-0.7876605987548828,-0.032906848937273026,-9.850668907165527,47.641474979303226,-122.13998178794688,122.24675750732422,2.863703966140747,0.07374858111143112,-0.0044164955615997314
1772180385247426000,-0.00039945892058312893,0.016569383442401886,0.0003028237260878086,-0.7012841105461121,0.01479627937078476,-9.682723999023438,47.641474979303226,-122.13998178794688,122.24675750732422,2.863703966140747,0.07374858111143112,-0.0044164955615997314
1772180385267673000,-0.004586982075124979,0.006968529429286718,0.0014523195568472147,-1.1434226036071777,0.044151533395051956,-9.514520645141602,47.641474979303226,-122.13998178794688,122.24675750732422,2.863703966140747,0.07374858111143112,-0.0044164955615997314
1772180385286284000,-0.0007612926419824362,0.005749114323407412,0.00010232554632239044,-0.7719280123710632,-0.0905921459197998,-9.78041934967041,47.64147504960055,-122.13997763742542,122.24633026123047,2.7623093128204346,0.0720634013414383,0.006583191454410553
1772180385306033000,-0.0002500213449820876,0.0038788258098065853,0.00040554755832999945,-0.8229689598083496,-0.04067500680685043,-9.877426147460938,47.64147504960055,-122.13997763742542,122.24633026123047,2.7623093128204346,0.0720634013414383,0.006583191454410553
1772180385318598000,-0.0005796574987471104,0.003531605936586857,0.0008179331780411303,-0.7615264058113098,0.047610994428396225,-9.816844940185547,47.64147504960055,-122.13997763742542,122.24633026123047,2.7623093128204346,0.0720634013414383,0.006583191454410553
1772180385332431000,3.3689691917970777e-05,0.002742883050814271,-0.0001866797247203067,-0.7978125810623169,-0.03844846040010452,-9.878928184509277,47.64147504960055,-122.13997763742542,122.24633026123047,2.7623093128204346,0.0720634013414383,0.006583191454410553
1772180385358718000,0.0005839187651872635,0.0015286020934581757,0.0006603764486499131,-0.7923417091369629,0.02780977450311184,-9.87193775177002,47.64147504960055,-122.13997763742542,122.24633026123047,2.7623093128204346,0.0720634013414383,0.006583191454410553
1772180385384557000,0.0012133764103055,0.0015250782016664743,0.0008768518455326557,-0.710074245929718,-0.023211808875203133,-9.802130699157715,47.64147504960055,-122.13997763742542,122.24633026123047,2.7623093128204346,0.0720634013414383,0.006583191454410553
1772180385408800000,-0.000965481624007225,0.006498416885733604,-0.0006657519843429327,-13.159710884094238,0.01744084805250168,-9.561059951782227,47.641475123566046,-122.13997344192144,122.24707794189453,2.5791244506835938,0.06624753773212433,0.0051761288195848465
1772180385422611000,0.0010520463110879064,0.008664317429065704,-0.00026761504705064,-10.819374084472656,0.024138543754816055,-9.578208923339844,47.641475123566046,-122.13997344192144,122.24707794189453,2.5791244506835938,0.06624753773212433,0.0051761288195848465
1772180385435408000,1.726028131088242e-06,0.009199371561408043,0.0005520587437786162,-10.6740083694458,0.011691960506141186,-9.683093070983887,47.641475123566046,-122.13997344192144,122.24707794189453,2.5791244506835938,0.06624753773212433,0.0051761288195848465
1772180385461388000,0.0008166661718860269,0.010566288605332375,-3.498851947369985e-05,-10.750611305236816,-0.02368011884391308,-9.661443710327148,47.641475123566046,-122.13997344192144,122.24707794189453,2.5791244506835938,0.06624753773212433,0.0051761288195848465
1772180385475116000,0.000846643524710089,0.015428860671818256,0.0003156615130137652,-13.829833984375,0.012216064147651196,-9.72331714630127,47.641475123566046,-122.13997344192144,122.24707794189453,2.5791244506835938,0.06624753773212433,0.0051761288195848465
1772180385498978000,0.00022537304903380573,0.01827843487262726,-0.0012101976899430156,-12.820119857788086,0.010025272145867348,-9.851404190063477,47.641475167280745,-122.13997083449556,122.24849700927734,1.3636667728424072,0.03529200330376625,0.022587521001696587
1772180385525062000,0.0004728154162876308,0.01800917275249958,-0.0017451683524996042,-11.109330177307129,-0.01586165279150009,-9.770798683166504,47.641475167280745,-122.13997083449556,122.24849700927734,1.3636667728424072,0.03529200330376625,0.022587521001696587
1772180385537934000,0.0004757386923301965,0.015046241693198681,0.0003989744873251766,-9.933752059936523,0.02499678172171116,-9.794326782226562,47.641475167280745,-122.13997083449556,122.24849700927734,1.3636667728424072,0.03529200330376625,0.022587521001696587
1772180385562384000,-9.700466762296855e-06,0.02030528336763382,-0.0004208192112855613,-12.8211669921875,0.01921067200601101,-9.772475242614746,47.641475167280745,-122.13997083449556,122.24849700927734,1.3636667728424072,0.03529200330376625,0.022587521001696587
1772180385586893000,0.0003051103267353028,0.02074301429092884,-0.0012780927354469895,-12.48041820526123,-0.01337205246090889,-9.893559455871582,47.641475167280745,-122.13997083449556,122.24849700927734,1.3636667728424072,0.03529200330376625,0.022587521001696587
1772180385599610000,-0.0011179883731529117,0.017442530021071434,0.0013263538712635636,-10.72370433807373,0.0012819967232644558,-9.844231605529785,47.64147518409175,-122.13996989891642,122.25115966796875,0.21162451803684235,0.0057474160566926,0.02750468999147415
1772180385623642000,-0.000376858253730461,0.006448367144912481,-0.0018511642701923847,11.627984046936035,-0.012159132398664951,-10.10549259185791,47.64147518409175,-122.13996989891642,122.25115966796875,0.21162451803684235,0.0057474160566926,0.02750468999147415
1772180385647767000,-0.00033718915074132383,-0.008818356320261955,0.0007609883905388415,11.192038536071777,0.023274023085832596,-10.056897163391113,47.64147518409175,-122.13996989891642,122.25115966796875,0.21162451803684235,0.0057474160566926,0.02750468999147415
1772180385662406000,-0.0002171428786823526,-0.016517847776412964,4.715227987617254e-06,10.897110939025879,-0.03191826120018959,-10.025090217590332,47.64147518409175,-122.13996989891642,122.25115966796875,0.21162451803684235,0.0057474160566926,0.02750468999147415
1772180385683854000,0.001217047218233347,-0.026486316695809364,-0.00017489517631474882,10.161033630371094,-0.03204851225018501,-9.930123329162598,47.64147518409175,-122.13996989891642,122.25115966796875,0.21162451803684235,0.0057474160566926,0.02750468999147415
1772180385708276000,8.914503268897533e-07,-0.03965446725487709,0.0025262972339987755,10.26265811920166,-0.024301700294017792,-9.933259010314941,47.641475202730895,-122.13996895793196,122.2525863647461,1.193782925605774,0.030627915635704994,-0.002032071817666292
1772180385719938000,0.00025506209931336343,-0.06068216636776924,0.0006536127766594291,13.443033218383789,-0.03249587118625641,-10.075336456298828,47.641475202730895,-122.13996895793196,122.2525863647461,1.193782925605774,0.030627915635704994,-0.002032071817666292
1772180385744829000,0.0012370775220915675,-0.05258245766162872,-0.0004742118762806058,9.627802848815918,0.0285873394459486,-9.970287322998047,47.641475202730895,-122.13996895793196,122.2525863647461,1.193782925605774,0.030627915635704994,-0.002032071817666292
1772180385756752000,0.0015046726912260056,-0.0772118866443634,-0.0010663026478141546,11.452162742614746,-0.003297347342595458,-10.048213958740234,47.641475202730895,-122.13996895793196,122.2525863647461,1.193782925605774,0.030627915635704994,-0.002032071817666292
1772180385780221000,0.0019891024567186832,-0.07382001727819443,0.0004147313302382827,5.9842352867126465,-0.006794400047510862,-9.90365219116211,47.641475202730895,-122.13996895793196,122.2525863647461,1.193782925605774,0.030627915635704994,-0.002032071817666292
1772180385804997000,0.0003695605555549264,-0.0644456148147583,0.0018136461731046438,1.444556474685669,0.03541584685444832,-9.925415992736816,47.641475246493115,-122.13996634671426,122.251220703125,2.080397844314575,0.053196296095848083,-0.014634759165346622
1772180385829277000,0.0008050735341385007,-0.06154381111264229,0.0024757746141403913,-0.14437563717365265,0.026588771492242813,-9.848943710327148,47.641475246493115,-122.13996634671426,122.251220703125,2.080397844314575,0.053196296095848083,-0.014634759165346622
1772180385841819000,0.0003753434866666794,-0.057434480637311935,-0.0008124287705868483,-0.3930206894874573,0.041489504277706146,-9.783823013305664,47.641475246493115,-122.13996634671426,122.251220703125,2.080397844314575,0.053196296095848083,-0.014634759165346622
1772180385866261000,0.0017308323876932263,-0.054122939705848694,0.0021974907722324133,-0.5787436962127686,-0.022696467116475105,-9.826300621032715,47.641475246493115,-122.13996634671426,122.251220703125,2.080397844314575,0.053196296095848083,-0.014634759165346622
1772180385889774000,-0.0022860588505864143,-0.004573401063680649,-8.715252624824643e-05,-1.0145046710968018,0.05536206066608429,-9.493219375610352,47.641475246493115,-122.13996634671426,122.251220703125,2.080397844314575,0.053196296095848083,-0.014634759165346622
1772180385908004000,-0.0008402698440477252,-0.0024626676458865404,-0.0001338151196250692,-0.5328108072280884,-0.05476907268166542,-9.870279312133789,47.64147529145513,-122.13996365240249,122.24993896484375,2.02413010597229,0.05256524309515953,0.002119399607181549
1772180385926810000,-0.00021566642681136727,0.00039385887794196606,-0.0004534406471066177,-0.5627408623695374,-0.03048008307814598,-9.943533897399902,47.64147529145513,-122.13996365240249,122.24993896484375,2.02413010597229,0.05256524309515953,0.002119399607181549
1772180385952637000,0.0004135070485062897,0.0038000550121068954,0.0006558081950061023,-0.5819693207740784,-0.02977244183421135,-9.955489158630371,47.64147529145513,-122.13996365240249,122.24993896484375,2.02413010597229,0.05256524309515953,0.002119399607181549
1772180385965555000,0.0007982702227309346,0.0056655327789485455,-0.0017917013028636575,-0.6498938798904419,-0.011279107071459293,-9.960172653198242,47.64147529145513,-122.13996365240249,122.24993896484375,2.02413010597229,0.05256524309515953,0.002119399607181549
1772180385977455000,0.000652967719361186,0.005881240591406822,-0.001643613912165165,-0.6071589589118958,-0.008938395418226719,-9.810516357421875,47.64147529145513,-122.13996365240249,122.24993896484375,2.02413010597229,0.05256524309515953,0.002119399607181549
1772180386013032000,0.00048039568355306983,0.00886763446033001,0.0003413396771065891,-0.6408383846282959,-0.016642889007925987,-9.849719047546387,47.64147534492632,-122.13996068867021,122.24989318847656,1.9661165475845337,0.05032375082373619,-0.008501389063894749
1772180386027084000,0.0005307929241098464,0.009726813063025475,-0.0005873764748685062,-0.5634400844573975,-0.030698532238602638,-9.816668510437012,47.64147534492632,-122.13996068867021,122.24989318847656,1.9661165475845337,0.05032375082373619,-0.008501389063894749
1772180386051600000,0.001179379876703024,0.014477008022367954,0.0004314369580242783,-0.7194731831550598,-0.0027241548523306847,-9.987008094787598,47.64147534492632,-122.13996068867021,122.24989318847656,1.9661165475845337,0.05032375082373619,-0.008501389063894749
1772180386063591000,-0.00012783441343344748,0.01194833405315876,0.0008560303831472993,-0.5433769226074219,-0.016454165801405907,-9.661023139953613,47.64147534492632,-122.13996068867021,122.24989318847656,1.9661165475845337,0.05032375082373619,-0.008501389063894749
1772180386089237000,-0.0015238628257066011,0.012761872261762619,-0.00036459611146710813,-0.533555269241333,-0.02434852160513401,-9.759603500366211,47.64147534492632,-122.13996068867021,122.24989318847656,1.9661165475845337,0.05032375082373619,-0.008501389063894749
1772180386112659000,-0.0022949487902224064,0.01778094470500946,-0.0016623192932456732,-0.652747392654419,0.012431807816028595,-9.783401489257812,47.64147534492632,-122.13996068867021,122.24989318847656,1.9661165475845337,0.05032375082373619,-0.008501389063894749
1772180386125176000,-0.0015602619387209415,0.015454469248652458,0.0003341917763464153,-0.5919926762580872,-0.030391590669751167,-9.787418365478516,47.64147539295277,-122.13995782476592,122.24839782714844,1.906702995300293,0.04877987876534462,-0.010141730308532715
1772180386150706000,0.00043680513044819236,0.01670106314122677,-0.0007945187389850616,-0.5368189215660095,-0.012891851365566254,-9.847007751464844,47.64147539295277,-122.13995782476592,122.24839782714844,1.906702995300293,0.04877987876534462,-0.010141730308532715
1772180386163036000,-0.0015316091012209654,0.015860911458730698,0.00034559579216875136,-0.5269739031791687,-0.001267613610252738,-9.782669067382812,47.64147539295277,-122.13995782476592,122.24839782714844,1.906702995300293,0.04877987876534462,-0.010141730308532715
1772180386188256000,-1.2922697351314127e-05,0.01574501022696495,0.0008147194748744369,-0.48988965153694153,0.020625052973628044,-9.753585815429688,47.64147539295277,-122.13995782476592,122.24839782714844,1.906702995300293,0.04877987876534462,-0.010141730308532715
1772180386200648000,0.0002167968632420525,0.019076786935329437,0.0001504656538600102,-0.6084564924240112,7.786898640915751e-05,-9.805215835571289,47.64147539295277,-122.13995782476592,122.24839782714844,1.906702995300293,0.04877987876534462,-0.010141730308532715
1772180386225590000,-0.00024369050515815616,0.020516924560070038,0.0005765816895291209,-0.60930997133255,-0.0021385226864367723,-9.766250610351562,47.64147543570454,-122.13995533330323,122.24732208251953,1.8547990322113037,0.04746545851230621,-0.008875027298927307
1772180386249068000,0.0009256888879463077,0.0234499704092741,-0.0010654383804649115,-0.6124405860900879,-0.021585514768958092,-9.944591522216797,47.64147543570454,-122.13995533330323,122.24732208251953,1.8547990322113037,0.04746545851230621,-0.008875027298927307
1772180386274644000,-6.171155837364495e-05,0.01675553247332573,0.00019566057017073035,-0.5261825323104858,-0.015858253464102745,-9.853827476501465,47.64147543570454,-122.13995533330323,122.24732208251953,1.8547990322113037,0.04746545851230621,-0.008875027298927307
1772180386286443000,-0.0009378251270391047,0.019513994455337524,0.00011506857117637992,-0.49139639735221863,-0.01842411607503891,-9.784724235534668,47.64147543570454,-122.13995533330323,122.24732208251953,1.8547990322113037,0.04746545851230621,-0.008875027298927307
1772180386299080000,-3.559995093382895e-06,0.020675916224718094,-0.0002454990171827376,-0.5777608752250671,-0.016122542321681976,-9.802062034606934,47.64147543570454,-122.13995533330323,122.24732208251953,1.8547990322113037,0.04746545851230621,-0.008875027298927307
1772180386334866000,0.0004976734635420144,0.016492199152708054,-0.0002233016275567934,-0.49541914463043213,-0.02077111415565014,-9.727119445800781,47.64147547779592,-122.13995293988322,122.24677276611328,1.8048638105392456,0.04619072750210762,-0.006358785089105368
1772180386346756000,-0.0012176973978057504,0.01771579310297966,-0.0014759735204279423,-0.4802617132663727,0.002227730117738247,-9.839917182922363,47.64147547779592,-122.13995293988322,122.24677276611328,1.8048638105392456,0.04619072750210762,-0.006358785089105368
1772180386371632000,0.0018003754084929824,0.015644514933228493,-0.0008208883227780461,-0.4549133777618408,0.005516173783689737,-9.76301097869873,47.64147547779592,-122.13995293988322,122.24677276611328,1.8048638105392456,0.04619072750210762,-0.006358785089105368
1772180386395524000,-0.0005571602960117161,0.018262989819049835,0.0008459704113192856,-0.5066747069358826,0.01058835256844759,-9.726936340332031,47.64147547779592,-122.13995293988322,122.24677276611328,1.8048638105392456,0.04619072750210762,-0.006358785089105368
1772180386408187000,-3.271159948781133e-05,0.01708810217678547,0.0008613052777945995,-0.47236597537994385,-0.01860651560127735,-9.777469635009766,47.64147547779592,-122.13995293988322,122.24677276611328,1.8048638105392456,0.04619072750210762,-0.006358785089105368
1772180386420633000,-0.00010387880320195109,0.016545800492167473,0.0008301192428916693,-0.446996808052063,0.018568290397524834,-9.777961730957031,47.64147547779592,-122.13995293988322,122.24677276611328,1.8048638105392456,0.04619072750210762,-0.006358785089105368
1772180386444518000,0.00043969659600406885,0.015892241150140762,-0.0005271730478852987,-0.5305196046829224,-0.009087181650102139,-9.81149673461914,47.64147552390977,-122.13995036149173,122.24603271484375,1.7509526014328003,0.04479719698429108,-0.0036985971964895725
1772180386469462000,-0.004831049591302872,0.014971856027841568,0.001373903127387166,-0.5653507709503174,-0.02407461404800415,-9.72883129119873,47.64147552390977,-122.13995036149173,122.24603271484375,1.7509526014328003,0.04479719698429108,-0.0036985971964895725
1772180386495692000,-0.001068804762326181,0.0021434235386550426,0.00103293196298182,-0.687471330165863,-0.013006072491407394,-9.696737289428711,47.64147552390977,-122.13995036149173,122.24603271484375,1.7509526014328003,0.04479719698429108,-0.0036985971964895725
1772180386507745000,-0.000712681794539094,0.0031963258516043425,0.0004984597326256335,-0.32415008544921875,-0.039998382329940796,-9.788775444030762,47.64147552390977,-122.13995036149173,122.24603271484375,1.7509526014328003,0.04479719698429108,-0.0036985971964895725
1772180386536927000,-0.0007802345207892358,0.0029257868882268667,1.4493831258732826e-05,-0.40478095412254333,0.03276411443948746,-9.72584342956543,47.64147552390977,-122.13995036149173,122.24603271484375,1.7509526014328003,0.04479719698429108,-0.0036985971964895725
1772180386555929000,0.001372315688058734,0.0037993222940713167,-0.0008622965542599559,-0.5112881660461426,0.03474269062280655,-9.798108100891113,47.64147556629721,-122.13994780421656,122.2464828491211,1.6856940984725952,0.04312143847346306,0.0038559904787689447
1772180386568854000,-0.0009321593679487705,0.0017592180520296097,-0.001004077261313796,-0.36816003918647766,0.023099496960639954,-9.812023162841797,47.64147556629721,-122.13994780421656,122.2464828491211,1.6856940984725952,0.04312143847346306,0.0038559904787689447
1772180386592677000,-0.00015007599722594023,0.002210681326687336,0.0002411744644632563,-0.5570932030677795,0.007355140522122383,-9.822395324707031,47.64147556629721,-122.13994780421656,122.2464828491211,1.6856940984725952,0.04312143847346306,0.0038559904787689447
1772180386616485000,-0.000356539647327736,0.00042327120900154114,0.0007730508805252612,-0.47879061102867126,-0.0015048417262732983,-9.823509216308594,47.64147556629721,-122.13994780421656,122.2464828491211,1.6856940984725952,0.04312143847346306,0.0038559904787689447
1772180386628092000,0.00023418992350343615,0.0013326655607670546,-0.0002056561061181128,-0.43215203285217285,-0.017205752432346344,-9.847725868225098,47.64147556629721,-122.13994780421656,122.2464828491211,1.6856940984725952,0.04312143847346306,0.0038559904787689447
1772180386652502000,1.0540912626311183e-05,0.0018334111664444208,-0.001762113068252802,-0.3964138329029083,0.023536689579486847,-9.859295845031738,47.64147560316706,-122.13994567972821,122.24677276611328,1.6398283243179321,0.04197172448039055,0.001485220156610012
1772180386677483000,0.00030423441785387695,0.0017475058557465672,-0.0006946943467482924,-0.4182293713092804,-0.004197003319859505,-9.812899589538574,47.64147560316706,-122.13994567972821,122.24677276611328,1.6398283243179321,0.04197172448039055,0.001485220156610012
1772180386689472000,0.0005479669780470431,0.001708079013042152,-0.00022492598509415984,-0.4769594073295593,0.020181437954306602,-9.814462661743164,47.64147560316706,-122.13994567972821,122.24677276611328,1.6398283243179321,0.04197172448039055,0.001485220156610012
1772180386713804000,9.102864714805037e-05,-0.0017372225411236286,0.00010254962398903444,-0.39700719714164734,-0.018165888264775276,-9.81064510345459,47.64147560316706,-122.13994567972821,122.24677276611328,1.6398283243179321,0.04197172448039055,0.001485220156610012
1772180386736817000,-0.0012147120432928205,-1.580601019668393e-05,0.00043992133578285575,-0.40444260835647583,0.007179270498454571,-9.755690574645996,47.64147560316706,-122.13994567972821,122.24677276611328,1.6398283243179321,0.04197172448039055,0.001485220156610012
1772180386753379000,-0.0011056580115109682,-0.0009503727196715772,-0.00019438497838564217,-0.45279625058174133,0.02788248285651207,-9.862359046936035,47.64147564302917,-122.13994333231904,122.24671936035156,1.5895105600357056,0.040676821023225784,-0.0001344937481917441
1772180386773377000,0.000986940343864262,0.0003551587578840554,0.00012909236829727888,-0.4217876195907593,0.026353225111961365,-9.813045501708984,47.64147564302917,-122.13994333231904,122.24671936035156,1.5895105600357056,0.040676821023225784,-0.0001344937481917441
1772180386785899000,-0.0009863392915576696,-0.00026552550843916833,0.001371447229757905,-0.4675980806350708,0.013897351920604706,-9.86117172241211,47.64147564302917,-122.13994333231904,122.24671936035156,1.5895105600357056,0.040676821023225784,-0.0001344937481917441
1772180386811234000,0.0004959995276294649,0.0007683759904466569,-0.00019180374511051923,-0.4284247159957886,0.00363498879596591,-9.81914234161377,47.64147564302917,-122.13994333231904,122.24671936035156,1.5895105600357056,0.040676821023225784,-0.0001344937481917441
1772180386835046000,0.0002849035954568535,-0.0008132559014484286,0.0009467764175496995,-0.4106970727443695,0.024544168263673782,-9.770176887512207,47.64147564302917,-122.13994333231904,122.24671936035156,1.5895105600357056,0.040676821023225784,-0.0001344937481917441
1772180386846925000,-0.00051884661661461,0.0005613904795609415,-0.0005156638799235225,-0.409765362739563,-0.033307481557130814,-9.790609359741211,47.64147564302917,-122.13994333231904,122.24671936035156,1.5895105600357056,0.040676821023225784,-0.0001344937481917441
1772180386870596000,-0.00017445166304241866,-0.0020458560902625322,0.00026818650076165795,-0.44348210096359253,-0.02010449394583702,-9.802794456481934,47.641475683706865,-122.13994105093005,122.24696350097656,1.5408059358596802,0.039351463317871094,-0.0011437841458246112
1772180386897346000,-0.001036818022839725,-0.0010845602955669165,-0.0009128260426223278,-0.35796770453453064,0.0149302389472723,-9.761669158935547,47.641475683706865,-122.13994105093005,122.24696350097656,1.5408059358596802,0.039351463317871094,-0.0011437841458246112
1772180386910336000,-0.000181285897269845,-0.0023765908554196358,-0.0007171257166191936,-0.5565565228462219,-0.02401561290025711,-9.922698974609375,47.641475683706865,-122.13994105093005,122.24696350097656,1.5408059358596802,0.039351463317871094,-0.0011437841458246112
1772180386922689000,-0.0005928699392825365,-0.0016144717810675502,-0.00012984138447791338,-0.3865606486797333,-0.011361698620021343,-9.772196769714355,47.641475683706865,-122.13994105093005,122.24696350097656,1.5408059358596802,0.039351463317871094,-0.0011437841458246112
1772180386959021000,0.0006464704056270421,-0.000545186223462224,-0.0009614294394850731,-0.41384074091911316,-0.017994720488786697,-9.819890022277832,47.641475683706865,-122.13994105093005,122.24696350097656,1.5408059358596802,0.039351463317871094,-0.0011437841458246112
1772180386975088000,-0.0010901611531153321,-0.0011828230926766992,-0.0011082045966759324,-0.3649432957172394,0.005934667773544788,-9.735099792480469,47.64147572021308,-122.13993880178435,122.24632263183594,1.4929604530334473,0.03810665383934975,-0.0007290294743143022
1772180386994552000,-0.00020487437723204494,0.00018124550115317106,-0.0002686807420104742,-0.4084394574165344,0.02571653574705124,-9.730772972106934,47.64147572021308,-122.13993880178435,122.24632263183594,1.4929604530334473,0.03810665383934975,-0.0007290294743143022
1772180387018672000,-0.000518843880854547,0.0012144104111939669,-0.0003741807013284415,-0.34165745973587036,0.0014769539702683687,-9.778678894042969,47.64147572021308,-122.13993880178435,122.24632263183594,1.4929604530334473,0.03810665383934975,-0.0007290294743143022
1772180387030847000,0.0002955478266812861,-0.0010874475119635463,0.0005039942916482687,-0.4756386876106262,-0.015475984662771225,-9.81840705871582,47.64147572021308,-122.13993880178435,122.24632263183594,1.4929604530334473,0.03810665383934975,-0.0007290294743143022
1772180387055184000,-0.00012632660218514502,-0.0015151806874200702,0.0006090400274842978,-0.3335496485233307,-0.013469456695020199,-9.79838752746582,47.64147572021308,-122.13993880178435,122.24632263183594,1.4929604530334473,0.03810665383934975,-0.0007290294743143022
1772180387067162000,-0.00010438275057822466,-0.0010832245461642742,0.0005759240011684597,-0.3934551179409027,0.008927472867071629,-9.839926719665527,47.64147572021308,-122.13993880178435,122.24632263183594,1.4929604530334473,0.03810665383934975,-0.0007290294743143022
1772180387091084000,0.0001933193561853841,0.0014492323389276862,9.756752842804417e-05,-0.3819608986377716,-0.0058986954391002655,-9.822996139526367,47.641475758255474,-122.13993667631726,122.24652099609375,1.4480631351470947,0.036997634917497635,-0.0010807145154103637
1772180387116642000,-0.0005245213978923857,-0.0002795896725729108,-0.00019340628932695836,-0.313296914100647,0.006632570642977953,-9.777142524719238,47.641475758255474,-122.13993667631726,122.24652099609375,1.4480631351470947,0.036997634917497635,-0.0010807145154103637
1772180387128601000,-0.0007066461257636547,-0.0003987712552770972,0.001057649846188724,-0.46486353874206543,0.0037646337877959013,-9.892669677734375,47.641475758255474,-122.13993667631726,122.24652099609375,1.4480631351470947,0.036997634917497635,-0.0010807145154103637
1772180387152877000,-0.0016805328195914626,0.000508357654325664,-0.002572346478700638,-0.3770660161972046,0.008208326064050198,-9.84638500213623,47.641475758255474,-122.13993667631726,122.24652099609375,1.4480631351470947,0.036997634917497635,-0.0010807145154103637
1772180387178948000,-0.000328517344314605,-0.00046479052980430424,0.00028845551423728466,-0.3995712697505951,0.006994316820055246,-9.926849365234375,47.641475758255474,-122.13993667631726,122.24652099609375,1.4480631351470947,0.036997634917497635,-0.0010807145154103637
1772180387196659000,-3.3731339499354362e-06,-0.0014497705269604921,-0.00014314895088318735,-0.3506002724170685,-0.006968437694013119,-9.76854133605957,47.641475794264984,-122.1399345847111,122.2461929321289,1.4038615226745605,0.035799410194158554,-0.0009808276081457734
1772180387216738000,-0.0011872773757204413,-0.002140297321602702,-0.0007235502707771957,-0.4230482280254364,-0.028110651299357414,-9.744834899902344,47.641475794264984,-122.1399345847111,122.2461929321289,1.4038615226745605,0.035799410194158554,-0.0009808276081457734
1772180387229201000,-0.00019076108583249152,-0.00037604846875183284,-0.000439445924712345,-0.3345107436180115,-0.03272298350930214,-9.70500373840332,47.641475794264984,-122.1399345847111,122.2461929321289,1.4038615226745605,0.035799410194158554,-0.0009808276081457734
1772180387254468000,-0.0016255504451692104,0.000123427074868232,0.0011280977632850409,-0.38087528944015503,-0.008431916125118732,-9.814327239990234,47.641475794264984,-122.1399345847111,122.2461929321289,1.4038615226745605,0.035799410194158554,-0.0009808276081457734
1772180387280097000,-0.0006441251607611775,0.0008565968018956482,-0.00025823639589361846,-0.42901182174682617,0.011094436049461365,-9.830850601196289,47.641475794264984,-122.1399345847111,122.2461929321289,1.4038615226745605,0.035799410194158554,-0.0009808276081457734
1772180387298089000,-0.0009756852523423731,-0.0007900184718891978,5.572888403548859e-05,-0.3132930397987366,7.760475273244083e-05,-9.727992057800293,47.64147582589618,-122.13993272347818,122.2462158203125,1.364453911781311,0.034875862300395966,-0.00015162549971137196
1772180387316330000,0.0005915422807447612,-0.0006273076869547367,0.00046869710786268115,-0.35974743962287903,-0.019863968715071678,-9.683398246765137,47.64147582589618,-122.13993272347818,122.2462158203125,1.364453911781311,0.034875862300395966,-0.00015162549971137196
1772180387339183000,0.0008895251667127013,-0.0011811640579253435,0.00013303679588716477,-0.402453750371933,-0.03190390020608902,-9.832332611083984,47.64147582589618,-122.13993272347818,122.2462158203125,1.364453911781311,0.034875862300395966,-0.00015162549971137196
1772180387357261000,-0.00032146964804269373,-0.0008511582273058593,-0.0006116559961810708,-0.3893134891986847,0.014937221072614193,-9.76720905303955,47.64147582589618,-122.13993272347818,122.2462158203125,1.364453911781311,0.034875862300395966,-0.00015162549971137196
1772180387377367000,0.0006746600847691298,-0.0003320349787827581,0.0001998827647184953,-0.36106738448143005,-0.01512457150965929,-9.839436531066895,47.64147582589618,-122.13993272347818,122.2462158203125,1.364453911781311,0.034875862300395966,-0.00015162549971137196
1772180387389078000,-0.001458236132748425,0.0003523194172885269,-0.002063686726614833,-0.36039087176322937,0.014064176939427853,-9.811375617980957,47.64147582589618,-122.13993272347818,122.2462158203125,1.364453911781311,0.034875862300395966,-0.00015162549971137196
1772180387415124000,0.00025621778331696987,-0.0003032374370377511,-0.00048512741341255605,-0.3511299192905426,-0.02699071727693081,-9.779698371887207,47.64147586079325,-122.13993073802561,122.24630737304688,1.3227863311767578,0.0337500236928463,-0.0009491561213508248
1772180387440811000,0.00030567406793124974,-0.00047238211845979095,-0.0003451087395660579,-0.3163403272628784,-0.010641517117619514,-9.802929878234863,47.64147586079325,-122.13993073802561,122.24630737304688,1.3227863311767578,0.0337500236928463,-0.0009491561213508248
1772180387452994000,1.9857194274663925e-05,-0.0013494361191987991,0.0005481647094711661,-0.423114150762558,0.005770354997366667,-9.832611083984375,47.64147586079325,-122.13993073802561,122.24630737304688,1.3227863311767578,0.0337500236928463,-0.0009491561213508248
1772180387476944000,-0.0012144652428105474,-0.00020072875486221164,0.0009752762853167951,-0.3806210458278656,-0.02448245696723461,-9.77780532836914,47.64147586079325,-122.13993073802561,122.24630737304688,1.3227863311767578,0.0337500236928463,-0.0009491561213508248
1772180387501770000,0.0005587360938079655,5.695706931874156e-05,-9.47903681662865e-05,-0.37225714325904846,0.021906139329075813,-9.867854118347168,47.64147586079325,-122.13993073802561,122.24630737304688,1.3227863311767578,0.0337500236928463,-0.0009491561213508248
1772180387519288000,1.7029346054187045e-05,0.0005800980143249035,0.0004174090572632849,-0.3330097198486328,0.01624269410967827,-9.805765151977539,47.641475893167,-122.13992881201314,122.24617004394531,1.2821403741836548,0.032700229436159134,0.00031224393751472235
1772180387539790000,0.0005258897435851395,-0.0011787801049649715,-0.00011536816600710154,-0.4283132553100586,0.019454047083854675,-9.799751281738281,47.641475893167,-122.13992881201314,122.24617004394531,1.2821403741836548,0.032700229436159134,0.00031224393751472235
1772180387559427000,0.0010256184032186866,-0.00041560374666005373,-0.0003418666310608387,-0.2946816086769104,-0.020503494888544083,-9.732558250427246,47.641475893167,-122.13992881201314,122.24617004394531,1.2821403741836548,0.032700229436159134,0.00031224393751472235
1772180387578156000,-0.00022012076806277037,-0.00046383909648284316,0.0004941992810927331,-0.48468509316444397,0.029951728880405426,-9.82512378692627,47.641475893167,-122.13992881201314,122.24617004394531,1.2821403741836548,0.032700229436159134,0.00031224393751472235
1772180387591589000,0.0002723507350310683,0.00017248126096092165,2.8446789656300098e-05,-0.2953428030014038,-0.007757491432130337,-9.680906295776367,47.641475893167,-122.13992881201314,122.24617004394531,1.2821403741836548,0.032700229436159134,0.00031224393751472235
1772180387621826000,-0.0004014274454675615,-0.00020563295402098447,-0.00038241560105234385,-0.34445032477378845,-0.014796415343880653,-9.842767715454102,47.64147592299802,-122.1399270815097,122.24612426757812,1.2453314065933228,0.03175802528858185,-0.0004929929273203015
1772180387640797000,-0.0011261400068178773,-0.0005709059187211096,-0.0008171996450982988,-0.37711629271507263,-0.03417890891432762,-9.768404006958008,47.64147592299802,-122.1399270815097,122.24612426757812,1.2453314065933228,0.03175802528858185,-0.0004929929273203015
1772180387653889000,0.00040563999209553003,0.0003155144222546369,-0.00015273928875103593,-0.34606653451919556,0.03186122700572014,-9.795002937316895,47.64147592299802,-122.1399270815097,122.24612426757812,1.2453314065933228,0.03175802528858185,-0.0004929929273203015
1772180387653889000,0.00040563999209553003,0.0003155144222546369,-0.00015273928875103593,-0.34606653451919556,0.03186122700572014,-9.795002937316895,47.64147592299802,-122.1399270815097,122.24612426757812,1.2453314065933228,0.03175802528858185,-0.0004929929273203015
1772180387690258000,0.004888984374701977,-0.004768533632159233,0.0006221499643288553,-0.43061956763267517,0.17334286868572235,-9.9093656539917,47.64147592299802,-122.1399270815097,122.24612426757812,1.2453314065933228,0.03175802528858185,-0.0004929929273203015
1772180387715970000,-0.00031826994381845,-0.01587142050266266,-0.00082219677278772,-1.618546485900879,0.0024797283113002777,-10.795058250427246,47.64147592299802,-122.1399270815097,122.24612426757812,1.2453314065933228,0.03175802528858185,-0.0004929929273203015
1772180387740318000,0.00025481978082098067,-0.00826067104935646,-0.0011704690987244248,-0.477136492729187,0.02342371828854084,-10.283486366271973,47.64147595314163,-122.13992531077179,122.24584197998047,1.202255368232727,0.03073546104133129,0.007411810103803873
1772180387759680000,6.52936942060478e-05,-0.0032627051696181297,-2.8177033527754247e-05,-0.24925683438777924,0.006657736841589212,-9.525625228881836,47.64147595314163,-122.13992531077179,122.24584197998047,1.202255368232727,0.03073546104133129,0.007411810103803873
1772180387781337000,0.0007216595113277435,-0.002710788045078516,0.0012104320339858532,-0.32366514205932617,-0.002790487138554454,-9.850641250610352,47.64147595314163,-122.13992531077179,122.24584197998047,1.202255368232727,0.03073546104133129,0.007411810103803873
1772180387794590000,0.0010378827573731542,-0.0027175298891961575,-0.0006605626549571753,-0.3283456265926361,-0.011554083786904812,-9.800430297851562,47.64147595314163,-122.13992531077179,122.24584197998047,1.202255368232727,0.03073546104133129,0.007411810103803873
1772180387807964000,0.0003365179873071611,-0.0024891123175621033,-0.00016155253979377449,-0.35620805621147156,0.010453869588673115,-9.857747077941895,47.64147595314163,-122.13992531077179,122.24584197998047,1.202255368232727,0.03073546104133129,0.007411810103803873
1772180387840289000,0.0007089494611136615,-0.0021348190493881702,-0.0008161119767464697,-0.25906887650489807,-0.0005017591756768525,-9.853402137756348,47.641475984187046,-122.13992360523866,122.24652862548828,1.1676150560379028,0.029699202626943588,0.0015900369035080075
1772180387850560000,0.00041712785605341196,-0.003544754348695278,-0.0003324508434161544,-0.38891422748565674,0.0005945542361587286,-10.032632827758789,47.641475984187046,-122.13992360523866,122.24652862548828,1.1676150560379028,0.029699202626943588,0.0015900369035080075
1772180387881381000,-0.00019564360263757408,-0.0010315045947209,-0.00014698457380291075,-0.3080880343914032,0.011124622076749802,-9.834497451782227,47.641475984187046,-122.13992360523866,122.24652862548828,1.1676150560379028,0.029699202626943588,0.0015900369035080075
1772180387895613000,0.0008281003683805466,-0.002478456124663353,0.001090311910957098,-0.3055212199687958,0.011560548096895218,-9.929603576660156,47.641475984187046,-122.13992360523866,122.24652862548828,1.1676150560379028,0.029699202626943588,0.0015900369035080075
1772180387909974000,0.0011884690029546618,-0.00043865072075277567,0.00018912542145699263,-0.35948657989501953,0.0010427513625472784,-9.853574752807617,47.641475984187046,-122.13992360523866,122.24652862548828,1.1676150560379028,0.029699202626943588,0.0015900369035080075
1772180387924408000,-0.00018831825582310557,-0.0024642376229166985,0.0004063402011524886,-0.3057838976383209,-0.01212081778794527,-9.729524612426758,47.641476010010415,-122.13992204872805,122.24639892578125,1.1351969242095947,0.028865033760666847,-0.0002476908848620951
1772180387952594000,0.001052813371643424,-0.001337016699835658,0.0007827194640412927,-0.28753185272216797,0.004702655132859945,-9.798796653747559,47.641476010010415,-122.13992204872805,122.24639892578125,1.1351969242095947,0.028865033760666847,-0.0002476908848620951
1772180387976478000,-0.0006532631814479828,-0.00112563103903085,0.0012800940312445164,-0.27073588967323303,-0.014436907134950161,-9.529647827148438,47.641476010010415,-122.13992204872805,122.24639892578125,1.1351969242095947,0.028865033760666847,-0.0002476908848620951
1772180388001429000,0.001921940827742219,-0.0001478233898524195,0.00023001260706223547,-0.29147037863731384,0.023003196343779564,-9.767998695373535,47.641476010010415,-122.13992204872805,122.24639892578125,1.1351969242095947,0.028865033760666847,-0.0002476908848620951
1772180388013123000,-0.0009662985103204846,-0.00040378820267505944,0.00036242077476345,-0.30189192295074463,-0.0033324810210615396,-9.873600959777832,47.641476010010415,-122.13992204872805,122.24639892578125,1.1351969242095947,0.028865033760666847,-0.0002476908848620951
1772180388039757000,0.0007935405010357499,0.0001766077766660601,-0.0007648791070096195,-0.24328432977199554,0.0068595088087022305,-9.74419116973877,47.641476010010415,-122.13992204872805,122.24639892578125,1.1351969242095947,0.028865033760666847,-0.0002476908848620951
1772180388062569000,-0.0003817451070062816,0.001603717915713787,0.0009990979451686144,-0.36881956458091736,-0.031870633363723755,-9.638154983520508,47.641476039759944,-122.1399203017584,122.24633026123047,1.0989265441894531,0.027958866208791733,-0.001244282815605402
1772180388074278000,-0.000734387431293726,-5.001394310966134e-05,0.0006187277613207698,-0.33393630385398865,0.037422578781843185,-9.752774238586426,47.641476039759944,-122.1399203017584,122.24633026123047,1.0989265441894531,0.027958866208791733,-0.001244282815605402
1772180388097446000,-0.0006485743215307593,0.0009062255267053843,-0.00028910700348205864,-0.34055307507514954,0.0033177915029227734,-9.811253547668457,47.641476039759944,-122.1399203017584,122.24633026123047,1.0989265441894531,0.027958866208791733,-0.001244282815605402
1772180388121402000,-0.00010819098679348826,0.0014384323731064796,-0.00026669318322092295,-0.3222185969352722,-0.026710769161581993,-9.813021659851074,47.641476039759944,-122.1399203017584,122.24633026123047,1.0989265441894531,0.027958866208791733,-0.001244282815605402
1772180388144938000,0.000670416746288538,4.572898615151644e-05,-0.0006453116657212377,-0.30366188287734985,0.00564527977257967,-9.79196548461914,47.641476039759944,-122.1399203017584,122.24633026123047,1.0989265441894531,0.027958866208791733,-0.001244282815605402
1772180388161192000,-1.329677616013214e-05,0.001513828756287694,-2.5737826945260167e-05,-0.3052622973918915,0.018145093694329262,-9.778308868408203,47.64147606638052,-122.13991877820533,122.24645233154297,1.0672577619552612,0.027165856212377548,-4.6019034925848246e-05
1772180388178824000,-0.0006531181279569864,0.0026387758553028107,0.0012508974177762866,-0.2877236604690552,-0.03923258185386658,-9.784672737121582,47.64147606638052,-122.13991877820533,122.24645233154297,1.0672577619552612,0.027165856212377548,-4.6019034925848246e-05
1772180388202042000,-0.0011484650894999504,0.002495433669537306,0.0001627753663342446,-0.25459298491477966,0.012937482446432114,-9.860760688781738,47.64147606638052,-122.13991877820533,122.24645233154297,1.0672577619552612,0.027165856212377548,-4.6019034925848246e-05
1772180388215063000,-0.001998174237087369,0.0013379808515310287,-0.0006404655869118869,-0.31922316551208496,-0.007643341552466154,-9.836006164550781,47.64147606638052,-122.13991877820533,122.24645233154297,1.0672577619552612,0.027165856212377548,-4.6019034925848246e-05
1772180388239345000,-0.00024639954790472984,0.0018030100036412477,0.0006954774726182222,-0.28498998284339905,-0.021434549242258072,-9.87944507598877,47.64147606638052,-122.13991877820533,122.24645233154297,1.0672577619552612,0.027165856212377548,-4.6019034925848246e-05
1772180388251552000,-0.001305065699853003,0.0018172669224441051,-0.00035286045749671757,-0.2609100043773651,0.009252769872546196,-9.738768577575684,47.64147606638052,-122.13991877820533,122.24645233154297,1.0672577619552612,0.027165856212377548,-4.6019034925848246e-05
1772180388276601000,0.0008493943605571985,0.00015143409837037325,0.00010867087257793173,-0.2695513367652893,-0.03309950232505798,-9.839845657348633,47.641476091064085,-122.13991728990953,122.24613189697266,1.0362428426742554,0.026380812749266624,-0.0009477589628659189
1772180388302119000,-0.0005963704315945506,0.0015432911459356546,0.0010877723107114434,-0.2933151125907898,0.03290139138698578,-9.762569427490234,47.641476091064085,-122.13991728990953,122.24613189697266,1.0362428426742554,0.026380812749266624,-0.0009477589628659189
1772180388326162000,-0.0011084157740697265,0.0012556335423141718,-0.0009817905956879258,-0.2741956412792206,0.014025053940713406,-9.815572738647461,47.641476091064085,-122.13991728990953,122.24613189697266,1.0362428426742554,0.026380812749266624,-0.0009477589628659189
1772180388338597000,-0.00010019194451160729,0.0023634114768356085,-7.420170732075348e-05,-0.25553834438323975,-0.03800629824399948,-9.804488182067871,47.641476091064085,-122.13991728990953,122.24613189697266,1.0362428426742554,0.026380812749266624,-0.0009477589628659189
1772180388364646000,-0.0003699322696775198,0.0018196487799286842,0.00019836283172480762,-0.27785682678222656,-0.04048347473144531,-9.803742408752441,47.641476091064085,-122.13991728990953,122.24613189697266,1.0362428426742554,0.026380812749266624,-0.0009477589628659189
1772180388364646000,-0.0003699322696775198,0.0018196487799286842,0.00019836283172480762,-0.27785682678222656,-0.04048347473144531,-9.803742408752441,47.641476091064085,-122.13991728990953,122.24613189697266,1.0362428426742554,0.026380812749266624,-0.0009477589628659189
1772180388397746000,0.0010805141646414995,0.0013216075021773577,0.00034677222720347345,-0.23076693713665009,0.025256354361772537,-9.772378921508789,47.641476117238724,-122.13991577171991,122.24609375,1.0046206712722778,0.025574838742613792,-0.0008726450032554567
1772180388422605000,0.0006554622668772936,0.002551651792600751,4.354045813670382e-05,-0.12720239162445068,0.0016298657283186913,-9.251043319702148,47.641476117238724,-122.13991577171991,122.24609375,1.0046206712722778,0.025574838742613792,-0.0008726450032554567
1772180388446533000,-0.0015863393200561404,0.0011168716009706259,0.00019963578961323947,-0.2707653045654297,0.0077439043670892715,-9.819533348083496,47.641476117238724,-122.13991577171991,122.24609375,1.0046206712722778,0.025574838742613792,-0.0008726450032554567
1772180388458265000,-0.00028652214678004384,0.0029712547548115253,-0.0009049815707840025,-0.23872168362140656,0.007703293580561876,-9.720973014831543,47.641476117238724,-122.13991577171991,122.24609375,1.0046206712722778,0.025574838742613792,-0.0008726450032554567
1772180388470303000,-0.0004750950902234763,0.0028102013748139143,0.0008540962007828057,-0.25669652223587036,-0.015190125443041325,-9.818193435668945,47.641476117238724,-122.13991577171991,122.24609375,1.0046206712722778,0.025574838742613792,-0.0008726450032554567
1772180388504805000,-0.0027548379730433226,0.0008704266510903835,0.0008218424627557397,-0.3696024417877197,0.01963084191083908,-9.772144317626953,47.64147614324105,-122.139914209414,122.24583435058594,0.9720215201377869,0.024740198627114296,-7.71048289607279e-05
1772180388516815000,-0.0006295175990089774,0.0017832026351243258,-0.0006327293813228607,-0.2515195906162262,0.020983176305890083,-9.730340003967285,47.64147614324105,-122.139914209414,122.24583435058594,0.9720215201377869,0.024740198627114296,-7.71048289607279e-05
1772180388541570000,-0.0014175670221447945,-0.001084435498341918,0.0011475137434899807,-0.2977128326892853,0.033772099763154984,-9.847675323486328,47.64147614324105,-122.139914209414,122.24583435058594,0.9720215201377869,0.024740198627114296,-7.71048289607279e-05
1772180388566199000,-0.0016377703286707401,0.0015534108970314264,0.0002535995445214212,-0.27710944414138794,0.03439946472644806,-9.796340942382812,47.64147614324105,-122.139914209414,122.24583435058594,0.9720215201377869,0.024740198627114296,-7.71048289607279e-05
1772180388579843000,-0.0009823275031521916,0.0010687680914998055,0.00033515685936436057,-0.24486583471298218,-0.021828079596161842,-9.805832862854004,47.64147614324105,-122.139914209414,122.24583435058594,0.9720215201377869,0.024740198627114296,-7.71048289607279e-05
1772180388603795000,0.0019646184518933296,0.00046190511784516275,-0.0012538825394585729,-0.3277285397052765,-0.05467565730214119,-9.963171005249023,47.64147616653645,-122.13991298240104,122.24639129638672,0.9454495310783386,0.024311082437634468,0.0004602069966495037
1772180388615968000,0.0002822890819516033,-0.0013737628469243646,-0.00046101000043563545,-0.26919040083885193,0.00396715197712183,-9.738492012023926,47.64147616653645,-122.13991298240104,122.24639129638672,0.9454495310783386,0.024311082437634468,0.0004602069966495037
1772180388640342000,0.0009392575593665242,0.0005521574639715254,0.0009077314171008766,-0.2671099305152893,0.02246948890388012,-9.852889060974121,47.64147616653645,-122.13991298240104,122.24639129638672,0.9454495310783386,0.024311082437634468,0.0004602069966495037
1772180388664598000,0.0003726741997525096,0.00043032097164541483,0.0002474033390171826,-0.23388594388961792,0.02554875612258911,-9.803326606750488,47.64147616653645,-122.13991298240104,122.24639129638672,0.9454495310783386,0.024311082437634468,0.0004602069966495037
1772180388677232000,0.0019424553029239178,-0.0006845677853561938,5.3353003750089556e-05,-0.24202856421470642,0.016238681972026825,-9.821487426757812,47.64147616653645,-122.13991298240104,122.24639129638672,0.9454495310783386,0.024311082437634468,0.0004602069966495037
1772180388706452000,-0.00011666829232126474,0.0014623883180320263,-0.0008490093750879169,-0.23717211186885834,0.022474508732557297,-9.870638847351074,47.641476188124344,-122.13991160932054,122.24596405029297,0.916327714920044,0.023256905376911163,-0.00019790047372225672
1772180388727592000,-0.00014054295024834573,-0.0004849006363656372,-0.001114872400648892,-0.23243913054466248,0.011321945115923882,-9.710334777832031,47.641476188124344,-122.13991160932054,122.24596405029297,0.916327714920044,0.023256905376911163,-0.00019790047372225672
1772180388739577000,0.00012821595009882003,-0.0004260364221408963,0.0008880438981577754,-0.2087702602148056,0.00253297365270555,-9.849300384521484,47.641476188124344,-122.13991160932054,122.24596405029297,0.916327714920044,0.023256905376911163,-0.00019790047372225672
1772180388763473000,-0.00016096464241854846,0.00015134477871470153,-0.00013287999900057912,-0.2525908648967743,-0.008635876700282097,-9.735978126525879,47.641476188124344,-122.13991160932054,122.24596405029297,0.916327714920044,0.023256905376911163,-0.00019790047372225672
1772180388788358000,3.052409738302231e-07,0.00010201519762631506,-0.00023880177468527108,-0.2532937824726105,0.0162421353161335,-9.773233413696289,47.641476188124344,-122.13991160932054,122.24596405029297,0.916327714920044,0.023256905376911163,-0.00019790047372225672
1772180388808457000,0.0004776837886311114,-0.0005685404175892472,-0.00015607464592903852,-0.23873452842235565,-0.0031459121964871883,-9.82819938659668,47.64147620873187,-122.13991042937714,122.2460708618164,0.8917779326438904,0.022620247676968575,0.000227539028855972
1772180388825858000,0.0010880170157179236,0.0016544662648811936,-3.437250779825263e-05,-0.2708606719970703,0.011057514697313309,-9.774540901184082,47.64147620873187,-122.13991042937714,122.2460708618164,0.8917779326438904,0.022620247676968575,0.000227539028855972
1772180388838888000,-0.0010105380788445473,-2.5480761905782856e-05,-0.0014894623309373856,-0.22081629931926727,-0.025685466825962067,-9.759499549865723,47.64147620873187,-122.13991042937714,122.2460708618164,0.8917779326438904,0.022620247676968575,0.000227539028855972
1772180388864629000,0.00015437291585840285,-0.0007111903978511691,-0.00020664752810262144,-0.25951626896858215,0.016459256410598755,-9.808462142944336,47.64147620873187,-122.13991042937714,122.2460708618164,0.8917779326438904,0.022620247676968575,0.000227539028855972
1772180388878052000,-0.00015979459567461163,-0.001648734207265079,0.0011798101477324963,-0.2051023244857788,-0.01780868135392666,-9.758123397827148,47.64147620873187,-122.13991042937714,122.2460708618164,0.8917779326438904,0.022620247676968575,0.000227539028855972
1772180388902875000,-0.00047827063826844096,-0.0004344580229371786,-0.0007313411915674806,-0.27256011962890625,0.019142789766192436,-9.746185302734375,47.64147620873187,-122.13991042937714,122.2460708618164,0.8917779326438904,0.022620247676968575,0.000227539028855972
1772180388928074000,-0.0019679293036460876,-0.0009189242264255881,0.00013765509356744587,-0.17930591106414795,0.061123501509428024,-9.813672065734863,47.641476233034126,-122.1399090791565,122.24601745605469,0.8633737564086914,0.0220191590487957,-6.669155845884234e-05
1772180388939822000,0.00018743159307632595,-0.00025018281303346157,-0.0004857812891714275,-0.28150853514671326,0.027057282626628876,-9.937115669250488,47.641476233034126,-122.1399090791565,122.24601745605469,0.8633737564086914,0.0220191590487957,-6.669155845884234e-05
1772180388963581000,-0.00027290332945995033,-0.0002549421333242208,-0.00011232752876821905,-0.2246803194284439,0.022111790254712105,-9.821466445922852,47.641476233034126,-122.1399090791565,122.24601745605469,0.8633737564086914,0.0220191590487957,-6.669155845884234e-05
1772180388987570000,0.00022492723655886948,-0.0005294317379593849,0.0007504609529860318,-0.2244027554988861,0.00660138763487339,-9.773058891296387,47.641476233034126,-122.1399090791565,122.24601745605469,0.8633737564086914,0.0220191590487957,-6.669155845884234e-05
1772180388998951000,0.0007858709432184696,0.0005510905757546425,0.00012875389074906707,-0.21950028836727142,0.008884134702384472,-9.817708969116211,47.641476233034126,-122.1399090791565,122.24601745605469,0.8633737564086914,0.0220191590487957,-6.669155845884234e-05
1772180389027093000,0.0001115338527597487,-0.002939915284514427,0.0007457576575689018,-0.20642060041427612,-0.015355914831161499,-9.812962532043457,47.6414762516539,-122.13990785659941,122.24577331542969,0.8378776907920837,0.02127409167587757,0.0005058186943642795
1772180389048309000,0.0006076209247112274,-0.0005870496388524771,-0.0010520623764023185,-0.2156859189271927,-0.01640588976442814,-9.786133766174316,47.6414762516539,-122.13990785659941,122.24577331542969,0.8378776907920837,0.02127409167587757,0.0005058186943642795
1772180389060115000,-0.0010096747428178787,-0.001702255685813725,-0.0004059833590872586,-0.20988132059574127,0.0029891757294535637,-9.805806159973145,47.6414762516539,-122.13990785659941,122.24577331542969,0.8378776907920837,0.02127409167587757,0.0005058186943642795
1772180389087366000,-0.0007693233783356845,0.0013811984099447727,0.0004936083569191396,-0.17523926496505737,0.00959083717316389,-9.732099533081055,47.6414762516539,-122.13990785659941,122.24577331542969,0.8378776907920837,0.02127409167587757,0.0005058186943642795
1772180389099697000,0.0008135267999023199,-0.0006838180124759674,0.0012229515705257654,-0.1825251579284668,-0.02819286845624447,-9.902570724487305,47.6414762516539,-122.13990785659941,122.24577331542969,0.8378776907920837,0.02127409167587757,0.0005058186943642795
1772180389128033000,0.0009802290005609393,-0.000838525767903775,-0.0006723176338709891,-0.21121662855148315,-0.017989881336688995,-9.707265853881836,47.64147627400451,-122.1399067443539,122.24649810791016,0.8148049712181091,0.02068014070391655,2.2570702640223317e-05
